t,x,y,z,speed_mps,on_road
1.0,221.0589599609375,-1087.028076171875,-0.010318679735064507,1.946,True
2.0,220.93255615234375,-1087.200927734375,-0.005410880781710148,0.032,True
3.0,220.9402618408203,-1087.240966796875,-0.006185187958180904,0.038,True
4.0,220.94667053222656,-1087.28125,-0.006354064680635929,0.034,True
5.0,220.95184326171875,-1087.3223876953125,-0.006254386622458696,0.031,True
6.01,220.95606994628906,-1087.3638916015625,-0.006206321530044079,0.027,True
7.01,220.9590606689453,-1087.40478515625,-0.006254615727812052,0.04,True
8.01,220.961181640625,-1087.4473876953125,-0.006054076831787825,0.024,True
9.01,220.96128845214844,-1087.4912109375,-0.006063499487936497,0.026,True
10.01,220.96080017089844,-1087.5335693359375,-0.006099853198975325,0.041,True
11.01,220.95855712890625,-1087.5794677734375,-0.005962410010397434,0.036,True
12.01,220.95472717285156,-1087.622314453125,-0.005979308858513832,0.027,True
13.01,220.94949340820312,-1087.6678466796875,-0.005739974789321423,0.03,True
14.01,220.9428253173828,-1087.714111328125,-0.005749015603214502,0.034,True
15.01,220.93540954589844,-1087.756103515625,-0.005706252995878458,0.033,True
16.02,220.92669677734375,-1087.7982177734375,-0.005838890094310045,0.031,True
17.02,220.9173126220703,-1087.83837890625,-0.005932769738137722,0.038,True
18.02,220.9066925048828,-1087.8778076171875,-0.005652618128806353,0.035,True
19.02,220.8949737548828,-1087.9183349609375,-0.005462226923555136,0.03,True
20.02,220.88169860839844,-1087.95849609375,-0.005507926922291517,0.033,True
21.02,220.8675079345703,-1087.998291015625,-0.005656089633703232,0.023,True
22.02,220.86715698242188,-1088.04931640625,0.028102530166506767,0.042,True
23.02,220.8486328125,-1088.0858154296875,0.02102024108171463,0.031,True
24.02,220.8308563232422,-1088.12353515625,0.02101142890751362,0.033,True
25.02,220.81231689453125,-1088.16064453125,0.021020468324422836,0.026,True
26.03,220.7928009033203,-1088.197265625,0.0213781725615263,0.039,True
27.03,220.7718048095703,-1088.2337646484375,0.021030578762292862,0.036,True
28.03,220.75054931640625,-1088.2685546875,0.02112003229558468,0.038,True
29.03,220.72824096679688,-1088.3031005859375,0.021079063415527344,0.03,True
30.03,220.70477294921875,-1088.3370361328125,0.021107863634824753,0.029,True
31.04,220.68040466308594,-1088.3699951171875,0.02124408632516861,0.03,True
32.04,220.65396118164062,-1088.4036865234375,0.02131023444235325,0.035,True
33.04,220.62786865234375,-1088.435546875,0.02124805375933647,0.031,True
34.04,220.6005401611328,-1088.4666748046875,0.02132156305015087,0.023,True
35.04,220.57180786132812,-1088.4976806640625,0.02146957442164421,0.036,True
36.04,220.54147338867188,-1088.528076171875,0.021254615858197212,0.031,True
37.04,220.51173400878906,-1088.556640625,0.021296920254826546,0.031,True
38.04,220.48028564453125,-1088.5850830078125,0.021424025297164917,0.03,True
39.04,220.4490966796875,-1088.611572265625,0.02136634849011898,0.019,True
40.05,220.41604614257812,-1088.6380615234375,0.02133994922041893,0.031,True
41.05,220.3832244873047,-1088.6632080078125,0.021407203748822212,0.032,True
42.05,220.34832763671875,-1088.6876220703125,0.021359480917453766,0.031,True
43.05,220.3137664794922,-1088.7109375,0.02140190079808235,0.031,True
44.05,220.27952575683594,-1088.73193359375,0.021404074504971504,0.022,True
45.05,220.2434539794922,-1088.753662109375,0.021424675360322,0.024,True
46.05,220.20706176757812,-1088.7733154296875,0.021460609510540962,0.033,True
47.05,220.170166015625,-1088.7926025390625,0.021480025723576546,0.024,True
48.05,220.13211059570312,-1088.8106689453125,0.02147422730922699,0.027,True
49.05,220.08407592773438,-1088.81787109375,-0.016082992777228355,0.031,True
50.06,220.0452423095703,-1088.8336181640625,-0.01616523787379265,0.025,True
51.06,220.0057373046875,-1088.8485107421875,-0.01653747446835041,0.036,True
52.06,219.96507263183594,-1088.8621826171875,-0.01677783951163292,0.032,True
53.06,219.92434692382812,-1088.8743896484375,-0.01686885766685009,0.031,True
54.06,219.88204956054688,-1088.885498046875,-0.01692451350390911,0.039,True
55.06,219.8384552001953,-1088.8963623046875,-0.017013778910040855,0.027,True
56.06,219.79342651367188,-1088.9049072265625,-0.016878966242074966,0.035,True
57.06,219.74679565429688,-1088.91259765625,-0.016871947795152664,0.036,True
58.06,219.6982421875,-1088.918701171875,-0.016918106004595757,0.031,True
59.06,219.6503448486328,-1088.9222412109375,-0.016681861132383347,0.044,True
60.07,219.60101318359375,-1088.9249267578125,-0.016324425116181374,0.029,True
