idx,road_id,kind,s,x,y,z,gap_to_prev_m
0,1278,road,5.884,219.805,-1081.619,0.0,
1,1278,road,9.806,219.996,-1077.701,0.0,3.92
2,1278,road,13.729,220.187,-1073.783,0.0,3.92
3,1278,road,17.651,220.377,-1069.866,0.0,3.92
4,1278,road,21.574,220.568,-1065.948,0.0,3.92
5,1278,road,25.496,220.759,-1062.03,0.0,3.92
6,1278,road,29.419,220.95,-1058.112,0.0,3.92
7,1278,road,33.341,221.141,-1054.194,0.0,3.92
8,1278,road,37.264,221.332,-1050.276,0.0,3.92
9,1278,road,41.186,221.522,-1046.359,0.0,3.92
10,1278,road,45.108,221.713,-1042.441,0.0,3.92
11,1278,road,49.031,221.902,-1038.826,0.0,3.62
12,1278,road,52.953,222.187,-1034.739,0.0,4.1
13,1278,road,56.876,222.543,-1030.405,0.0,4.35
14,1278,road,60.798,222.895,-1026.761,0.0,3.66
15,1278,road,64.721,223.32,-1022.898,0.0,3.89
16,1278,road,68.643,223.75,-1018.999,0.0,3.92
17,1278,road,72.566,224.18,-1015.101,0.0,3.92
18,1278,road,76.488,224.609,-1011.202,0.0,3.92
19,1278,road,80.411,225.287,-1007.361,0.0,3.9
20,1278,road,84.333,226.735,-1003.831,0.0,3.82
21,1278,road,88.256,228.303,-1000.103,0.0,4.04
22,1278,road,92.178,229.882,-996.398,0.0,4.03
23,1278,road,96.101,231.86,-993.11,0.0,3.84
24,1278,road,100.023,234.769,-990.548,0.0,3.88
25,1278,road,103.946,237.837,-988.104,0.0,3.92
26,1278,road,107.868,240.905,-985.661,0.0,3.92
27,1278,road,111.791,243.974,-983.217,0.0,3.92
28,1278,road,115.713,246.952,-980.845,0.0,3.81
29,1278,road,119.636,249.897,-978.499,0.0,3.77
30,1278,road,123.558,253.31,-975.779,0.0,4.36
31,1278,road,127.48,256.459,-973.27,0.0,4.03
32,1278,road,131.403,259.354,-970.957,0.0,3.71
33,1278,road,135.325,262.139,-968.778,0.0,3.54
34,1278,road,139.248,265.452,-966.203,0.0,4.2
35,1278,road,143.17,268.86,-963.573,0.0,4.3
36,1278,road,147.093,271.727,-961.402,0.0,3.6
37,1278,road,151.015,274.87,-959.056,0.0,3.92
38,1969,conn,1.073,277.433,-957.086,0.0,3.23
39,1969,conn,3.219,278.683,-955.867,0.0,1.75
40,1393,road,1.853,281.079,-953.86,0.0,3.13
41,1393,road,5.558,283.938,-951.53,0.0,3.69
42,1393,road,9.264,286.871,-949.092,0.0,3.81
43,1393,road,12.969,289.818,-947.003,0.0,3.61
44,1393,road,16.674,293.059,-945.218,0.0,3.7
45,1393,road,20.38,296.298,-943.42,0.0,3.7
46,1393,road,24.085,299.538,-941.621,0.0,3.71
47,1393,road,27.791,302.777,-939.822,0.0,3.71
48,1393,road,31.496,306.017,-938.023,0.0,3.71
49,1393,road,35.202,309.256,-936.225,0.0,3.7
50,1972,conn,1.484,311.459,-933.96,0.0,3.16
51,1392,road,1.869,313.554,-931.496,0.0,3.23
52,1392,road,5.607,316.579,-929.3,0.0,3.74
53,1392,road,9.346,319.604,-927.104,0.0,3.74
54,1392,road,13.084,322.629,-924.908,0.0,3.74
55,1392,road,16.822,325.654,-922.712,0.0,3.74
56,1392,road,20.56,328.68,-920.516,0.0,3.74
57,1392,road,24.299,331.705,-918.32,0.0,3.74
58,1392,road,28.037,334.73,-916.124,0.0,3.74
59,1392,road,31.775,337.755,-913.928,0.0,3.74
60,1392,road,35.513,340.781,-911.732,0.0,3.74
61,1392,road,39.252,343.806,-909.536,0.0,3.74
62,1392,road,42.99,346.597,-907.515,0.0,3.45
63,1392,road,46.728,349.923,-905.116,0.0,4.1
64,1392,road,50.466,353.123,-902.809,0.0,3.94
65,1392,road,54.205,355.927,-900.78,0.0,3.46
66,1484,conn,1.738,358.773,-898.557,0.0,3.61
67,1484,conn,5.214,360.527,-895.932,0.0,3.16
68,1484,conn,8.691,361.073,-892.82,0.0,3.16
69,1484,conn,12.167,360.41,-889.22,0.0,3.66
70,1202,road,1.984,358.8,-885.432,0.0,4.12
71,1202,road,5.953,357.283,-882.116,0.0,3.65
72,1202,road,9.921,355.466,-878.145,0.0,4.37
73,1202,road,13.89,353.712,-874.313,0.0,4.21
74,1202,road,17.858,352.295,-871.216,0.0,3.41
75,1202,road,21.827,350.533,-867.367,0.0,4.23
76,1202,road,25.796,348.805,-863.591,0.0,4.15
77,1202,road,29.764,347.377,-860.476,0.0,3.43
78,1202,road,33.733,345.596,-856.591,0.0,4.27
79,1202,road,37.701,343.79,-852.657,0.0,4.33
80,1202,road,41.67,342.271,-849.353,0.0,3.64
81,1202,road,45.638,340.612,-845.748,0.0,3.97
82,1202,road,49.607,338.954,-842.143,0.0,3.97
83,1202,road,53.575,337.295,-838.537,0.0,3.97
84,1202,road,57.544,335.636,-834.932,0.0,3.97
85,1202,road,61.513,333.977,-831.327,0.0,3.97
86,1202,road,65.481,332.318,-827.722,0.0,3.97
87,1202,road,69.45,330.66,-824.116,0.0,3.97
88,1202,road,73.418,329.001,-820.511,0.0,3.97
89,1202,road,77.387,327.342,-816.906,0.0,3.97
90,1202,road,81.355,325.683,-813.301,0.0,3.97
91,1202,road,85.324,324.024,-809.695,0.0,3.97
92,1202,road,89.292,322.365,-806.09,0.0,3.97
93,1202,road,93.261,320.707,-802.485,0.0,3.97
94,1202,road,97.23,319.048,-798.88,0.0,3.97
95,1202,road,101.198,317.389,-795.274,0.0,3.97
96,1202,road,105.167,315.73,-791.669,0.0,3.97
97,1202,road,109.135,314.071,-788.064,0.0,3.97
98,1202,road,113.104,312.413,-784.459,0.0,3.97
99,1202,road,117.072,310.754,-780.853,0.0,3.97
100,1466,conn,1.78,309.478,-777.723,0.0,3.38
101,1466,conn,5.34,309.472,-774.861,0.0,2.86
102,1466,conn,8.901,310.652,-771.722,0.0,3.35
103,1466,conn,12.461,313.016,-768.306,0.0,4.15
104,1271,road,1.967,316.006,-765.076,0.0,4.4
105,1271,road,5.901,318.732,-762.24,0.0,3.93
106,1271,road,9.835,321.458,-759.404,0.0,3.93
107,1271,road,13.769,324.185,-756.568,0.0,3.93
108,1271,road,17.704,326.911,-753.731,0.0,3.93
109,1271,road,21.638,329.637,-750.895,0.0,3.93
110,1271,road,25.572,332.364,-748.059,0.0,3.93
111,1271,road,29.506,335.09,-745.222,0.0,3.93
112,1271,road,33.44,337.816,-742.386,0.0,3.93
113,1271,road,37.374,340.543,-739.55,0.0,3.93
114,1271,road,41.308,343.058,-736.971,0.0,3.6
115,1271,road,45.242,346.068,-734.012,0.0,4.22
116,1271,road,49.177,349.183,-731.037,0.0,4.31
117,1271,road,53.111,351.838,-728.598,0.0,3.61
118,1271,road,57.045,354.766,-725.97,0.0,3.93
119,1271,road,60.979,357.694,-723.342,0.0,3.93
120,1271,road,64.913,360.622,-720.715,0.0,3.93
121,1271,road,68.847,363.55,-718.087,0.0,3.93
122,1271,road,72.781,366.478,-715.459,0.0,3.93
123,1271,road,76.716,369.406,-712.832,0.0,3.93
124,1271,road,80.65,372.334,-710.204,0.0,3.93
125,1271,road,84.584,375.261,-707.576,0.0,3.93
126,1271,road,88.518,378.189,-704.949,0.0,3.93
127,1271,road,92.452,381.117,-702.321,0.0,3.93
128,1271,road,96.386,384.045,-699.693,0.0,3.93
129,1271,road,100.32,386.973,-697.065,0.0,3.93
130,1271,road,104.254,389.901,-694.438,0.0,3.93
131,1271,road,108.189,392.829,-691.81,0.0,3.93
132,1271,road,112.123,395.757,-689.182,0.0,3.93
133,1271,road,116.057,398.685,-686.555,0.0,3.93
134,1271,road,119.991,401.43,-684.044,0.0,3.72
135,1271,road,123.925,404.08,-681.006,0.0,4.03
136,1271,road,127.859,406.826,-677.655,0.0,4.33
137,1271,road,131.793,409.307,-674.979,0.0,3.65
138,1271,road,135.727,412.102,-672.211,0.0,3.93
139,1271,road,139.662,414.897,-669.442,0.0,3.93
140,1271,road,143.596,417.692,-666.673,0.0,3.93
141,1271,road,147.53,420.487,-663.905,0.0,3.93
142,1734,conn,1.89,423.671,-660.758,0.0,4.48
143,1734,conn,5.67,426.238,-658.227,0.0,3.6
144,1734,conn,9.451,428.248,-656.143,0.0,2.9
145,1734,conn,13.231,430.64,-653.451,0.0,3.6
146,1270,road,1.947,433.538,-650.065,0.0,4.46
147,1270,road,5.842,436.065,-647.101,0.0,3.9
148,1270,road,9.737,438.592,-644.137,0.0,3.9
149,1270,road,13.631,441.119,-641.174,0.0,3.89
150,1270,road,17.526,443.646,-638.21,0.0,3.89
151,1270,road,21.421,446.173,-635.247,0.0,3.89
152,1270,road,25.316,448.603,-632.642,0.0,3.56
153,1270,road,29.21,451.747,-629.765,0.0,4.26
154,1270,road,33.105,454.996,-627.119,0.0,4.19
155,1270,road,37.0,457.935,-625.109,0.0,3.56
156,1270,road,40.894,461.216,-623.011,0.0,3.89
157,1270,road,44.789,464.497,-620.913,0.0,3.89
158,1270,road,48.684,467.779,-618.815,0.0,3.9
159,1464,conn,1.743,471.421,-616.497,0.0,4.32
160,1464,conn,5.23,474.486,-614.631,0.0,3.59
161,1464,conn,8.717,476.893,-613.291,0.0,2.75
162,1464,conn,12.204,479.349,-612.038,0.0,2.76
163,1464,conn,15.691,482.564,-610.433,0.0,3.59
164,1269,road,1.909,486.377,-608.491,0.0,4.28
165,1269,road,5.726,489.776,-606.753,0.0,3.82
166,1269,road,9.543,493.174,-605.015,0.0,3.82
167,1269,road,13.36,496.573,-603.277,0.0,3.82
168,1269,road,17.178,499.972,-601.539,0.0,3.82
169,1269,road,20.995,503.37,-599.801,0.0,3.82
170,1269,road,24.812,506.769,-598.063,0.0,3.82
171,1269,road,28.629,510.167,-596.325,0.0,3.82
172,1269,road,32.446,513.566,-594.587,0.0,3.82
173,1601,conn,1.926,517.543,-592.553,0.0,4.47
174,1601,conn,5.779,520.813,-590.881,0.0,3.67
175,1601,conn,9.632,523.439,-589.538,0.0,2.95
176,1601,conn,13.485,526.709,-587.866,0.0,3.67
177,1268,road,1.958,530.73,-585.81,0.0,4.52
178,1268,road,5.875,534.218,-584.027,0.0,3.92
179,1268,road,9.792,537.705,-582.245,0.0,3.92
180,1268,road,13.708,541.192,-580.462,0.0,3.92
181,1268,road,17.625,544.388,-578.828,0.0,3.59
182,1268,road,21.542,548.107,-576.926,0.0,4.18
183,1268,road,25.458,551.941,-574.965,0.0,4.31
184,1268,road,29.375,555.141,-573.328,0.0,3.59
185,1268,road,33.292,558.628,-571.545,0.0,3.92
186,1268,road,37.208,562.115,-569.761,0.0,3.92
187,1268,road,41.125,565.602,-567.977,0.0,3.92
188,1268,road,45.042,569.089,-566.193,0.0,3.92
