road,junction,length,out_pts,n_pts,max_from_center,jbox,overlaps_junctions,on_route
1612,43,76.1,0,77,25.2,16.0x18.8,44 59,
1613,43,76.1,0,77,22.0,16.0x18.8,44,
1751,68,40.6,0,41,17.6,18.9x18.4,67,
1750,68,37.9,0,38,20.6,18.9x18.4,67,
1756,68,37.9,0,38,21.0,18.9x18.4,67,
1749,68,32.9,0,33,17.6,18.9x18.4,67,
1760,68,32.9,0,33,18.3,18.9x18.4,67,
1752,68,27.9,0,28,17.9,18.9x18.4,67,
1814,82,25.7,0,26,12.8,14.0x11.4,95,
1821,82,25.7,0,26,13.6,14.0x11.4,95,
1822,82,25.5,0,26,13.6,14.0x11.4,95,
1478,20,22.5,0,23,10.7,10.9x8.5,11,
1810,82,21.9,0,22,14.4,14.0x11.4,95,
1818,82,21.9,0,22,12.6,14.0x11.4,95,
1815,82,19.9,0,20,12.3,14.0x11.4,95,
1817,82,19.9,0,20,11.6,14.0x11.4,95,
1423,84,19.1,0,20,9.1,10.0x10.6,94,
1424,84,17.9,0,18,9.3,10.0x10.6,94,
1426,84,17.4,0,18,9.8,10.0x10.6,94,legacy south
1922,95,16.2,0,17,8.4,9.3x9.0,82,
1929,95,16.2,0,17,8.4,9.3x9.0,82,
1413,105,16.0,0,16,8.1,9.3x8.3,93,
1419,105,16.0,0,16,8.2,9.3x8.3,93,
1403,93,15.6,0,16,7.8,9.1x8.8,105,
1410,93,15.6,0,16,8.2,9.1x8.8,105,
1503,23,15.6,0,16,8.2,9.3x8.6,12,
1509,23,15.6,0,16,7.7,9.3x8.6,12,
1590,44,15.4,0,16,8.1,9.0x8.8,43 59,
1591,44,15.4,0,16,7.8,9.0x8.8,43,north
1683,59,15.3,0,16,8.0,9.0x8.9,43,
1689,59,15.3,0,16,8.1,9.0x8.9,43 44,north
1784,77,15.3,0,16,7.8,9.0x8.3,76,
1789,77,15.3,0,16,7.8,9.0x8.3,76,
1394,22,14.7,0,15,7.4,8.9x9.0,24,
1395,22,14.7,0,15,8.1,8.9x9.0,24,
1385,12,14.0,0,15,7.9,7.9x9.3,23,
1391,12,14.0,0,15,8.1,7.9x9.3,23,
1741,67,13.8,0,14,7.9,8.4x7.6,68,
1743,67,13.8,0,14,6.7,8.4x7.6,68,
1513,24,13.7,0,14,7.6,9.0x7.7,22,
1514,24,13.7,0,14,6.7,9.0x7.7,22,
1763,69,13.7,0,14,7.2,8.2x8.7,70,
1769,69,13.7,0,14,6.9,8.2x8.7,70,
1393,22,13.6,0,14,8.6,8.9x9.0,24,
1398,22,13.6,0,14,7.8,8.9x9.0,24,
1586,44,13.3,0,14,8.0,9.0x8.8,43,
1592,44,13.3,0,14,8.1,9.0x8.8,43,middle
1926,95,13.3,0,14,8.2,9.3x9.0,82,
1508,23,13.0,0,13,8.7,9.3x8.6,12,
1587,44,13.0,0,13,8.0,9.0x8.8,43,
1589,44,13.0,0,13,8.1,9.0x8.8,43 59,
1900,70,13.0,0,13,7.0,8.0x8.3,69,
1901,70,13.0,0,13,7.3,8.0x8.3,69,
1919,95,13.0,0,14,8.0,9.3x9.0,82,
1925,95,13.0,0,14,8.0,9.3x9.0,82,
1510,24,12.9,0,13,8.5,9.0x7.7,22,
1515,24,12.9,0,13,6.4,9.0x7.7,22,
1923,95,12.9,0,13,8.1,9.3x9.0,82,
1924,95,12.9,0,13,8.0,9.3x9.0,82,
1686,59,12.8,0,13,7.8,9.0x8.9,43,
1688,59,12.8,0,13,8.1,9.0x8.9,43 44,
1744,67,12.8,0,13,6.7,8.4x7.6,68,
1745,67,12.8,0,13,6.4,8.4x7.6,68,
1408,93,12.7,0,13,7.7,9.1x8.8,105,
1409,93,12.7,0,13,8.2,9.1x8.8,105,
1404,93,12.6,0,13,7.8,9.1x8.8,105,
1406,93,12.6,0,13,7.7,9.1x8.8,105,
1535,29,12.6,0,13,7.6,9.0x8.7,31,
1482,20,12.5,0,13,10.1,10.9x8.5,11,
1484,20,12.5,0,13,9.9,10.9x8.5,11,
1534,29,12.5,0,13,7.5,9.0x8.7,31,
1764,69,12.5,0,13,7.2,8.2x8.7,70,
1867,76,12.5,0,13,7.0,7.3x8.7,77,
1869,76,12.5,0,13,6.5,7.3x8.7,77,
1899,70,11.5,0,12,6.9,8.0x8.3,69,
1904,70,11.5,0,12,7.6,8.0x8.3,69,
1386,12,11.2,0,12,8.5,7.9x9.3,23,
1387,12,11.2,0,12,8.9,7.9x9.3,23,
1383,12,11.1,0,12,8.4,7.9x9.3,23,
1384,12,11.1,0,12,8.6,7.9x9.3,23,
1766,69,11.1,0,12,7.3,8.2x8.7,70,
1768,69,11.1,0,12,7.5,8.2x8.7,70,
1920,95,10.9,0,11,7.1,9.3x9.0,82,
1921,95,10.9,0,11,8.1,9.3x9.0,82,
1918,95,10.4,0,11,8.1,9.3x9.0,82,
1930,95,10.4,0,11,8.4,9.3x9.0,82,
1865,76,10.2,0,11,6.1,7.3x8.7,77,
1866,76,10.2,0,11,7.0,7.3x8.7,77,
1819,82,10.1,0,11,13.5,14.0x11.4,95,
1820,82,10.1,0,11,13.6,14.0x11.4,95,
1405,93,9.9,0,10,8.6,9.1x8.8,105,
1412,93,9.9,0,10,8.9,9.1x8.8,105,
1415,105,9.9,0,10,8.9,9.3x8.3,93,
1420,105,9.9,0,10,9.0,9.3x8.3,93,
1588,44,9.9,0,10,8.8,9.0x8.8,43,
1790,77,9.9,0,10,8.6,9.0x8.3,76,
1863,94,9.9,0,10,3.2,3.0x4.2,84,
1871,76,9.9,0,10,7.2,7.3x8.7,77,
1872,96,9.9,0,10,2.9,3.9x3.3,79,
1927,95,9.9,0,10,8.7,9.3x9.0,82,
1400,93,9.8,0,10,6.9,9.1x8.8,105,
1407,93,9.8,0,10,7.7,9.1x8.8,105,
1417,105,9.2,0,10,8.1,9.3x8.3,93,
1418,105,9.2,0,10,8.2,9.3x8.3,93,
1864,76,8.9,0,9,6.3,7.3x8.7,77,
1870,76,8.9,0,9,6.5,7.3x8.7,77,
1785,77,8.8,0,9,7.8,9.0x8.3,76,
1786,77,8.8,0,9,7.1,9.0x8.3,76,
1414,105,8.7,0,9,8.1,9.3x8.3,93,
1416,105,8.7,0,9,7.3,9.3x8.3,93,
1787,77,8.7,0,9,7.1,9.0x8.3,76,
1788,77,8.7,0,9,7.8,9.0x8.3,76,
1399,93,8.6,0,9,7.7,9.1x8.8,105,
1411,93,8.6,0,9,8.2,9.1x8.8,105,
1401,93,8.4,0,9,7.2,9.1x8.8,105,
1402,93,8.4,0,9,7.8,9.1x8.8,105,
1533,31,8.0,0,8,3.8,6.1x5.1,29,
1485,20,7.7,0,8,9.4,10.9x8.5,11,
