road,junction,length,turn_chain,turn_end,turn_nb,avgR,R2min,R2min_s
1170,-1,152.98,50.5,50.5,,173.65,10.23,57.5
1171,-1,96.1,-0.9,-0.9,,6117.41,460.72,45.0
1172,-1,2.52,0.0,0.0,,1000000.0,1000000.0,1.0
1173,-1,100.8,-47.2,-47.2,,122.39,10.55,7.0
1174,-1,52.96,-57.9,-57.9,,52.4,10.28,13.5
1175,-1,10.46,1.8,1.8,,333.77,59.15,3.5
1176,-1,58.93,0.0,0.0,,1000000.0,1000000.0,1.0
1177,-1,60.04,3.9,3.9,,871.76,31.82,12.0
1178,-1,20.31,0.0,0.0,,1000000.0,1000000.0,1.0
1179,-1,32.18,-5.7,-5.7,,321.49,84.64,29.0
1180,-1,63.07,4.9,4.9,,739.47,13.38,52.0
1181,-1,81.12,-10.5,-10.5,,441.24,29.2,61.5
1182,-1,143.24,-13.0,-13.0,,632.38,19.99,7.0
1183,-1,88.1,-86.5,-86.5,,58.39,9.52,25.5
1184,-1,20.14,0.0,0.0,,1000000.0,1000000.0,1.0
1185,-1,73.9,-88.5,-88.5,,47.82,5.29,63.0
1186,-1,12.99,0.0,0.0,,1000000.0,1000000.0,1.0
1187,-1,57.85,0.5,0.5,,1000000.0,1.29,20.0
1188,-1,3.06,0.0,0.0,,1000000.0,1000000.0,1.0
1189,-1,82.6,-88.6,-88.6,,53.4,1.3,13.5
1190,-1,86.73,88.6,88.6,,56.1,5.2,41.5
1191,-1,41.83,2.0,2.0,,1169.98,233.95,6.5
1192,-1,31.7,27.7,27.7,,65.48,17.63,30.5
1193,-1,0.2,0.0,0.0,,1000000.0,1000000.0,0.1
1194,-1,81.44,179.4,179.4,,26.0,1.21,38.0
1195,-1,63.59,0.0,0.0,,1000000.0,1000000.0,1.0
1196,-1,140.78,84.1,84.1,,95.86,1.21,130.0
1197,-1,110.55,1.8,1.8,,3526.2,54.48,66.5
1198,-1,86.19,-165.1,-165.1,,29.9,1.25,35.0
1199,-1,2.25,0.0,0.0,,1000000.0,1000000.0,1.0
1200,-1,59.77,-3.7,-3.7,,936.26,57.83,58.5
1201,-1,43.89,-57.7,-57.7,,43.56,9.7,40.0
1202,-1,138.04,-0.0,-0.0,,1000000.0,503.28,94.0
1203,-1,160.59,-0.9,-0.9,,10227.19,567.68,83.0
1204,-1,82.73,-1.0,-1.0,,4832.24,496.87,63.5
1205,-1,152.05,8.8,8.8,,993.91,8.56,140.0
1206,-1,6.74,0.3,0.3,,1000000.0,385.88,5.5
1207,-1,31.81,-6.3,-6.3,,287.95,75.56,10.0
1208,-1,73.49,-1.0,-1.0,,4223.57,130.94,27.0
1209,-1,194.61,-153.7,-153.7,,72.55,1.74,116.5
1210,-1,61.83,-174.8,-174.8,,20.27,1.32,23.0
1211,-1,15.03,-83.4,-83.4,,10.33,1.29,5.5
1212,-1,46.86,-17.3,-17.3,,155.12,21.08,35.0
1213,-1,41.81,31.5,31.5,,76.15,14.92,40.5
1214,-1,58.03,-20.5,-20.5,,162.49,14.29,57.0
1215,-1,119.98,-40.4,-40.4,,170.14,12.21,83.0
1216,-1,14.36,0.0,0.0,,1000000.0,1000000.0,1.0
1217,-1,33.83,61.1,61.1,,31.74,10.01,12.0
1218,-1,12.29,0.0,0.0,,1000000.0,1000000.0,1.0
1219,-1,37.81,-86.7,-86.7,,24.99,5.45,18.5
1220,-1,162.16,-80.6,-80.6,,115.22,3.58,117.0
1221,-1,124.68,91.8,91.8,,77.82,3.75,101.5
1222,-1,14.58,0.2,0.2,,1000000.0,808.73,2.0
1223,-1,119.06,0.1,0.1,,1000000.0,3492.15,40.0
1224,-1,109.9,-1.9,-1.9,,3389.42,184.52,78.0
1225,-1,17.26,0.0,0.0,,1000000.0,1000000.0,1.0
1226,-1,73.39,0.5,0.5,,7673.83,15.72,58.0
1227,-1,137.84,179.3,179.3,,44.04,2.65,1.5
1228,-1,108.01,-2.0,-2.0,,3111.81,6.36,38.0
1229,-1,294.89,-90.7,-90.7,,186.36,1.27,146.0
1230,-1,140.04,-1.0,-1.0,,7965.68,2.04,40.0
1231,-1,44.73,-11.6,-11.6,,221.38,9.56,26.5
1232,-1,0.2,0.0,0.0,,1000000.0,1000000.0,0.1
1233,-1,73.47,0.0,0.0,,1000000.0,1000000.0,1.0
1234,-1,0.2,0.0,0.0,,1000000.0,1000000.0,0.1
1235,-1,75.94,86.9,86.9,,50.06,5.42,60.5
1236,-1,52.06,-48.4,-48.4,,61.57,9.51,6.0
1237,-1,82.99,-0.0,-0.0,,1000000.0,9665.22,50.0
1238,-1,70.59,-2.9,-2.9,,1373.02,42.95,17.0
1239,-1,62.56,-76.7,-76.7,,46.75,7.77,61.0
1240,-1,0.2,0.0,0.0,,1000000.0,1000000.0,0.1
1241,-1,87.52,-68.9,-68.9,,72.8,1.32,12.5
1242,-1,84.4,-91.2,-91.2,,53.01,4.86,57.0
1243,-1,199.37,-36.4,-36.4,,313.59,9.78,183.5
1244,-1,42.85,71.4,71.4,,34.39,7.91,1.0
1245,-1,77.86,-0.6,-0.6,,7513.12,879.17,63.0
1246,-1,53.82,108.8,108.8,,28.34,5.68,6.5
1247,-1,13.38,-1.1,-1.1,,711.65,173.59,1.0
1248,-1,111.18,7.6,7.6,,833.47,21.29,13.0
1249,-1,97.99,-15.7,-15.7,,358.34,20.02,96.5
1250,-1,67.82,45.6,45.6,,85.24,11.06,55.5
1251,-1,67.61,0.0,0.0,,1000000.0,1000000.0,1.0
1252,-1,29.71,-42.9,-42.9,,39.68,8.17,28.5
1253,-1,51.61,-7.4,-7.4,,397.66,14.16,18.0
1254,-1,45.94,13.6,13.6,,193.46,35.53,20.5
1255,-1,105.74,0.0,0.0,,1000000.0,1000000.0,1.0
1256,-1,82.69,0.0,0.0,,1000000.0,1000000.0,1.0
1257,-1,136.33,-0.4,-0.4,,1000000.0,832.07,1.0
1258,-1,183.58,-9.0,-9.0,,1169.58,57.18,7.0
1259,-1,52.24,-0.0,-0.0,,1000000.0,33676.56,49.0
1260,-1,49.49,-93.0,-93.0,,30.5,2.48,28.5
1261,-1,16.11,0.0,0.0,,1000000.0,1000000.0,1.0
1262,-1,128.6,-84.4,-84.4,,87.33,5.77,48.5
1263,-1,50.83,-84.5,-84.5,,34.45,9.47,35.5
1264,-1,58.0,89.1,89.1,,37.32,5.14,16.0
1265,-1,34.68,2.2,2.2,,904.08,231.15,13.0
1266,-1,5.01,0.0,0.0,,1000000.0,1000000.0,1.0
1267,-1,91.93,38.8,38.8,,135.84,13.45,54.5
1268,-1,89.82,-72.6,-72.6,,70.92,2.63,17.0
1269,-1,0.2,0.0,0.0,,1000000.0,1000000.0,0.1
1270,-1,298.87,-1.1,-1.1,,15002.81,7.09,66.0
1271,-1,80.28,-20.9,-20.9,,220.18,11.74,67.5
1272,-1,24.7,1.4,1.4,,1027.48,361.98,21.5
1273,-1,52.45,0.0,0.0,,1000000.0,26678.05,16.5
1274,-1,137.35,1.2,1.2,,6472.86,94.86,53.5
1275,-1,28.03,-2.2,-2.2,,715.81,57.61,1.0
1276,-1,39.2,17.1,17.1,,131.44,10.19,29.5
1277,-1,19.18,4.6,4.6,,240.05,62.08,18.0
1278,-1,56.07,0.2,0.2,,1000000.0,223.38,4.5
1279,-1,140.78,-84.1,-84.1,,95.86,1.24,10.5
1280,-1,7.34,0.0,0.0,,1000000.0,1000000.0,1.0
1281,-1,3.2,0.0,0.0,,1000000.0,1000000.0,1.0
1282,-1,0.2,0.0,0.0,,1000000.0,1000000.0,0.1
1283,-1,11.33,0.0,0.0,,1000000.0,1000000.0,1.0
1284,-1,54.92,-38.7,-38.7,,81.35,8.15,1.0
1285,-1,37.81,0.0,0.0,,1000000.0,1000000.0,1.0
1286,-1,0.2,0.0,0.0,,1000000.0,1000000.0,0.1
1287,-1,106.15,1.9,1.9,,3242.36,82.25,90.5
1288,-1,34.4,1.8,1.8,,1109.31,11.18,18.0
1289,-1,23.05,-0.0,-0.0,,1000000.0,24186.38,22.0
1290,-1,41.85,24.5,24.5,,97.96,13.52,11.0
1291,-1,130.52,2.9,2.9,,2591.47,46.72,108.0
1292,-1,34.36,0.0,0.0,,1000000.0,1000000.0,1.0
1293,-1,50.63,-17.0,-17.0,,171.11,28.28,23.0
1294,-1,149.5,-1.4,-1.4,,6102.57,20.88,120.0
1295,-1,60.05,0.0,0.0,,1000000.0,59132.85,48.0
1296,-1,81.7,0.4,0.4,,1000000.0,187.86,1.5
1297,-1,4.03,0.0,0.0,,1000000.0,1000000.0,1.0
1298,-1,15.07,0.0,0.0,,1000000.0,1000000.0,1.0
1299,-1,37.75,-0.0,-0.0,,1000000.0,12093.19,15.5
1300,-1,40.91,26.6,26.6,,88.14,9.97,5.5
1301,-1,152.98,-50.5,-50.5,,173.65,10.28,95.5
1302,-1,96.1,0.9,0.9,,6117.44,445.64,51.0
1303,-1,2.52,0.0,0.0,,1000000.0,1000000.0,1.0
1304,-1,100.8,47.2,47.2,,122.39,10.81,94.0
1305,-1,52.96,57.9,57.9,,52.4,10.19,39.5
1306,-1,10.46,-1.8,-1.8,,332.04,59.18,7.0
1307,-1,58.93,0.0,0.0,,1000000.0,1000000.0,1.0
1308,-1,60.04,-3.9,-3.9,,871.76,32.17,48.0
1309,-1,20.31,0.0,0.0,,1000000.0,1000000.0,1.0
1310,-1,32.18,5.7,5.7,,321.49,87.0,15.0
1311,-1,63.07,-4.9,-4.9,,739.46,13.49,11.5
1312,-1,81.12,10.5,10.5,,441.24,26.94,20.0
1313,-1,143.24,13.0,13.0,,632.38,19.32,122.5
1314,-1,88.1,86.5,86.5,,58.39,9.18,62.5
1315,-1,20.14,0.0,0.0,,1000000.0,1000000.0,1.0
1316,-1,73.9,88.5,88.5,,47.82,5.3,10.5
1317,-1,12.99,0.0,0.0,,1000000.0,1000000.0,1.0
1318,-1,37.74,-89.2,-89.2,,24.25,1.54,36.5
1319,-1,3.06,0.0,0.0,,1000000.0,1000000.0,1.0
1320,-1,82.6,88.6,88.6,,53.4,1.33,69.5
1321,-1,86.73,-88.6,-88.6,,56.1,5.2,45.0
1322,-1,41.83,-2.0,-2.0,,1169.98,239.73,23.5
1323,-1,31.7,-27.7,-27.7,,65.48,18.71,1.0
1324,-1,0.2,0.0,0.0,,1000000.0,1000000.0,0.1
1325,-1,81.44,-179.4,-179.4,,26.0,1.2,43.5
1326,-1,63.59,0.0,0.0,,1000000.0,1000000.0,1.0
1327,-1,110.55,-1.8,-1.8,,3526.2,55.0,44.0
1328,-1,86.19,165.1,165.1,,29.9,1.29,51.0
1329,-1,2.25,0.0,0.0,,1000000.0,1000000.0,1.0
1330,-1,59.77,3.7,3.7,,936.26,58.27,1.0
1331,-1,53.82,-108.8,-108.8,,28.34,5.66,47.5
1332,-1,43.89,57.7,57.7,,43.56,9.71,4.0
1333,-1,138.04,0.0,0.0,,1000000.0,501.05,44.5
1334,-1,160.59,0.9,0.9,,10227.23,547.36,77.5
1335,-1,82.73,1.0,1.0,,4832.22,525.76,19.0
1336,-1,157.69,-116.6,-116.6,,77.49,3.65,117.0
1337,-1,152.05,-8.8,-8.8,,993.9,8.86,12.0
1338,-1,6.74,-0.3,-0.3,,1000000.0,383.39,1.0
1339,-1,31.81,6.3,6.3,,287.95,77.42,10.0
1340,-1,73.49,1.0,1.0,,4223.55,130.83,60.0
1341,-1,15.03,83.4,83.4,,10.33,1.29,9.5
1342,-1,194.61,153.7,153.7,,72.55,1.74,76.5
1343,-1,61.83,174.8,174.8,,20.27,1.34,38.5
1344,-1,47.13,26.2,26.2,,103.06,9.0,1.0
1345,-1,41.81,-31.5,-31.5,,76.15,14.9,1.0
1346,-1,58.03,20.5,20.5,,162.49,14.43,1.0
1347,-1,119.98,40.4,40.4,,170.14,12.18,37.0
1348,-1,14.36,0.0,0.0,,1000000.0,1000000.0,1.0
1349,-1,157.69,116.6,116.6,,77.49,3.64,40.5
1350,-1,33.83,-61.1,-61.1,,31.74,10.13,29.0
1351,-1,12.29,0.0,0.0,,1000000.0,1000000.0,1.0
1352,-1,37.81,86.7,86.7,,24.99,5.45,19.5
1353,-1,162.16,80.6,80.6,,115.22,3.61,45.0
1354,-1,124.68,-91.8,-91.8,,77.82,3.94,23.0
1355,-1,14.58,-0.2,-0.2,,1000000.0,840.55,12.5
1356,-1,119.06,-0.1,-0.1,,1000000.0,3557.5,79.0
1357,-1,109.9,1.9,1.9,,3389.41,186.96,32.0
1358,-1,17.26,0.0,0.0,,1000000.0,1000000.0,1.0
1359,-1,73.39,-0.5,-0.5,,7673.94,14.95,24.5
1360,-1,137.84,-179.3,-179.3,,44.04,2.65,136.5
1361,-1,294.89,90.7,90.7,,186.36,1.27,147.5
1362,-1,108.01,2.0,2.0,,3111.81,6.36,70.0
1363,-1,139.83,1.0,1.0,,7953.48,2.13,99.5
1364,-1,44.73,11.6,11.6,,221.38,9.95,18.0
1365,-1,0.2,0.0,0.0,,1000000.0,1000000.0,0.1
1366,-1,73.47,0.0,0.0,,1000000.0,1000000.0,1.0
1367,-1,0.2,0.0,0.0,,1000000.0,1000000.0,0.1
1368,-1,75.94,-86.9,-86.9,,50.06,5.41,15.5
1369,-1,52.06,48.4,48.4,,61.58,9.56,46.0
1370,-1,82.99,0.0,0.0,,1000000.0,9665.22,33.0
1371,-1,70.59,2.9,2.9,,1373.02,43.99,53.5
1372,-1,62.56,76.7,76.7,,46.75,7.36,1.5
1373,-1,0.2,0.0,0.0,,1000000.0,1000000.0,0.1
1374,-1,87.29,68.9,68.9,,72.6,1.45,64.5
1375,-1,84.4,91.2,91.2,,53.01,4.86,27.5
1376,-1,199.37,36.4,36.4,,313.59,9.79,15.5
1377,-1,42.55,-61.1,-61.1,,39.87,7.75,40.0
1378,-1,77.86,0.6,0.6,,7518.24,831.98,15.0
1379,-1,111.18,-7.6,-7.6,,833.47,20.55,98.0
1380,-1,97.99,15.7,15.7,,358.34,18.03,1.0
1381,-1,13.38,1.1,1.1,,715.85,188.03,12.0
1382,-1,67.82,-45.6,-45.6,,85.24,11.3,12.5
1383,-1,67.61,0.0,0.0,,1000000.0,1000000.0,1.0
1384,-1,29.71,42.9,42.9,,39.68,8.66,1.0
1385,-1,51.61,7.4,7.4,,397.66,13.98,33.5
1386,-1,45.94,-13.6,-13.6,,193.46,35.19,25.5
1387,-1,105.74,0.0,0.0,,1000000.0,1000000.0,1.0
1388,-1,82.69,0.0,0.0,,1000000.0,1000000.0,1.0
1389,-1,136.33,0.4,0.4,,1000000.0,836.38,135.0
1390,-1,237.68,82.3,82.3,,165.56,2.09,12.0
1391,-1,80.28,20.9,20.9,,220.18,11.36,12.5
1392,-1,240.61,-57.1,-57.1,,241.49,3.71,225.0
1393,-1,183.58,9.0,9.0,,1169.58,58.91,176.5
1394,-1,52.24,0.0,0.0,,1000000.0,31922.94,15.0
1395,-1,49.49,93.0,93.0,,30.5,2.48,21.0
1396,-1,16.11,0.0,0.0,,1000000.0,1000000.0,1.0
1397,-1,128.6,84.4,84.4,,87.33,5.77,80.0
1398,-1,50.83,84.5,84.5,,34.45,9.7,15.5
1399,-1,58.0,-89.1,-89.1,,37.32,5.14,42.0
1400,-1,34.68,-2.2,-2.2,,904.08,224.58,10.0
1401,-1,5.01,0.0,0.0,,1000000.0,1000000.0,1.0
1402,-1,5.59,0.0,0.0,,1000000.0,1000000.0,1.0
1403,-1,59.86,0.0,0.0,,1000000.0,1000000.0,1.0
1404,-1,91.93,-38.8,-38.8,,135.84,13.45,37.5
1405,-1,89.77,72.6,72.6,,70.88,3.12,73.0
1406,-1,0.2,0.0,0.0,,1000000.0,1000000.0,0.1
1407,-1,298.87,1.1,1.1,,15002.91,7.09,232.5
1408,-1,137.35,-1.2,-1.2,,6472.53,99.44,84.0
1409,-1,24.7,-1.4,-1.4,,1027.48,348.84,15.0
1410,-1,52.45,-0.0,-0.0,,1000000.0,26917.11,36.0
1411,-1,28.03,2.1,2.1,,781.88,62.91,27.0
1412,-1,39.2,-17.1,-17.1,,131.44,9.34,9.5
1413,-1,19.18,-4.6,-4.6,,240.02,65.67,1.0
1414,-1,15.87,-26.2,-26.2,,34.67,9.15,14.5
1415,-1,17.87,-89.0,-89.0,,11.51,3.22,16.5
1416,-1,56.07,-0.2,-0.2,,1000000.0,255.78,51.5
1417,-1,37.05,-10.1,-10.1,,209.6,13.11,12.0
1418,-1,7.34,0.0,0.0,,1000000.0,1000000.0,1.0
1419,-1,3.2,0.0,0.0,,1000000.0,1000000.0,1.0
1420,-1,0.2,0.0,0.0,,1000000.0,1000000.0,0.1
1421,-1,11.33,0.0,0.0,,1000000.0,1000000.0,1.0
1422,-1,54.92,38.7,38.7,,81.35,9.08,53.5
1423,-1,37.81,0.0,0.0,,1000000.0,1000000.0,1.0
1424,-1,0.2,0.0,0.0,,1000000.0,1000000.0,0.1
1425,-1,106.15,-1.9,-1.9,,3242.34,82.17,15.5
1426,-1,34.4,-1.8,-1.8,,1109.31,11.16,16.5
1427,-1,23.05,0.0,0.0,,1000000.0,24590.07,1.0
1428,-1,41.85,-24.5,-24.5,,97.96,13.29,30.5
1429,-1,130.52,-2.9,-2.9,,2591.47,46.99,22.5
1430,-1,34.36,0.0,0.0,,1000000.0,1000000.0,1.0
1431,-1,50.63,17.0,17.0,,171.11,29.08,27.5
1432,-1,149.5,1.4,1.4,,6102.57,20.84,29.5
1433,-1,221.06,101.5,101.5,,124.77,1.05,63.0
1434,-1,60.05,-0.0,-0.0,,1000000.0,57657.37,12.0
1435,-1,81.7,-0.4,-0.4,,1000000.0,792.18,49.0
1436,-1,4.03,0.0,0.0,,1000000.0,1000000.0,1.0
1437,-1,15.07,0.0,0.0,,1000000.0,1000000.0,1.0
1438,-1,37.75,0.0,0.0,,1000000.0,11803.34,22.5
1439,-1,221.06,-101.5,-101.5,,124.77,1.05,158.0
1440,-1,40.92,-26.7,-26.7,,87.9,10.16,35.5
1441,2,9.89,-126.5,-126.8,-180.0,4.47,1.94,5.0
1442,4,9.89,-126.5,-126.8,-180.0,4.47,1.94,5.0
1443,14,14.83,70.6,70.9,70.9,11.98,9.71,7.5
1444,14,16.84,-11.9,-11.9,-9.6,81.03,31.73,8.5
1445,14,11.1,-96.1,-96.6,-96.2,6.59,3.78,8.0
1446,14,11.1,96.1,96.6,96.2,6.58,3.79,3.0
1447,14,14.04,-12.4,-12.4,-12.9,64.73,24.7,6.5
1448,14,11.23,-94.7,-95.2,-93.4,6.75,3.91,3.0
1449,14,11.23,94.7,95.2,93.4,6.76,3.91,8.0
1450,14,16.84,11.9,11.9,9.6,81.03,31.71,8.5
1451,14,13.27,-96.8,-97.1,-99.5,7.83,5.05,6.5
1452,14,13.27,96.8,97.1,99.5,7.83,5.05,6.5
1453,14,14.04,12.4,12.4,12.9,64.73,24.73,7.5
1454,14,14.83,-70.6,-70.9,-70.9,11.98,9.7,7.5
1455,24,13.57,66.0,67.9,67.8,11.45,2.63,1.0
1456,24,14.68,6.5,6.5,6.4,129.48,39.13,6.0
1457,24,14.68,-6.5,-6.5,-6.4,129.48,39.32,9.0
1458,24,16.48,-118.3,-118.5,-118.6,7.96,3.75,8.0
1459,24,16.48,118.3,118.5,118.6,7.96,3.75,8.0
1460,24,13.57,-65.8,-67.7,-67.8,11.49,2.77,12.5
1461,97,8.64,84.1,87.2,70.0,5.67,1.67,1.0
1462,97,9.81,-0.3,-0.3,-17.6,1000000.0,591.79,4.0
1463,97,8.38,-86.6,-89.7,-107.1,5.35,1.61,1.0
1464,97,8.38,86.3,89.5,69.9,5.36,2.31,7.0
1465,97,15.62,-2.9,-2.9,-2.9,307.57,120.56,7.5
1466,97,12.64,-90.1,-90.5,-90.5,8.0,5.54,6.0
1467,97,9.89,-126.5,-126.8,-180.0,4.47,1.94,5.0
1468,97,12.64,90.1,90.5,90.5,8.0,5.54,6.5
1469,97,9.81,0.3,0.3,-19.6,1000000.0,591.34,6.0
1470,97,12.69,-92.0,-92.3,-92.4,7.87,5.35,6.5
1471,97,12.69,92.0,92.3,92.4,7.87,5.35,6.5
1472,97,15.62,2.9,2.9,2.9,307.57,120.14,8.0
1473,97,8.64,-83.8,-87.0,-107.2,5.69,1.88,7.5
1474,97,9.89,-126.5,-126.8,-180.0,4.47,1.94,5.0
1475,110,15.98,-6.0,-6.0,-6.0,152.32,59.41,8.0
1476,110,8.73,-87.8,-89.5,-58.2,5.59,2.1,7.5
1477,110,9.89,-126.5,-126.8,180.0,4.47,1.94,5.0
1478,110,8.73,88.0,89.6,121.8,5.58,1.95,1.0
1479,110,9.23,-94.5,-96.3,-64.2,5.49,1.71,1.0
1480,110,9.23,94.4,96.2,127.8,5.5,1.85,8.0
1481,110,15.98,6.0,6.0,6.0,152.32,59.35,8.0
1482,110,9.89,-126.5,-126.8,-180.0,4.47,1.94,5.0
1483,86,17.43,5.5,5.5,5.5,181.34,63.05,10.0
1484,86,19.1,-130.1,-130.3,-130.3,8.4,3.04,9.5
1485,86,19.1,130.1,130.3,130.3,8.4,3.04,9.5
1486,86,17.94,-44.1,-44.2,-44.2,23.28,6.6,12.0
1487,86,17.94,44.2,44.2,44.2,23.26,6.61,6.0
1488,86,17.43,-5.5,-5.5,-5.5,181.34,62.98,7.5
1489,12,15.94,1.7,1.7,1.7,545.1,197.49,7.0
1490,12,14.24,-68.1,-68.6,-68.6,11.9,6.48,1.5
1491,12,9.89,-126.5,-126.8,-180.0,4.47,1.94,5.0
1492,12,14.24,68.0,68.5,68.6,11.91,6.47,13.0
1493,12,14.99,-109.4,-109.7,-109.7,7.83,4.26,7.5
1494,12,9.89,-126.5,-126.8,180.0,4.47,1.94,5.0
1495,12,14.99,109.4,109.7,109.7,7.83,4.26,7.5
1496,12,15.94,-1.7,-1.7,-1.7,545.1,197.86,9.0
1497,44,12.62,86.3,86.7,86.7,8.34,5.94,7.0
1498,44,16.96,-14.5,-14.5,-14.5,66.88,26.28,8.5
1499,44,13.58,-92.9,-93.3,-93.3,8.35,5.55,6.0
1500,44,9.89,-126.5,-126.8,-180.0,4.47,1.94,5.0
1501,44,13.58,92.9,93.2,93.3,8.35,5.55,7.5
1502,44,16.3,-0.0,-0.0,-0.0,1000000.0,42669.73,8.5
1503,44,13.79,-100.9,-101.2,-101.2,7.81,4.79,7.0
1504,44,13.79,100.9,101.2,101.2,7.81,4.79,7.0
1505,44,16.96,14.5,14.5,14.5,66.88,26.24,8.5
1506,44,13.91,-78.4,-78.7,-78.8,10.12,7.4,9.0
1507,44,9.89,-126.5,-126.8,180.0,4.47,1.94,5.0
1508,44,13.91,78.4,78.8,78.8,10.12,7.4,5.0
1509,44,16.3,0.0,0.0,0.0,1000000.0,42428.66,8.0
1510,44,12.62,-86.3,-86.7,-86.7,8.34,5.94,5.5
1511,44,9.89,-126.5,-126.8,-180.0,4.47,1.94,5.0
1512,16,29.06,67.9,68.1,69.5,24.43,15.08,25.0
1513,16,31.1,-3.4,-3.4,-3.4,516.65,57.31,20.5
1514,16,19.34,-103.2,-103.5,-103.6,10.71,5.12,14.5
1515,16,9.89,-126.5,-126.8,180.0,4.47,1.94,5.0
1516,16,19.34,103.3,103.6,103.6,10.7,5.12,4.5
1517,16,23.66,-8.2,-8.2,-6.9,165.01,19.8,8.0
1518,16,22.59,-79.6,-79.8,-79.9,16.21,11.72,8.0
1519,16,22.59,79.6,79.8,79.9,16.22,11.72,14.5
1520,16,31.1,3.5,3.5,3.4,516.47,57.41,10.5
1521,16,14.78,-108.0,-108.3,-107.1,7.82,4.35,7.5
1522,16,9.89,-126.5,-126.8,-180.0,4.47,1.94,5.0
1523,16,14.78,108.0,108.3,107.1,7.82,4.35,7.5
1524,16,23.66,8.2,8.2,6.9,165.26,19.75,16.0
1525,16,29.06,-68.0,-68.2,-69.5,24.42,15.08,4.0
1526,18,12.35,87.0,87.3,87.4,8.1,5.78,6.0
1527,18,15.05,-2.4,-2.4,-2.4,361.87,141.59,7.5
1528,18,15.05,2.4,2.4,2.4,361.87,141.68,7.5
1529,18,12.43,-89.8,-90.2,-90.2,7.9,5.5,6.0
1530,18,9.89,-126.5,-126.8,180.0,4.47,1.94,5.0
1531,18,12.43,89.8,90.2,90.2,7.9,5.5,6.0
1532,18,12.35,-87.0,-87.3,-87.4,8.1,5.78,6.5
1533,20,12.6,86.3,86.7,86.7,8.33,5.94,5.5
1534,20,15.3,-0.2,-0.2,-0.2,1000000.0,1733.98,7.5
1535,20,15.3,0.2,0.2,0.2,1000000.0,1744.64,8.0
1536,20,12.77,-92.7,-93.1,-93.1,7.86,5.31,6.5
1537,20,12.77,92.7,93.1,93.1,7.86,5.31,6.5
1538,20,12.6,-86.3,-86.7,-86.7,8.33,5.93,7.0
1539,20,9.89,-126.5,-126.8,-180.0,4.47,1.94,5.0
1540,22,22.51,88.4,88.7,24.0,14.55,8.37,5.5
1541,22,21.33,-0.6,-0.6,-65.4,1965.24,9.0,16.0
1542,22,20.76,-126.7,-126.8,-156.0,9.38,3.66,10.5
1543,22,7.88,75.5,87.3,89.4,5.17,4.58,6.5
1544,22,12.48,-90.2,-90.6,-90.6,7.89,5.48,6.0
1545,22,9.89,-126.5,-126.8,180.0,4.47,1.94,5.0
1546,22,12.48,90.2,90.6,90.6,7.89,5.48,6.0
1547,22,7.72,-0.0,-0.0,-0.0,1000000.0,35340.58,5.0
1548,15,15.3,0.0,0.0,0.0,1000000.0,17303.85,7.5
1549,15,12.6,-91.2,-91.6,-91.6,7.88,5.41,6.5
1550,15,9.89,-126.5,-126.8,-180.0,4.47,1.94,5.0
1551,15,12.6,91.2,91.6,91.6,7.88,5.41,6.5
1552,15,12.51,-88.0,-88.3,-88.4,8.11,5.73,6.5
1553,15,9.89,-126.5,-126.8,180.0,4.47,1.94,5.0
1554,15,12.51,88.0,88.3,88.4,8.11,5.73,6.0
1555,15,15.3,-0.0,-0.0,-0.0,1000000.0,17199.51,7.5
1556,15,9.89,-126.5,-126.8,180.0,4.47,1.94,5.0
1557,23,16.05,55.0,55.7,55.7,16.51,5.43,1.0
1558,23,17.15,-3.2,-3.2,-3.2,308.26,102.21,7.5
1559,23,17.15,3.2,3.2,3.2,308.26,101.91,10.0
1560,23,16.96,-120.8,-121.0,-121.1,8.03,3.58,8.5
1561,23,9.89,-126.5,-126.8,180.0,4.47,1.94,5.0
1562,23,16.96,120.8,121.0,121.1,8.03,3.58,8.5
1563,23,16.05,-55.0,-55.6,-55.7,16.53,5.5,15.0
1564,23,9.89,-126.5,-126.8,180.0,4.47,1.94,5.0
1565,25,15.56,-23.1,-23.1,-27.3,38.54,13.68,9.0
1566,25,15.43,-112.2,-112.5,-111.2,7.86,4.11,7.5
1567,25,15.43,112.2,112.5,111.2,7.86,4.11,7.5
1568,25,12.98,-89.8,-90.5,-96.1,8.22,3.49,11.5
1569,25,9.89,-126.5,-126.8,180.0,4.47,1.94,5.0
1570,25,12.98,89.9,90.6,87.8,8.21,3.49,1.5
1571,25,15.56,23.1,23.1,18.9,38.53,13.68,6.5
1572,26,12.9,9.3,9.3,9.5,79.22,29.92,6.0
1573,26,14.63,-56.5,-57.1,-57.1,14.67,5.83,1.0
1574,26,14.63,56.5,57.1,57.1,14.68,5.94,13.5
1575,26,13.68,-113.2,-113.5,-113.3,6.91,3.37,9.0
1576,26,13.68,113.2,113.5,113.3,6.9,3.37,5.0
1577,26,12.9,-9.3,-9.3,-9.5,79.22,29.85,7.0
1578,27,13.1,83.2,83.6,83.6,8.98,6.34,4.5
1579,27,15.67,2.3,2.3,2.3,382.61,147.5,7.5
1580,27,9.89,-126.5,-126.8,-180.0,4.47,1.94,5.0
1581,27,15.67,-2.3,-2.3,-2.3,382.67,148.03,8.0
1582,27,13.46,-98.4,-98.7,-98.7,7.82,4.96,6.5
1583,27,13.46,98.4,98.7,98.7,7.82,4.96,6.5
1584,27,13.1,-83.2,-83.6,-83.6,8.98,6.33,8.5
1585,29,9.89,-126.5,-126.8,-180.0,4.47,1.94,5.0
1586,32,15.3,-0.0,-0.0,-0.0,1000000.0,19355.34,7.5
1587,32,12.55,-90.8,-91.2,-91.2,7.89,5.44,6.5
1588,32,9.89,-126.5,-126.8,-180.0,4.47,1.94,5.0
1589,32,12.55,90.8,91.2,91.2,7.89,5.44,6.5
1590,32,12.48,-88.4,-88.8,-88.8,8.06,5.67,6.5
1591,32,9.89,-126.5,-126.8,180.0,4.47,1.94,5.0
1592,32,12.48,88.4,88.8,88.8,8.06,5.67,6.0
1593,32,15.3,0.0,0.0,0.0,1000000.0,19293.19,7.5
1594,33,7.97,-72.7,-73.3,-73.4,6.23,5.04,4.0
1595,33,7.97,72.7,73.3,73.4,6.23,5.04,4.0
1596,31,12.52,87.8,88.2,88.2,8.13,5.75,6.5
1597,31,12.62,-91.4,-91.7,-91.8,7.88,5.4,6.5
1598,31,12.62,91.4,91.7,91.8,7.88,5.4,6.5
1599,31,15.31,-0.0,-0.0,-0.0,1000000.0,357612.97,7.5
1600,31,9.89,-126.5,-126.8,180.0,4.47,1.94,5.0
1601,31,15.31,0.0,0.0,0.0,1000000.0,357612.97,7.5
1602,31,12.52,-87.8,-88.2,-88.2,8.13,5.75,6.0
1603,31,9.89,-126.5,-126.8,-180.0,4.47,1.94,5.0
1604,35,15.03,2.5,2.5,2.5,342.01,133.89,7.5
1605,35,12.34,-89.0,-89.4,-88.6,7.91,5.55,6.0
1606,35,12.34,89.0,89.4,88.6,7.91,5.55,6.0
1607,35,12.3,-87.7,-88.0,-88.9,8.0,5.69,6.5
1608,35,9.89,-126.5,-126.8,180.0,4.47,1.94,5.0
1609,35,12.3,87.7,88.0,88.9,8.0,5.67,6.0
1610,35,15.03,-2.5,-2.5,-2.5,342.02,133.87,7.5
1611,34,8.91,56.5,57.0,54.5,8.95,7.89,4.5
1612,34,6.03,-97.9,-99.0,-106.4,3.49,1.97,4.5
1613,34,6.03,97.9,99.0,106.4,3.49,1.96,1.5
1614,34,7.6,-23.9,-23.9,-19.1,18.22,7.74,3.5
1615,34,9.89,-126.5,-126.8,-180.0,4.47,1.94,5.0
1616,34,7.6,23.9,23.9,19.1,18.22,7.69,4.5
1617,34,8.91,-56.5,-57.0,-54.5,8.95,7.89,4.5
1618,34,9.89,-126.5,-126.8,-180.0,4.47,1.94,5.0
1619,38,12.96,82.0,82.3,82.4,9.02,6.42,8.5
1620,38,13.33,-97.2,-97.6,-97.6,7.83,5.03,6.5
1621,38,9.89,-126.5,-126.8,-180.0,4.47,1.94,5.0
1622,38,13.33,97.2,97.6,97.6,7.83,5.03,6.5
1623,38,15.41,0.0,0.0,0.0,1000000.0,50742.38,8.0
1624,38,9.89,-126.5,-126.8,180.0,4.47,1.94,5.0
1625,38,15.41,-0.0,-0.0,-0.0,1000000.0,50614.14,7.5
1626,38,12.96,-82.0,-82.4,-82.4,9.02,6.42,4.5
1627,37,9.89,-126.5,-126.8,180.0,4.47,1.94,5.0
1628,40,12.67,93.6,94.0,93.3,7.72,5.16,6.5
1629,40,12.69,-89.9,-90.3,-90.3,8.05,5.58,6.5
1630,40,9.89,-126.5,-126.8,-180.0,4.47,1.94,5.0
1631,40,12.69,89.9,90.3,90.3,8.05,5.58,6.0
1632,40,15.5,4.4,4.4,3.7,203.85,78.01,8.0
1633,40,15.5,-4.4,-4.4,-3.7,203.87,78.02,7.5
1634,40,12.67,-93.6,-94.0,-93.3,7.72,5.16,6.0
1635,40,9.89,-126.5,-126.8,-180.0,4.47,1.94,5.0
1636,39,9.89,-126.5,-126.8,180.0,4.47,1.94,5.0
1637,42,12.82,93.0,93.4,93.4,7.87,5.29,6.5
1638,42,12.66,-88.3,-88.6,-88.7,8.18,5.74,7.0
1639,42,9.89,-126.5,-126.8,-180.0,4.47,1.94,5.0
1640,42,12.66,88.3,88.6,88.7,8.18,5.75,6.0
1641,42,15.53,2.1,2.1,2.1,429.63,168.26,7.5
1642,42,9.89,-126.5,-126.8,180.0,4.47,1.94,5.0
1643,42,15.53,-2.1,-2.1,-2.1,429.63,168.11,8.0
1644,42,12.82,-93.0,-93.4,-93.4,7.87,5.29,6.5
1645,41,9.89,-126.5,-126.8,180.0,4.47,1.94,5.0
1646,113,9.89,-126.5,-126.8,-180.0,4.47,1.94,5.0
1647,43,9.89,-126.5,-126.8,180.0,4.47,1.94,5.0
1648,46,13.32,97.2,97.6,97.8,7.82,5.02,6.5
1649,46,12.96,-82.0,-82.4,-82.3,9.01,6.42,8.5
1650,46,9.89,-126.5,-126.8,-180.0,4.47,1.94,5.0
1651,46,12.96,82.0,82.4,82.3,9.01,6.41,4.5
1652,46,15.41,0.0,0.0,0.0,1000000.0,14639.13,7.5
1653,46,15.41,-0.0,-0.0,-0.0,1000000.0,14646.27,8.0
1654,46,13.32,-97.2,-97.6,-97.8,7.82,5.02,6.5
1655,46,9.89,-126.5,-126.8,-180.0,4.47,1.94,5.0
1656,48,12.43,89.3,89.7,87.1,7.94,5.55,6.0
1657,48,17.99,-23.5,-23.5,-23.5,43.93,12.45,11.5
1658,48,9.89,-126.5,-126.8,-180.0,4.47,1.94,5.0
1659,48,17.99,23.5,23.5,23.5,43.91,12.45,6.5
1660,48,13.85,-65.9,-66.7,-69.4,11.9,4.48,12.5
1661,48,9.89,-126.5,-126.8,180.0,4.47,1.94,5.0
1662,48,13.85,66.0,66.8,69.4,11.88,4.18,1.0
1663,48,12.43,-89.3,-89.7,-87.1,7.94,5.55,6.5
1664,48,9.89,-126.5,-126.8,-180.0,4.47,1.94,5.0
1665,47,12.18,87.5,87.9,88.2,7.94,5.64,6.0
1666,47,14.87,-4.1,-4.1,-3.8,208.58,81.76,7.5
1667,47,9.89,-126.5,-126.8,-180.0,4.47,1.94,5.0
1668,47,14.87,4.1,4.1,3.8,208.58,81.75,7.5
1669,47,12.18,-87.6,-88.0,-88.0,7.93,5.63,6.0
1670,47,12.18,87.6,88.0,88.0,7.93,5.63,6.0
1671,47,12.18,-87.5,-87.9,-88.2,7.94,5.65,6.0
1672,47,9.89,-126.5,-126.8,-180.0,4.47,1.94,5.0
1673,45,15.49,-0.1,-0.1,-0.2,1000000.0,2296.95,7.5
1674,45,76.13,-167.8,-167.8,-141.5,25.99,1.25,39.0
1675,45,76.13,167.8,167.8,141.4,25.99,1.24,37.5
1676,45,21.8,-12.0,-12.0,-38.8,104.26,4.49,18.0
1677,45,9.89,-126.5,-126.8,179.9,4.47,1.94,5.0
1678,45,21.8,12.6,12.6,38.6,98.97,4.47,4.0
1679,45,15.49,0.1,0.1,0.2,1000000.0,2296.25,8.0
1680,45,9.89,-126.5,-126.8,-180.0,4.47,1.94,5.0
1681,49,12.51,90.5,90.8,90.9,7.89,5.46,6.5
1682,49,12.46,-88.7,-89.1,-89.1,8.01,5.62,6.5
1683,49,9.89,-126.5,-126.8,-180.0,4.47,1.94,5.0
1684,49,12.46,88.7,89.1,89.1,8.01,5.62,6.0
1685,49,15.3,0.0,0.0,0.0,1000000.0,12151.9,7.5
1686,49,9.89,-126.5,-126.8,180.0,4.47,1.94,5.0
1687,49,15.3,-0.0,-0.0,-0.0,1000000.0,12196.3,7.5
1688,49,12.51,-90.5,-90.8,-90.9,7.89,5.46,6.5
1689,52,12.47,90.1,90.5,90.5,7.89,5.48,6.0
1690,52,11.48,-53.0,-53.5,-50.4,12.3,7.35,10.0
1691,52,11.48,53.0,53.5,50.4,12.29,7.11,1.0
1692,52,12.12,-35.9,-35.9,-39.1,19.33,7.8,5.0
1693,52,9.89,-126.5,-126.8,180.0,4.47,1.94,5.0
1694,52,12.12,35.9,35.9,39.1,19.33,7.77,7.0
1695,52,12.47,-90.1,-90.5,-90.5,7.89,5.48,6.0
1696,53,12.5,90.4,90.7,90.8,7.89,5.47,6.5
1697,53,12.45,-88.8,-89.2,-89.2,8.0,5.61,6.5
1698,53,9.89,-126.5,-126.8,-180.0,4.47,1.94,5.0
1699,53,12.45,88.8,89.2,89.2,8.0,5.61,6.0
1700,53,15.3,-0.0,-0.0,-0.0,1000000.0,70185.72,7.5
1701,53,9.89,-126.5,-126.8,180.0,4.47,1.94,5.0
1702,53,15.3,0.0,0.0,0.0,1000000.0,70185.72,7.5
1703,53,12.5,-90.4,-90.7,-90.8,7.89,5.47,6.5
1704,53,9.89,-126.5,-126.8,-180.0,4.47,1.94,5.0
1705,56,13.27,21.1,21.1,21.1,36.11,14.4,7.0
1706,56,12.33,-88.9,-89.3,-89.3,7.91,5.55,6.0
1707,56,9.89,-126.5,-126.8,180.0,4.47,1.94,5.0
1708,56,12.33,88.9,89.3,89.3,7.91,5.55,6.0
1709,56,11.81,-69.1,-69.6,-69.6,9.73,7.26,8.5
1710,56,11.81,69.1,69.6,69.6,9.73,7.27,3.5
1711,56,13.27,-21.1,-21.1,-21.1,36.11,14.47,6.0
1712,54,12.44,89.0,89.4,89.5,7.97,5.58,6.5
1713,54,12.47,-90.1,-90.5,-90.5,7.89,5.48,6.0
1714,54,12.47,90.1,90.5,90.5,7.89,5.48,6.0
1715,54,15.3,-0.0,-0.0,-0.0,1000000.0,21036.06,7.5
1716,54,15.3,0.0,0.0,0.0,1000000.0,20991.96,7.5
1717,54,12.44,-89.0,-89.4,-89.5,7.97,5.58,6.0
1718,54,9.89,-126.5,-126.8,-180.0,4.47,1.94,5.0
1719,55,12.81,93.0,93.4,93.4,7.86,5.28,6.5
1720,55,12.63,-86.1,-86.5,-86.6,8.36,5.96,7.0
1721,55,9.89,-126.5,-126.8,-180.0,4.47,1.94,5.0
1722,55,12.63,86.2,86.5,86.6,8.36,5.96,5.5
1723,55,15.32,0.0,0.0,0.0,1000000.0,32370.14,7.5
1724,55,9.89,-126.5,-126.8,180.0,4.47,1.94,5.0
1725,55,15.32,-0.0,-0.0,-0.0,1000000.0,32457.58,8.0
1726,55,12.81,-93.0,-93.4,-93.4,7.86,5.28,6.5
1727,114,9.89,-126.5,-126.8,180.0,4.47,1.94,5.0
1728,60,15.3,-0.0,-0.0,-0.0,1000000.0,61556.33,7.5
1729,60,12.41,-89.5,-89.9,-90.0,7.91,5.52,6.0
1730,60,9.89,-126.5,-126.8,180.0,4.47,1.94,5.0
1731,60,12.41,89.5,89.9,90.0,7.91,5.52,6.0
1732,60,12.41,-89.6,-90.0,-90.0,7.9,5.51,6.0
1733,60,9.89,-126.5,-126.8,180.0,4.47,1.94,5.0
1734,60,12.41,89.6,90.0,90.0,7.9,5.51,6.0
1735,60,15.3,0.0,0.0,0.0,1000000.0,61682.73,7.5
1736,59,12.5,84.9,85.3,86.0,8.39,6.04,5.5
1737,59,15.08,-2.3,-2.3,-2.3,380.16,148.59,7.5
1738,59,9.89,-126.5,-126.8,-180.0,4.47,1.94,5.0
1739,59,15.08,2.3,2.3,2.3,380.16,148.96,7.5
1740,59,12.69,-92.0,-92.3,-91.7,7.87,5.36,6.5
1741,59,9.89,-126.5,-126.8,180.0,4.47,1.94,5.0
1742,59,12.69,92.0,92.3,91.7,7.87,5.36,6.5
1743,59,12.5,-84.9,-85.3,-86.0,8.39,6.04,7.0
1744,59,9.89,-126.5,-126.8,-180.0,4.47,1.94,5.0
1745,61,15.32,0.0,0.0,0.0,1000000.0,49734.25,7.5
1746,61,12.66,-86.5,-86.8,-86.9,8.36,5.94,5.5
1747,61,12.66,86.5,86.8,86.9,8.36,5.94,7.0
1748,61,12.82,-92.7,-93.1,-93.1,7.89,5.32,6.5
1749,61,9.89,-126.5,-126.8,-180.0,4.47,1.94,5.0
1750,61,12.82,92.7,93.1,93.1,7.89,5.32,6.5
1751,61,15.32,-0.0,-0.0,-0.0,1000000.0,50065.82,8.0
1752,62,13.65,99.8,100.1,100.2,7.81,4.87,7.0
1753,62,13.1,-74.6,-75.0,-75.0,10.01,6.96,9.5
1754,62,9.89,-126.5,-126.8,-180.0,4.47,1.94,5.0
1755,62,13.1,74.6,75.0,75.0,10.01,6.95,3.5
1756,62,15.12,-4.8,-4.8,-4.8,179.8,66.85,7.0
1757,62,15.12,4.8,4.8,4.8,179.8,67.16,8.5
1758,62,13.65,-99.8,-100.1,-100.2,7.81,4.87,7.0
1759,62,9.89,-126.5,-126.8,-180.0,4.47,1.94,5.0
1760,11,13.63,99.7,100.0,100.1,7.81,4.87,7.0
1761,11,15.05,-5.0,-5.0,-5.0,171.94,65.39,8.0
1762,11,15.05,5.0,5.0,5.0,171.94,65.35,7.0
1763,11,13.07,-74.5,-74.9,-74.9,10.0,6.88,3.0
1764,11,13.07,74.4,74.9,74.9,10.0,6.87,10.0
1765,11,13.63,-99.7,-100.0,-100.1,7.81,4.87,7.0
1766,11,9.89,-126.5,-126.8,-180.0,4.47,1.94,5.0
1767,64,9.89,-126.5,-126.8,180.0,4.47,1.94,5.0
1768,63,12.68,91.9,92.3,92.3,7.87,5.36,6.5
1769,63,12.55,-87.2,-87.6,-87.7,8.21,5.83,7.0
1770,63,12.55,87.3,87.6,87.7,8.21,5.83,6.0
1771,63,15.31,0.0,0.0,0.0,1000000.0,178806.49,7.5
1772,63,9.89,-126.5,-126.8,180.0,4.47,1.94,5.0
1773,63,15.31,-0.0,-0.0,-0.0,1000000.0,178806.49,8.0
1774,63,12.68,-91.9,-92.3,-92.3,7.87,5.36,6.5
1775,63,9.89,-126.5,-126.8,-180.0,4.47,1.94,5.0
1776,68,9.89,-126.5,-126.8,180.0,4.47,1.94,5.0
1777,66,9.89,-126.5,-126.8,180.0,4.47,1.94,5.0
1778,65,12.8,92.9,93.3,83.7,7.86,5.29,6.5
1779,65,15.32,-0.0,-0.0,-9.6,1000000.0,67353.12,8.0
1780,65,15.32,0.0,0.0,9.5,1000000.0,66754.42,7.5
1781,65,12.62,-86.3,-86.7,-86.7,8.34,5.94,5.5
1782,65,9.89,-126.5,-126.8,180.0,4.47,1.94,5.0
1783,65,12.62,86.3,86.6,86.7,8.35,5.94,7.0
1784,65,12.8,-92.9,-93.3,-83.8,7.86,5.29,6.5
1785,65,9.89,-126.5,-126.8,-180.0,4.47,1.94,5.0
1786,67,9.89,-126.5,-126.8,180.0,4.47,1.94,5.0
1787,10,13.71,100.3,100.6,100.6,7.81,4.83,7.0
1788,10,15.51,0.0,0.0,0.0,1000000.0,29450.48,8.0
1789,10,15.51,-0.0,-0.0,-0.0,1000000.0,29392.85,7.5
1790,10,13.22,-78.9,-79.3,-79.4,9.55,6.63,4.0
1791,10,13.22,78.9,79.3,79.4,9.55,6.64,9.5
1792,10,13.71,-100.3,-100.6,-100.6,7.81,4.83,7.0
1793,10,9.89,-126.5,-126.8,180.0,4.47,1.94,5.0
1794,9,15.52,61.5,62.1,62.1,14.32,5.67,1.0
1795,9,16.91,-0.0,-0.0,-0.0,1000000.0,15910.75,7.5
1796,9,16.91,0.0,0.0,0.0,1000000.0,12443.86,8.5
1797,9,16.35,-117.6,-117.8,-117.9,7.95,3.78,8.0
1798,9,9.89,-126.5,-126.8,-180.0,4.47,1.94,5.0
1799,9,16.35,117.6,117.8,117.9,7.95,3.78,8.0
1800,9,15.52,-61.4,-62.0,-62.1,14.33,5.68,14.5
1801,9,9.89,-126.5,-126.8,180.0,4.47,1.94,5.0
1802,69,10.01,68.2,68.6,68.7,8.36,6.91,5.5
1803,69,13.8,-64.8,-65.1,-65.3,12.14,10.2,7.0
1804,69,9.89,-126.5,-126.8,180.0,4.47,1.94,5.0
1805,69,13.8,64.8,65.1,65.0,12.14,10.2,7.0
1806,69,12.8,-45.1,-46.1,-46.3,15.9,5.44,11.5
1807,69,12.8,45.1,46.2,46.1,15.88,4.56,1.0
1808,69,10.01,-68.1,-68.6,-68.6,8.36,6.91,5.0
1809,69,9.89,-126.5,-126.8,-180.0,4.47,1.94,5.0
1810,73,9.89,-126.5,-126.8,180.0,4.47,1.94,5.0
1811,70,32.91,89.4,90.1,90.8,20.93,3.78,31.5
1812,70,37.91,1.0,1.0,1.4,2074.3,612.6,22.5
1813,70,40.59,-161.3,-161.4,-153.8,14.41,1.39,20.5
1814,70,27.94,151.0,151.1,150.8,10.59,1.88,15.0
1815,70,35.16,59.0,61.1,61.7,32.99,3.55,34.0
1816,70,38.99,-27.8,-27.8,-27.8,80.34,29.4,22.0
1817,70,38.42,17.6,17.6,24.9,125.3,28.67,14.0
1818,70,37.91,-1.0,-1.0,-1.4,2074.3,612.21,15.5
1819,70,12.47,-90.1,-90.5,-90.5,7.89,5.48,6.0
1820,70,12.47,90.1,90.5,90.5,7.89,5.48,6.0
1821,70,36.14,-71.5,-71.9,-64.6,28.8,7.76,1.0
1822,70,32.91,-89.8,-90.5,-90.8,20.84,3.69,1.0
1823,70,9.89,-126.5,-126.8,-180.0,4.47,1.94,5.0
1824,74,9.89,-126.5,-126.8,180.0,4.47,1.94,5.0
1825,71,13.74,-1.4,-1.4,-3.8,555.03,216.84,7.0
1826,71,12.49,-90.3,-90.6,-90.7,7.9,5.48,6.0
1827,71,12.49,90.3,90.6,90.7,7.9,5.48,6.5
1828,71,11.14,-90.2,-90.7,-93.1,7.04,4.64,7.0
1829,71,9.89,-126.5,-126.8,180.0,4.47,1.94,5.0
1830,71,11.14,90.2,90.7,89.8,7.04,4.63,4.0
1831,71,13.74,1.4,1.4,0.5,555.03,215.32,6.5
1832,75,9.89,-126.5,-126.8,-180.0,4.47,1.94,5.0
1833,7,9.16,-0.0,-0.0,3.3,1000000.0,15877.11,4.0
1834,7,8.2,-88.9,-92.5,-92.6,5.08,1.51,1.0
1835,7,12.34,87.0,87.4,84.1,8.09,5.77,6.0
1836,7,9.16,0.0,0.0,-3.3,1000000.0,15868.72,5.0
1837,107,9.89,-126.5,-126.8,180.0,4.47,1.94,5.0
1838,87,13.83,15.0,15.0,15.8,52.82,21.02,7.0
1839,87,12.29,-88.5,-88.8,-88.3,7.93,5.59,6.0
1840,87,9.89,-126.5,-126.8,-179.9,4.47,1.94,5.0
1841,87,12.3,88.7,89.0,88.5,7.92,5.57,6.0
1842,87,11.95,-75.7,-76.1,-75.8,9.0,6.81,7.5
1843,87,9.89,-126.5,-126.8,-180.0,4.47,1.94,5.0
1844,87,11.95,75.7,76.1,75.8,9.0,6.81,4.5
1845,87,13.83,-14.8,-14.8,-15.7,53.49,21.21,6.5
1846,79,15.3,0.0,0.0,0.0,1000000.0,21154.57,7.5
1847,79,8.77,-88.8,-90.5,-90.7,5.55,2.07,7.5
1848,79,8.77,88.9,90.6,72.9,5.54,1.88,1.0
1849,79,8.67,-87.6,-89.3,-107.1,5.57,1.93,1.0
1850,79,8.67,87.4,89.1,89.3,5.57,2.04,7.5
1851,79,15.3,-0.0,-0.0,-0.0,1000000.0,21080.34,7.5
1852,79,9.89,-126.5,-126.8,-180.0,4.47,1.94,5.0
1853,80,15.97,3.7,3.7,-2.4,249.56,88.54,9.0
1854,80,15.33,-111.6,-111.8,-111.9,7.85,4.14,7.5
1855,80,15.33,111.6,111.8,111.9,7.85,4.14,7.5
1856,80,14.5,-63.8,-64.4,-70.5,12.91,6.12,13.5
1857,80,9.89,-126.5,-126.8,180.0,4.47,1.94,5.0
1858,80,14.5,63.9,64.4,70.5,12.9,6.12,1.0
1859,80,15.97,-3.7,-3.7,2.4,249.56,88.52,7.0
1860,80,9.89,-126.5,-126.8,-180.0,4.47,1.94,5.0
1861,82,9.89,-126.5,-126.8,-180.0,4.47,1.94,5.0
1862,81,12.21,87.9,88.3,88.3,7.93,5.61,6.0
1863,81,15.1,-1.9,-1.9,-1.9,462.98,122.2,6.0
1864,81,9.89,-126.5,-126.8,-180.0,4.47,1.94,5.0
1865,81,15.1,1.9,1.9,1.9,462.97,122.59,9.0
1866,81,12.42,-89.4,-89.8,-89.8,7.93,5.54,6.0
1867,81,9.89,-126.5,-126.8,180.0,4.47,1.94,5.0
1868,81,12.42,89.4,89.8,89.8,7.93,5.55,6.5
1869,81,12.21,-87.9,-88.3,-88.3,7.93,5.61,6.0
1870,81,9.89,-126.5,-126.8,-180.0,4.47,1.94,5.0
1871,84,25.45,39.8,39.9,39.9,36.59,12.8,15.5
1872,84,21.94,-51.2,-52.1,-46.9,24.13,5.91,20.5
1873,84,22.22,-139.6,-139.7,-139.8,9.11,2.51,11.0
1874,84,9.89,-126.5,-126.8,-180.0,4.47,1.94,5.0
1875,84,22.22,139.6,139.7,139.8,9.11,2.51,11.0
1876,84,25.72,-0.4,-0.4,-0.4,1000000.0,1259.62,14.5
1877,84,19.85,-90.9,-92.1,-87.2,12.36,2.62,18.5
1878,84,9.89,-126.5,-126.8,-180.0,4.47,1.94,5.0
1879,84,19.85,91.2,92.4,87.1,12.31,2.43,1.0
1880,84,21.94,51.3,52.2,46.9,24.09,4.81,1.0
1881,84,10.07,-87.3,-87.9,-93.3,6.56,3.95,2.5
1882,84,10.07,87.3,87.9,93.2,6.56,3.95,7.5
1883,84,25.72,0.4,0.4,0.4,1000000.0,1258.73,11.0
1884,84,25.45,-39.9,-39.9,-39.9,36.58,12.8,10.0
1885,84,9.89,-126.5,-126.8,-180.0,4.47,1.94,5.0
1886,83,9.89,-126.5,-126.8,-180.0,4.47,1.94,5.0
1887,8,13.21,96.4,96.7,96.7,7.83,5.07,6.5
1888,8,15.95,-23.4,-23.4,-23.4,39.06,12.8,9.5
1889,8,9.89,-126.5,-126.8,-180.0,4.47,1.94,5.0
1890,8,15.95,23.4,23.4,23.4,39.05,12.81,6.5
1891,8,13.55,-59.5,-59.8,-59.9,12.97,10.69,9.5
1892,8,13.55,59.5,59.8,59.9,12.97,10.69,4.0
1893,8,13.21,-96.4,-96.7,-96.7,7.83,5.07,6.5
1894,50,8.27,69.9,81.1,82.9,5.84,3.83,7.0
1895,50,11.13,-83.2,-83.6,-76.6,7.62,5.59,6.5
1896,50,9.89,-126.5,-126.8,-180.0,4.47,1.94,5.0
1897,50,11.03,74.3,74.8,73.5,8.46,6.57,6.5
1898,50,7.42,-22.3,-22.3,-23.6,19.07,6.59,3.0
1899,50,7.09,13.4,13.4,20.5,30.3,11.86,4.0
1900,50,8.27,-71.4,-82.7,-82.9,5.73,1.5,1.0
1901,50,9.89,-126.5,-126.8,-180.0,4.47,1.94,5.0
1902,89,14.79,4.8,4.8,-0.3,175.93,69.22,7.5
1903,89,12.24,-85.3,-85.7,-90.9,8.18,5.93,5.5
1904,89,12.24,85.3,85.7,90.8,8.18,5.92,6.5
1905,89,12.34,-89.0,-89.4,-89.5,7.91,5.55,6.0
1906,89,12.34,89.0,89.4,89.5,7.91,5.55,6.0
1907,89,14.79,-4.8,-4.8,0.3,175.93,68.96,7.5
1908,89,9.89,-126.5,-126.8,180.0,4.47,1.94,5.0
1909,94,19.55,2.8,2.8,2.8,405.42,153.77,9.0
1910,94,15.83,-46.1,-46.4,-46.4,19.55,12.8,14.5
1911,94,10.74,-130.5,-130.8,-130.8,4.71,1.77,3.5
1912,95,10.41,47.3,47.7,47.7,12.52,10.96,7.5
1913,95,10.35,-70.6,-71.1,-71.1,8.34,6.79,5.0
1914,95,10.35,70.6,71.1,71.1,8.34,6.79,5.0
1915,95,10.03,-60.7,-61.2,-61.2,9.39,7.86,6.5
1916,95,10.03,60.7,61.2,61.2,9.39,7.86,3.5
1917,95,10.41,-47.3,-47.7,-47.7,12.52,10.96,3.0
1918,3,15.51,1.2,1.2,1.2,730.82,281.98,8.0
1919,3,13.15,-80.4,-80.8,-80.8,9.32,6.71,4.5
1920,3,9.89,-126.5,-126.8,180.0,4.47,1.94,5.0
1921,3,15.14,110.4,110.7,108.5,7.84,4.21,7.5
1922,3,13.96,-67.4,-68.0,-70.3,11.76,5.51,12.5
1923,3,3.35,-149.5,-150.3,-152.3,1.28,0.82,2.0
1924,3,13.37,97.6,97.9,98.0,7.82,5.0,6.5
1925,3,15.51,-1.2,-1.2,-1.2,730.86,281.96,7.5
1926,3,9.89,-126.5,-126.8,-180.0,4.47,1.94,5.0
1927,92,20.49,63.6,63.8,63.8,18.4,15.54,10.0
1928,92,22.75,-0.0,-0.0,-0.0,1000000.0,1000000.0,1.0
1929,92,16.04,-115.9,-116.1,-116.2,7.91,3.88,8.0
1930,92,9.89,-126.5,-126.8,180.0,4.47,1.94,5.0
1931,92,16.04,115.9,116.1,116.2,7.91,3.88,8.0
1932,92,22.75,-0.0,-0.0,-0.0,1000000.0,202969.52,11.0
1933,92,20.49,-63.6,-63.8,-63.8,18.39,15.54,10.0
1934,92,20.49,63.6,63.8,63.8,18.39,15.54,10.0
1935,92,22.75,0.0,0.0,0.0,1000000.0,1000000.0,1.0
1936,92,16.04,-115.9,-116.1,-116.2,7.91,3.88,8.0
1937,92,16.04,115.9,116.1,116.2,7.91,3.88,8.0
1938,92,22.75,0.0,0.0,0.0,1000000.0,200263.26,11.5
1939,92,20.49,-63.6,-63.8,-63.8,18.4,15.54,10.0
1940,98,9.89,-126.5,-126.8,180.0,4.47,1.94,5.0
1941,78,8.85,89.6,91.3,109.3,5.56,1.89,1.0
1942,78,10.18,-0.0,-0.0,18.0,1000000.0,10280.46,4.0
1943,78,10.18,0.0,0.0,-17.8,1000000.0,10200.17,6.0
1944,78,12.49,-88.3,-88.6,-88.7,8.07,5.68,6.0
1945,78,9.89,-126.5,-126.8,180.0,4.47,1.94,5.0
1946,78,12.49,88.3,88.6,88.7,8.07,5.68,6.5
1947,78,8.85,-89.5,-91.1,-109.1,5.57,2.14,7.5
1948,78,9.89,-126.5,-126.8,-180.0,4.47,1.94,5.0
1949,100,9.89,-126.5,-126.8,-180.0,4.47,1.94,5.0
1950,30,21.92,138.8,138.9,139.0,9.04,2.55,11.0
1951,30,21.32,-7.3,-7.3,-7.3,168.16,47.79,13.0
1952,30,21.32,7.3,7.3,7.3,168.15,47.62,8.5
1953,30,21.53,-33.8,-33.8,-33.8,36.53,10.63,7.5
1954,30,9.89,-126.5,-126.8,180.0,4.47,1.94,5.0
1955,30,21.53,33.7,33.7,33.8,36.55,10.62,14.0
1956,30,21.92,-138.8,-138.9,-139.0,9.04,2.55,11.0
1957,88,14.21,12.0,12.0,9.5,67.73,26.73,7.5
1958,88,12.56,-74.7,-75.1,-77.6,9.58,6.91,3.5
1959,88,9.89,-126.5,-126.8,180.0,4.47,1.94,5.0
1960,88,12.56,74.7,75.1,77.6,9.58,6.91,9.0
1961,88,12.73,-92.4,-92.8,-92.8,7.86,5.32,6.5
1962,88,9.89,-126.5,-126.8,180.0,4.47,1.94,5.0
1963,88,12.73,92.4,92.8,92.8,7.86,5.32,6.5
1964,88,14.21,-12.0,-12.0,-9.5,67.73,26.73,7.0
1965,88,9.89,-126.5,-126.8,180.0,4.47,1.94,5.0
1966,104,9.89,-126.5,-126.8,180.0,4.47,1.94,5.0
1967,106,9.89,-126.5,-126.8,-180.0,4.47,1.94,5.0
1968,105,16.99,19.1,19.2,19.2,50.83,19.58,8.0
1969,105,20.44,-60.7,-61.1,-61.1,19.18,10.46,1.0
1970,105,9.89,-126.5,-126.8,180.0,4.47,1.94,5.0
1971,105,20.44,60.7,61.0,61.1,19.19,10.48,19.0
1972,105,18.54,-99.4,-99.7,-99.8,10.65,5.53,14.0
1973,105,18.53,99.4,99.7,99.8,10.65,5.53,5.0
1974,105,16.99,-19.2,-19.2,-19.2,50.78,19.58,9.0
1975,111,7.15,28.0,28.0,22.6,14.63,6.68,3.0
1976,111,4.67,-115.4,-116.2,-132.0,2.3,1.44,2.5
1977,111,6.84,35.7,35.8,25.4,10.95,5.25,3.5
1978,111,9.89,-126.5,-126.8,-180.0,4.47,1.94,5.0
1979,109,8.34,0.1,0.1,0.1,1000000.0,9.9,6.0
1980,109,9.89,-126.5,-126.8,180.0,4.47,1.94,5.0
1981,109,8.32,50.8,51.3,34.4,9.3,8.43,4.0
1982,109,7.3,-128.1,-128.6,-145.5,3.25,1.47,4.5
1983,72,11.55,53.8,54.3,51.0,12.19,7.12,10.5
1984,72,13.0,-104.3,-104.6,-108.0,7.12,4.08,5.0
1985,72,13.0,104.3,104.6,104.7,7.12,4.08,8.0
1986,72,14.07,-21.0,-21.0,-21.0,38.34,13.91,8.0
1987,72,14.07,21.0,21.0,21.0,38.33,13.89,6.0
1988,72,11.55,-53.8,-54.3,-54.3,12.19,7.1,1.0
1989,72,9.89,-126.5,-126.8,180.0,4.47,1.94,5.0
1990,76,25.75,96.3,96.5,96.5,15.29,9.41,16.0
1991,76,24.06,-15.9,-15.9,-11.3,86.69,15.32,16.0
1992,76,9.89,-126.5,-126.8,-180.0,4.47,1.94,5.0
1993,76,24.06,15.9,15.9,11.3,86.59,15.34,8.0
1994,76,15.44,-67.1,-67.5,-72.2,13.1,7.15,1.5
1995,76,15.44,67.0,67.5,72.2,13.11,7.14,14.0
1996,76,25.75,-96.3,-96.5,-96.5,15.29,9.42,10.0
1997,76,9.89,-126.5,-126.8,-180.0,4.47,1.94,5.0
1998,1,4.29,2.4,2.4,2.4,101.01,14.0,1.0
1999,1,9.89,-126.5,-126.8,-180.0,4.47,1.94,5.0
2000,112,9.89,-126.5,-126.8,180.0,4.47,1.94,5.0
2001,112,2.97,0.0,0.0,6.9,1000000.0,1000000.0,1.0
2002,99,10.44,93.0,93.6,98.7,6.39,3.54,2.5
2003,99,13.01,-0.0,-0.0,5.1,1000000.0,834430.27,5.5
2004,99,10.87,-85.1,-85.7,-80.6,7.27,4.21,2.0
2005,99,10.87,85.1,85.7,80.6,7.27,4.19,8.5
2006,99,16.17,-0.7,-0.7,-0.7,1337.67,520.83,8.0
2007,99,12.91,-93.9,-94.2,-94.3,7.85,5.23,6.5
2008,99,12.91,93.9,94.2,94.3,7.85,5.23,6.5
2009,99,13.01,0.0,0.0,-5.1,1000000.0,811878.1,7.0
2010,99,13.33,-86.0,-86.4,-86.4,8.85,6.37,7.0
2011,99,9.89,-126.5,-126.8,180.0,4.47,1.94,5.0
2012,99,13.33,86.0,86.4,86.4,8.85,6.36,6.5
2013,99,16.17,0.7,0.7,0.7,1337.65,520.56,8.0
2014,99,10.44,-92.9,-93.5,-98.7,6.4,3.54,8.0
2015,99,9.89,-126.5,-126.8,-180.0,4.47,1.94,5.0
2016,21,29.91,59.4,59.5,59.6,28.78,22.23,23.0
2017,21,31.8,-0.1,-0.1,-0.1,1000000.0,105.5,21.5
2018,21,52.6,-170.9,-170.9,-173.2,17.64,0.89,20.5
2019,21,52.6,170.8,170.9,173.2,17.64,0.9,32.5
2020,21,43.94,50.3,50.4,52.8,49.93,36.38,39.5
2021,21,44.46,-9.2,-9.2,-6.9,275.49,39.06,29.5
2022,21,9.89,-126.5,-126.8,-180.0,4.47,1.94,5.0
2023,21,44.46,9.3,9.3,6.9,275.22,39.05,15.0
2024,21,31.8,0.1,0.1,0.1,1000000.0,105.61,10.0
2025,21,16.81,-120.1,-120.3,-120.3,8.01,3.63,8.5
2026,21,16.81,120.1,120.3,120.3,8.01,3.63,8.5
2027,21,43.94,-50.3,-50.4,-52.8,49.92,36.38,4.0
2028,21,29.91,-59.4,-59.6,-59.6,28.77,22.23,7.0
2029,13,38.9,10.6,10.6,10.6,209.95,78.57,18.5
2030,13,34.36,-83.5,-84.6,-85.1,23.28,3.31,33.0
2031,13,54.71,-166.8,-166.8,-166.8,18.79,1.15,25.0
2032,13,54.71,166.8,166.8,166.8,18.79,1.16,30.0
2033,13,45.31,-2.6,-2.6,-2.6,1010.72,46.14,31.0
2034,13,36.51,-81.0,-91.7,-98.3,22.82,1.48,35.5
2035,13,36.51,87.5,98.1,98.3,21.32,1.34,1.0
2036,13,34.36,84.0,85.1,85.1,23.14,3.0,1.0
2037,13,13.62,-83.8,-84.2,-84.3,9.27,6.33,9.0
2038,13,13.62,83.9,84.2,84.3,9.26,6.32,4.5
2039,13,45.31,2.6,2.6,2.6,1007.02,46.19,14.5
2040,13,38.9,-10.6,-10.6,-10.6,209.95,78.59,20.5
2041,13,9.89,-126.5,-126.8,-180.0,4.47,1.94,5.0
2042,36,15.63,86.4,86.8,86.8,10.32,6.1,12.0
2043,36,15.17,1.2,1.2,2.0,706.21,231.17,9.0
2044,36,12.59,-91.1,-91.5,-91.6,7.88,5.41,6.5
2045,36,9.89,-126.5,-126.8,-180.0,4.47,1.94,5.0
2046,36,12.59,91.1,91.5,91.6,7.88,5.41,6.5
2047,36,15.9,-1.6,-1.6,-1.6,561.06,12.55,4.5
2048,36,12.41,-86.8,-87.2,-86.5,8.16,5.82,6.5
2049,36,9.89,-126.5,-126.8,180.0,4.47,1.94,5.0
2050,36,12.41,86.8,87.2,86.5,8.15,5.82,6.0
2051,36,15.17,-1.2,-1.2,-2.0,706.21,230.93,6.5
2052,36,8.93,-93.5,-94.4,-95.2,5.42,2.59,1.5
2053,36,9.89,-126.5,-126.8,180.0,4.47,1.94,5.0
2054,36,8.93,93.4,94.3,95.1,5.43,2.59,7.5
2055,36,15.9,1.6,1.6,1.6,568.73,12.55,11.0
2056,36,15.63,-86.4,-86.8,-86.8,10.31,6.12,3.5
2057,51,33.1,4.2,4.2,1.2,450.89,139.17,14.0
2058,51,29.62,-63.7,-64.1,-64.2,26.49,8.84,28.5
2059,51,18.43,-124.9,-125.0,-123.9,8.44,3.46,10.0
2060,51,18.43,124.9,125.1,123.9,8.44,3.45,8.5
2061,51,30.4,-50.5,-50.7,-55.0,34.37,26.24,4.0
2062,51,27.85,-118.8,-119.0,-120.3,13.41,5.84,17.0
2063,51,9.89,-126.5,-126.8,180.0,4.47,1.94,5.0
2064,51,27.87,119.0,119.1,120.4,13.41,5.84,10.5
2065,51,29.62,63.9,64.2,64.2,26.42,8.75,1.0
2066,51,15.28,-111.2,-111.5,-114.6,7.85,4.16,7.5
2067,51,15.29,111.3,111.6,114.7,7.85,4.16,7.5
2068,51,30.4,50.5,50.7,55.0,34.38,26.24,26.5
2069,51,33.1,-4.2,-4.2,-1.2,450.89,139.33,19.5
2070,5,25.27,87.2,87.8,88.0,16.49,4.58,24.0
2071,5,29.76,-1.0,-1.0,-1.0,1656.74,524.29,12.5
2072,5,13.32,-79.1,-79.5,-79.5,9.6,6.63,4.0
2073,5,13.32,79.1,79.5,79.5,9.6,6.63,9.5
2074,5,23.67,-12.8,-12.8,-12.5,105.98,4.81,4.5
2075,5,25.9,-101.1,-101.5,-101.5,14.62,4.64,3.0
2076,5,25.9,100.9,101.3,101.5,14.65,4.63,23.0
2077,5,29.76,1.0,1.0,1.0,1656.77,524.78,17.0
2078,5,12.52,-90.5,-90.9,-90.9,7.89,5.46,6.5
2079,5,12.52,90.5,90.9,90.9,7.89,5.46,6.5
2080,5,23.67,12.2,12.1,12.5,111.62,4.83,19.5
2081,5,25.27,-87.4,-88.0,-88.0,16.45,4.58,1.5
