osm_type,osm_id,name,code,ref,building,levels,height_m,layer,tm_x,tm_y,xodr_x,xodr_y,carla_x,carla_y,bbox_ew_m,bbox_ns_m,min_dist_m,nearest_route,routes_within_100m,tier,route_inside
way,446440341,경영대학 본관 (N13),N13,,university,5,18,,38.2,328.6,559.7,822.2,559.7,-822.2,76.1,70.0,0.0,middle,north:35 middle:0,1,middle
way,765358663,,,,yes,,,1,21.2,362.5,542.8,856.2,542.8,-856.2,27.0,31.8,0.0,middle,north:65 middle:0,1,middle
way,446440350,진리관,,,university,5,,,127.1,417.5,648.6,911.1,648.6,-911.1,34.5,46.2,2.8,middle,middle:3,1,
way,471400965,,,,yes,,,,-241.9,263.0,279.6,756.6,279.6,-756.6,23.4,21.4,4.9,yangseong,south:24 yangseong:5 legacy:24,1,
way,452601521,개성재 관리동,,,university,2,8,,108.1,471.0,629.6,964.6,629.6,-964.6,48.0,49.2,7.5,middle,middle:7,1,
way,692594348,씨비엔유 스타,,,yes,,,,-20.0,358.2,501.6,851.8,501.6,-851.8,48.1,41.3,8.4,middle,north:38 middle:8,1,
way,452601520,개척관,,,university,5,20,,179.0,465.6,700.5,959.2,700.5,-959.2,50.5,25.7,10.4,middle,middle:10,1,
way,442760316,지선관 (S17-1),S17-1,,university,13,,,-351.5,75.4,170.0,569.1,170.0,-569.1,52.8,39.3,11.0,yangseong,yangseong:11,1,
way,452270376,자연과학대학 본관 (S1-1),S1-1,,university,4,,,23.5,54.9,545.0,548.6,545.0,-548.6,109.5,64.0,12.7,south,south:13 legacy:16,1,
way,446440344,인문사회관 (N14),N14,,university,7,,,19.8,411.0,541.3,904.6,541.3,-904.6,70.8,71.7,13.6,middle,north:77 middle:14,1,
way,442066135,중앙도서관 구관 (N12),N12,,yes,,,,105.5,122.8,627.0,616.4,627.0,-616.4,94.2,84.5,14.2,legacy,north:46 south:57 legacy:14,1,
way,446440342,미술관 (N16-2),N16-2,,university,5,18,,83.0,388.2,604.5,881.8,604.5,-881.8,23.7,46.8,15.3,middle,middle:15,1,
way,446440349,정의관,,,university,5,,,152.7,440.2,674.2,933.8,674.2,-933.8,31.6,25.5,15.9,middle,middle:16,1,
way,692594349,이마트24 충북대대학본부점,,,yes,1,,,-59.2,368.3,462.3,862.0,462.3,-862.0,36.5,38.3,16.6,north,north:17 south:93 middle:17 yangseong:93 legacy:93,1,
way,442760303,,,,university,,,,-301.0,180.2,220.5,673.8,220.5,-673.8,35.8,31.8,17.0,yangseong,yangseong:17,1,
way,442760317,,,,university,13,,,-359.4,60.9,162.1,554.5,162.1,-554.5,58.0,40.2,20.9,yangseong,yangseong:21,1,
way,446440346,세종국가정책대학원,,,university,4,19,,158.0,216.0,679.6,709.6,679.6,-709.6,41.3,40.2,21.1,north,north:21 legacy:87,1,
way,442760314,명덕관 (S17-2),S17-2,,university,10,,,-327.9,-3.9,193.6,489.7,193.6,-489.7,54.7,70.0,22.6,yangseong,yangseong:23,1,
way,446440345,사회과학대학 본관 (N15),N15,,university,4,19,,120.8,259.2,642.3,752.8,642.3,-752.8,54.5,92.7,24.3,north,north:24 legacy:77,1,
way,442595862,대학본부 (N10),N10,,university,9,,,-160.7,298.1,360.8,791.8,360.8,-791.8,46.9,52.7,25.6,south,north:58 south:26 middle:58 yangseong:27 legacy:26,1,
way,442760304,첨단바이오 연구센터 (S20),S20,,university,6,,,-349.3,185.9,172.2,679.5,172.2,-679.5,81.9,82.6,29.6,yangseong,yangseong:30,1,
way,452365446,공동실험실습관 (N11),N11,,college,5,,,-99.7,229.5,421.9,723.1,421.9,-723.1,64.8,58.6,30.1,south,north:93 south:30 middle:93 yangseong:89 legacy:30,1,
way,442760291,농업생명과학대학 실험동 (S21-5),S21-5,,university,4,,,-301.4,305.3,220.1,798.9,220.1,-798.9,125.7,74.5,30.9,yangseong,south:34 yangseong:31 legacy:34,1,
way,452601519,계영원,,,university,11,,,192.5,509.3,714.0,1002.9,714.0,-1002.9,45.2,31.7,32.9,middle,middle:33,1,
way,442595863,국제교류원 (N10),N10,,university,,,,-125.5,314.8,396.0,808.4,396.0,-808.4,70.7,51.2,36.7,north,north:37 south:37 middle:37 yangseong:37 legacy:37,1,
way,471400916,차고 (S10),S10,,university,,,,-123.7,115.7,397.8,609.3,397.8,-609.3,26.3,19.1,37.4,south,south:37 legacy:37,1,
way,442760290,농업생명과학대학 강의동 (S21-4),S21-4,,university,3,,,-314.2,233.3,207.4,726.9,207.4,-726.9,101.1,61.6,40.2,yangseong,south:71 yangseong:40 legacy:71,1,
way,471400915,,,,university,,,,-75.9,79.1,445.6,572.8,445.6,-572.8,20.6,11.1,44.0,south,south:44 legacy:44,1,
way,692587909,법학전문대학원 (N2),N2,,university,8,,,-192.9,519.4,328.7,1013.0,328.7,-1013.0,118.9,90.0,44.1,legacy,north:44 south:44 middle:44 yangseong:44 legacy:44,1,
way,442760311,양성재,,,university,,,,-356.7,37.5,164.8,531.1,164.8,-531.1,15.3,15.1,45.4,yangseong,yangseong:45,1,
way,446440348,미술과 (N16-3),N16-3,,university,3,21,,181.9,397.2,703.4,890.8,703.4,-890.8,65.4,27.1,52.5,middle,middle:53,2,
way,648686778,중앙도서관 신관 (N12),N12,,yes,,,,138.3,102.6,659.8,596.2,659.8,-596.2,53.5,63.0,60.2,north,north:60 south:68 legacy:97,2,
way,470097512,,,,yes,,,,68.9,502.1,590.4,995.7,590.4,-995.7,16.1,16.3,63.0,middle,middle:63,2,
way,452267227,충북대학교 박물관 (S9),S9,,yes,,,,-92.1,53.1,429.4,546.7,429.4,-546.7,42.2,40.5,64.8,legacy,south:65 legacy:65,2,
way,452270377,자연대 2호관 (S1-2),S1-2,,university,3,,,47.4,-17.7,568.9,475.9,568.9,-475.9,47.8,26.8,74.1,south,south:74,2,
way,442760312,신민관 (S17-3),S17-3,,university,7,,,-381.3,3.6,140.2,497.2,140.2,-497.2,47.3,39.1,79.6,yangseong,yangseong:80,2,
way,442760315,,,,university,,,,-352.8,-20.2,168.7,473.4,168.7,-473.4,14.5,13.5,85.2,yangseong,yangseong:85,2,
way,471400800,,,,apartments,11,,,253.9,474.5,775.4,968.1,775.4,-968.1,46.7,54.6,88.8,middle,middle:89,2,
way,1283849590,인쇄목공실(S13),S13,,yes,1,,,-159.0,89.5,362.6,583.1,362.6,-583.1,8.8,10.3,90.4,south,south:90 legacy:90,2,
way,452267229,구학생회관 (S14),S14,,university,5,,,-186.5,75.7,335.0,569.3,335.0,-569.3,41.5,25.4,92.6,yangseong,yangseong:93,2,
way,446440347,인문대학 본관 (N16-1),N16-1,,university,4,,,196.1,297.6,717.6,791.2,717.6,-791.2,100.4,108.7,93.5,north,north:94,2,
way,452267231,과학기술도서관 (S1-7),S1-7,,yes,3,,,59.5,-37.0,581.0,456.6,581.0,-456.6,20.7,19.2,101.2,south,,0,
way,692592588,법학관 (N18),N18,,university,3,13,,269.3,410.4,790.8,904.0,790.8,-904.0,81.0,38.2,103.0,middle,,0,
way,662603177,,,,yes,,,,227.6,562.3,749.1,1055.9,749.1,-1055.9,16.8,16.2,104.1,middle,,0,
way,442760305,중앙연구소(S19),S19,,university,2,,,-411.2,164.8,110.3,658.4,110.3,-658.4,31.1,42.2,116.0,yangseong,,0,
way,813616019,,,,house,,,,261.7,542.3,783.2,1035.9,783.2,-1035.9,20.0,18.8,119.4,middle,,0,
way,471400960,농대부속건물(S21-24),S21-24,,university,2,,,-358.3,386.9,163.2,880.5,163.2,-880.5,16.5,14.6,124.1,yangseong,,0,
way,452270378,자연대 3호관 (S1-3),S1-3,,university,3,,,37.2,-60.6,558.7,433.0,558.7,-433.0,68.5,20.9,124.4,south,,0,
way,471400831,농기계 공작실(S21-22),S21-22,,university,2,,,-406.5,421.8,115.0,915.4,115.0,-915.4,40.8,36.8,124.4,yangseong,,0,
way,485644757,자연대온실2(S6-2),S6-2,,university,1,,,-291.6,-71.4,229.9,422.2,229.9,-422.2,10.6,11.9,124.6,yangseong,,0,
way,813616018,,,,house,,,,273.2,533.2,794.7,1026.8,794.7,-1026.8,20.6,20.3,126.0,middle,,0,
way,1283849589,농기계 실습실(S21-23),S21-23,,yes,1,,,-379.2,400.6,142.3,894.2,142.3,-894.2,25.3,22.2,126.7,yangseong,,0,
way,452267232,개신문화관 (E2),E2,,university,2,,,281.0,102.8,802.5,596.4,802.5,-596.4,75.0,93.4,129.0,north,,0,
way,813616017,,,,house,,,,286.0,521.4,807.5,1015.0,807.5,-1015.0,24.6,23.6,133.9,middle,,0,
way,442760300,,,,university,,,,-405.4,209.0,116.1,702.6,116.1,-702.6,9.8,9.2,136.5,yangseong,,0,
way,452267233,공학관 (E8-1),E8-1,,university,4,16,,150.6,-59.0,672.1,434.6,672.1,-434.6,91.9,57.8,138.5,south,,0,
way,442760306,승리관,,,university,,,,-444.2,137.3,77.3,630.9,77.3,-630.9,23.4,30.0,139.1,yangseong,,0,
way,452264484,신학생회관 (E3),E3,,yes,3,,,224.0,40.9,745.6,534.5,745.6,-534.5,75.0,71.0,139.5,south,,0,
way,813616020,,,,house,,,,277.4,552.1,798.9,1045.7,798.9,-1045.7,20.4,19.9,139.9,middle,,0,
way,452848247,동아리방,,,university,2,8,,-246.3,-85.5,275.2,408.1,275.2,-408.1,32.0,18.5,141.7,yangseong,,0,
way,452601523,평생교육원 (N5),N5,,university,3,,,-46.0,536.9,475.5,1030.5,475.5,-1030.5,48.4,41.2,145.4,middle,,0,
way,813616014,,,,house,,,,297.9,510.9,819.4,1004.5,819.4,-1004.5,16.1,16.6,146.9,middle,,0,
way,813616022,,,,house,,,,294.4,544.5,815.9,1038.1,815.9,-1038.1,18.5,19.4,147.4,middle,,0,
way,662603175,,,,yes,,,,263.0,581.1,784.5,1074.7,784.5,-1074.7,10.4,10.4,147.8,middle,,0,
way,471400959,,,,university,,,,-371.7,364.1,149.8,857.8,149.8,-857.8,15.8,14.8,150.8,yangseong,,0,
way,813616016,,,,house,,,,303.5,537.0,825.1,1030.6,825.1,-1030.6,21.7,20.9,150.8,middle,,0,
way,813616021,,,,house,,,,289.2,562.0,810.7,1055.6,810.7,-1055.6,22.5,25.7,152.4,middle,,0,
way,442760302,,,,university,,,,-433.0,193.0,88.5,686.7,88.5,-686.7,13.9,13.4,153.4,yangseong,,0,
way,442760298,농업과학 기술센터 (S21-3),S21-3,,university,3,13,,-433.0,248.8,88.5,742.4,88.5,-742.4,51.2,49.5,154.3,yangseong,,0,
way,813616013,,,,house,,,,315.3,504.4,836.8,998.0,836.8,-998.0,30.8,26.9,156.7,middle,,0,
way,471400942,,,,greenhouse,,,,-384.0,301.2,137.5,794.9,137.5,-794.9,6.8,7.3,158.5,yangseong,,0,
way,813616015,,,,house,,,,310.4,520.4,832.0,1014.0,832.0,-1014.0,15.4,17.3,159.4,middle,,0,
way,442760299,임산가공공장 (S21-2),S21-2,,university,1,,,-436.5,217.1,85.0,710.7,85.0,-710.7,28.3,25.4,159.6,yangseong,,0,
way,442065056,자연대 4호관 (S1-4),S1-4,,university,4,16,,20.4,-106.1,541.9,387.5,541.9,-387.5,88.5,31.6,160.0,south,,0,
way,471400939,,,,university,,,,-396.3,282.5,125.2,776.1,125.2,-776.1,8.5,8.6,161.2,yangseong,,0,
way,471400826,제2본관 (N19),N19,,university,2,,,311.5,370.8,833.0,864.4,833.0,-864.4,84.1,29.3,161.3,middle,,0,
way,662603176,,,,yes,,,,278.4,584.5,799.9,1078.1,799.9,-1078.1,9.7,9.5,161.9,middle,,0,
way,471400952,,,,greenhouse,,,,-372.2,338.2,149.3,831.8,149.3,-831.8,11.4,12.6,162.1,yangseong,,0,
way,471400940,,,,greenhouse,,,,-390.2,301.1,131.3,794.7,131.3,-794.7,12.1,14.1,162.6,yangseong,,0,
way,471400955,,,,greenhouse,,,,-375.7,343.6,145.8,837.2,145.8,-837.2,15.5,19.2,163.6,yangseong,,0,
way,471400948,,,,greenhouse,,,,-381.7,324.6,139.8,818.2,139.8,-818.2,11.9,13.7,164.1,yangseong,,0,
way,452601525,산학협력관 (N4),N4,,university,5,,,-109.6,582.3,411.9,1076.0,411.9,-1076.0,26.2,37.3,164.3,yangseong,,0,
way,442760293,온실관리동 (S21-20),S21-20,,university,2,,,-416.0,376.7,105.5,870.4,105.5,-870.4,54.6,43.9,165.0,yangseong,,0,
way,471400953,,,,greenhouse,,,,-381.4,347.5,140.1,841.1,140.1,-841.1,13.4,16.8,165.6,yangseong,,0,
way,813616012,,,,house,,,,318.9,479.6,840.4,973.2,840.4,-973.2,16.5,15.4,166.3,middle,,0,
way,471400950,,,,greenhouse,,,,-387.0,326.4,134.5,820.0,134.5,-820.0,12.1,13.7,169.9,yangseong,,0,
way,471400943,,,,greenhouse,,,,-395.6,306.8,125.9,800.4,125.9,-800.4,10.8,12.4,170.0,yangseong,,0,
way,655035322,합동강의실 (E8-2),E8-2,,university,2,8,,117.2,-99.8,638.7,393.8,638.7,-393.8,36.2,28.2,170.4,south,,0,
way,442760297,,,,university,1,,,-410.7,297.7,110.8,791.4,110.8,-791.4,28.7,27.3,171.4,yangseong,,0,
way,452601524,인재양성원 (N6),N6,,university,3,,,-83.3,588.8,438.2,1082.4,438.2,-1082.4,30.2,47.3,175.1,north,,0,
way,471400951,,,,greenhouse,,,,-392.1,330.3,129.4,823.9,129.4,-823.9,12.3,13.8,176.1,yangseong,,0,
way,813616011,,,,house,,,,333.4,489.5,854.9,983.1,854.9,-983.1,24.5,26.9,176.3,middle,,0,
way,471400944,,,,greenhouse,,,,-401.0,310.9,120.6,804.5,120.6,-804.5,9.8,11.8,177.3,yangseong,,0,
way,452601527,등용관 (S17-6),S17-6,,university,,,,-483.8,-21.6,37.7,472.0,37.7,-472.0,15.3,44.8,178.2,yangseong,,0,
way,815866574,,,,house,,,,290.3,598.9,811.8,1092.5,811.8,-1092.5,16.1,15.7,178.2,middle,,0,
way,815866573,,,,house,,,,279.4,615.7,800.9,1109.3,800.9,-1109.3,23.0,21.7,178.6,middle,,0,
way,907327172,,,,yes,,,,262.4,631.5,783.9,1125.1,783.9,-1125.1,21.7,22.0,178.7,middle,,0,
way,815866554,,,,house,,,,304.5,578.0,826.1,1071.6,826.1,-1071.6,15.5,20.4,179.6,middle,,0,
way,815866559,,,,house,,,,317.2,565.9,838.7,1059.5,838.7,-1059.5,21.7,12.7,179.8,middle,,0,
way,815866560,,,,house,,,,323.9,552.8,845.4,1046.4,845.4,-1046.4,21.7,13.0,181.0,middle,,0,
way,471400947,,,,greenhouse,,,,-400.0,339.0,121.5,832.6,121.5,-832.6,16.5,21.3,181.2,yangseong,,0,
way,471400946,,,,greenhouse,,,,-405.7,313.8,115.8,807.4,115.8,-807.4,10.5,11.9,182.2,yangseong,,0,
way,442760292,온실,,,greenhouse,1,,,-431.2,359.0,90.3,852.6,90.3,-852.6,64.0,55.4,182.3,yangseong,,0,
way,907327171,,,,yes,,,,249.3,646.1,770.9,1139.7,770.9,-1139.7,17.9,19.5,182.8,middle,,0,
way,445259782,현대빌라,,,residential,3,,,-126.7,708.8,394.8,1202.4,394.8,-1202.4,51.7,16.2,183.5,north,,0,
way,471401075,,,,university,,,,325.7,415.5,847.2,909.1,847.2,-909.1,19.1,21.1,183.5,middle,,0,
way,815866561,,,,house,,,,330.7,539.8,852.2,1033.4,852.2,-1033.4,21.5,15.2,183.5,middle,,0,
way,676959812,사범대학 강의동 (E1-2),E1-2,,university,4,21,1,374.1,144.9,895.6,638.5,895.6,-638.5,103.9,75.9,184.2,north,,0,
way,442065054,전산정보원 (S2),S2,,university,3,13,,-83.9,-88.1,437.6,405.5,437.6,-405.5,46.1,35.6,185.1,south,,0,
way,815866564,,,,house,,,,336.3,527.4,857.8,1021.0,857.8,-1021.0,18.7,11.8,186.9,middle,,0,
way,471400997,국제교류본부 3호관 (N9),N9,,university,2,,,62.8,667.4,584.3,1161.0,584.3,-1161.0,39.3,30.5,187.9,middle,,0,
way,815866555,,,,house,,,,315.0,583.8,836.5,1077.4,836.5,-1077.4,16.6,24.8,191.0,middle,,0,
way,815866567,,,,house,,,,342.2,516.6,863.7,1010.2,863.7,-1010.2,17.5,12.3,191.5,middle,,0,
way,442065053,본부관리동 (S3),S3,,university,1,,,-151.8,-103.6,369.8,390.0,369.8,-390.0,60.9,47.4,191.6,yangseong,,0,
way,815866570,,,,house,,,,302.0,609.6,823.5,1103.2,823.5,-1103.2,17.4,17.9,193.4,middle,,0,
way,445259783,,,,apartments,,,,-141.1,730.3,380.4,1223.9,380.4,-1223.9,37.6,14.2,194.1,north,,0,
way,907327170,,,,yes,,,,274.4,644.1,795.9,1137.7,795.9,-1137.7,25.9,25.3,194.2,middle,,0,
way,471400996,보육교사교육원 (N8),N8,,university,1,,,12.4,646.5,534.0,1140.2,534.0,-1140.2,37.6,29.5,194.8,middle,,0,
way,471400957,,,,university,,,,-461.0,391.0,60.5,884.6,60.5,-884.6,12.1,12.9,195.4,yangseong,,0,
way,907327169,,,,yes,,,,258.7,656.2,780.2,1149.8,780.2,-1149.8,18.9,20.5,195.8,middle,,0,
way,485638558,충북대 천문대,,,yes,,,,-27.1,-114.8,494.4,378.8,494.4,-378.8,7.8,7.3,196.0,south,,0,
way,815866568,,,,house,,,,349.2,501.0,870.7,994.6,870.7,-994.6,17.8,20.1,196.3,middle,,0,
way,471400956,,,,greenhouse,,,,-456.6,382.5,64.9,876.1,64.9,-876.1,11.8,12.7,196.6,yangseong,,0,
way,471400827,,,,yes,,,,334.0,395.9,855.5,889.5,855.5,-889.5,15.6,14.2,199.8,middle,,0,
way,815866562,,,,house,,,,345.5,555.7,867.0,1049.3,867.0,-1049.3,21.0,11.7,202.3,middle,,0,
way,452601528,청운관 (S17-5),S17-5,,university,,,,-532.9,8.5,-11.3,502.1,-11.3,-502.1,52.3,15.9,202.7,yangseong,,0,
way,471400995,형설관 (N7),N7,,university,,,,-40.5,619.6,481.1,1113.2,481.1,-1113.2,83.8,51.3,202.7,middle,,0,
way,442760295,,,,university,,,,-434.6,332.2,86.9,825.8,86.9,-825.8,32.1,26.7,202.9,yangseong,,0,
way,907327161,,,,house,,,,339.6,581.1,861.2,1074.7,861.2,-1074.7,29.4,33.3,202.9,middle,,0,
way,815866556,,,,house,,,,323.4,601.4,844.9,1095.0,844.9,-1095.0,14.6,13.8,204.4,middle,,0,
way,815866563,,,,house,,,,350.2,545.3,871.7,1038.9,871.7,-1038.9,20.0,13.7,204.5,middle,,0,
way,815866565,,,,house,,,,354.5,532.6,876.0,1026.2,876.0,-1026.2,19.0,12.0,205.5,middle,,0,
way,468616629,NH관 (E3-1),E3-1,,yes,,,,265.2,1.9,786.7,495.5,786.7,-495.5,53.7,61.5,208.1,south,,0,
way,676959811,사범대학 실험동 (E1-1),E1-1,,university,4,21,,391.3,191.4,912.8,685.0,912.8,-685.0,100.0,69.0,208.1,north,,0,
way,815866566,,,,house,,,,358.1,522.2,879.6,1015.8,879.6,-1015.8,16.8,11.8,208.4,middle,,0,
way,452267234,건설공학관 (E8-3),E8-3,,university,4,16,,199.5,-120.8,721.0,372.8,721.0,-372.8,113.4,88.9,208.7,south,,0,
way,815866571,,,,house,,,,313.4,620.7,834.9,1114.3,834.9,-1114.3,17.0,17.9,209.3,middle,,0,
way,907327167,,,,yes,,,,269.6,664.5,791.1,1158.2,791.1,-1158.2,17.9,13.2,209.6,middle,,0,
way,815866569,,,,house,,,,364.9,503.1,886.4,996.7,886.4,-996.7,18.3,21.5,210.7,middle,,0,
way,452267238,은하수식당(교직원) (N21),N21,,university,1,,,345.3,289.5,866.8,783.1,866.8,-783.1,45.3,25.2,212.4,north,,0,
way,907327164,,,,yes,,,,289.3,657.0,810.8,1150.6,810.8,-1150.6,25.5,23.7,213.1,middle,,0,
way,471400830,,,,yes,2,8,,349.9,386.3,871.4,879.9,871.4,-879.9,20.1,19.8,215.8,middle,,0,
way,472037978,,,,greenhouse,,,,-271.8,-163.1,249.7,330.5,249.7,-330.5,9.5,16.0,215.8,yangseong,,0,
way,472037979,,,,greenhouse,,,,-264.6,-161.4,256.9,332.2,256.9,-332.2,10.1,15.2,216.0,yangseong,,0,
way,472037977,,,,greenhouse,,,,-278.2,-165.1,243.3,328.5,243.3,-328.5,9.7,17.1,216.2,yangseong,,0,
way,907327168,,,,yes,,,,269.4,676.2,790.9,1169.8,790.9,-1169.8,19.0,20.3,216.6,middle,,0,
way,472252980,사창동 행정복지센터,,,public,,,,228.8,701.5,750.4,1195.1,750.4,-1195.1,25.6,23.3,217.1,middle,,0,
way,472037976,,,,greenhouse,,,,-285.4,-167.0,236.1,326.6,236.1,-326.6,11.4,17.3,217.2,yangseong,,0,
way,815866557,,,,house,,,,332.0,610.0,853.5,1103.6,853.5,-1103.6,17.0,17.9,218.3,middle,,0,
way,471400717,,,,university,,,,-507.2,200.6,14.3,694.2,14.3,-694.2,13.9,27.8,219.2,yangseong,,0,
way,815866572,,,,house,,,,325.3,632.7,846.8,1126.3,846.8,-1126.3,18.7,20.7,224.2,middle,,0,
way,452601526,양현재 관리동 (S17-7),S17-7,,university,,,,-545.0,-28.9,-23.5,464.7,-23.5,-464.7,47.1,40.6,229.8,yangseong,,0,
way,471400699,,,,greenhouse,,,,-541.7,141.8,-20.1,635.4,-20.1,-635.4,19.4,10.8,230.9,yangseong,,0,
way,907327175,,,,commercial,,,,365.8,606.4,887.3,1100.0,887.3,-1100.0,36.6,58.8,231.5,middle,,0,
way,471400702,,,,greenhouse,,,,-542.7,135.8,-21.1,629.4,-21.1,-629.4,17.3,10.2,231.7,yangseong,,0,
way,907327166,,,,house,,,,291.1,682.8,812.6,1176.4,812.6,-1176.4,22.0,20.5,231.7,middle,,0,
way,907327163,,,,yes,,,,301.7,666.2,823.2,1159.8,823.2,-1159.8,16.1,17.1,232.7,middle,,0,
way,472037973,,,,yes,,,,-557.0,51.0,-35.5,544.6,-35.5,-544.6,14.0,9.2,240.5,yangseong,,0,
way,471400711,,,,university,,,,-538.2,181.9,-16.6,675.5,-16.6,-675.5,15.9,8.4,241.8,yangseong,,0,
way,452270375,공대공학관 (E8-7),E8-7,,university,4,21,,143.6,-191.9,665.1,301.7,665.1,-301.7,96.0,62.3,241.9,south,,0,
way,471667850,,,,greenhouse,,,,-554.2,115.8,-32.7,609.4,-32.7,-609.4,11.5,33.3,242.6,yangseong,,0,
way,445284505,104,,,apartments,,,,-415.6,-180.2,105.9,313.4,105.9,-313.4,74.5,13.5,242.7,yangseong,,0,
way,452601516,생활과학관 (N20-1),N20-1,,university,3,12,,390.4,349.2,912.0,842.8,912.0,-842.8,75.9,34.8,242.9,middle,,0,
way,907327162,,,,yes,,,,316.3,674.4,837.8,1168.0,837.8,-1168.0,20.0,16.2,244.5,middle,,0,
way,907327174,,,,yes,,,,358.4,646.3,879.9,1139.9,879.9,-1139.9,37.4,28.9,247.5,middle,,0,
way,445259786,,,,apartments,,,,192.7,752.4,714.2,1246.1,714.2,-1246.1,64.7,33.6,247.7,middle,,0,
way,452421702,글로컬교육스포츠센터,,,university,4,,,367.7,12.3,889.2,505.9,889.2,-505.9,107.6,82.9,249.4,north,,0,
way,445259784,,,,apartments,,,,-43.8,692.1,477.7,1185.7,477.7,-1185.7,55.1,16.0,250.0,north,,0,
way,472037974,,,,yes,,,,-562.6,31.1,-41.1,524.7,-41.1,-524.7,8.3,16.6,250.1,yangseong,,0,
way,907327165,,,,yes,,,,312.7,690.5,834.3,1184.1,834.3,-1184.1,20.4,16.3,250.6,middle,,0,
way,442065037,전자정보 3관 (S4-1),S4-1,,university,4,,,-174.9,-182.5,346.6,311.1,346.6,-311.1,86.3,26.0,251.6,yangseong,,0,
way,907327173,,,,yes,,,,344.7,662.8,866.2,1156.4,866.2,-1156.4,23.7,19.4,253.8,middle,,0,
way,442065035,자연대 5호관 (S1-5),S1-5,,university,4,16,,-49.3,-189.6,472.3,304.0,472.3,-304.0,93.4,46.6,255.5,south,,0,
way,665836860,103,,,apartments,,,,-394.7,-228.6,126.8,265.0,126.8,-265.0,92.2,45.6,264.5,yangseong,,0,
way,445259785,,,,apartments,,,,25.9,744.7,547.4,1238.3,547.4,-1238.3,42.6,16.4,270.5,middle,,0,
way,643060315,,,,commercial,,,,364.8,667.3,886.3,1160.9,886.3,-1160.9,17.4,18.5,275.0,middle,,0,
way,442595045,,,,yes,,,,-596.1,61.5,-74.6,555.1,-74.6,-555.1,16.1,14.7,278.0,yangseong,,0,
way,442066130,학연산공동기술연구원 (E9),E9,,university,9,,,71.5,-236.8,593.0,256.8,593.0,-256.8,67.0,57.8,278.9,south,,0,
way,471401079,농장관리실(S5-1),S5-1,,university,2,,,-238.8,-238.6,282.7,255.1,282.7,-255.1,33.3,19.2,291.4,yangseong,,0,
way,471400829,충북대학교 직장어린이집(N20-3),N20-3,,yes,,,,415.3,358.4,936.8,852.0,936.8,-852.0,11.7,10.8,292.7,middle,,0,
way,472252981,스타벅스 충북대점,,,yes,,,,297.2,749.1,818.7,1242.7,818.7,-1242.7,10.7,18.8,293.2,middle,,0,
way,445262534,3,,,apartments,,,,437.4,579.6,959.0,1073.2,959.0,-1073.2,20.2,39.5,302.0,middle,,0,
way,445262533,1,,,apartments,,,,453.9,520.5,975.4,1014.1,975.4,-1014.1,24.3,48.7,302.2,middle,,0,
way,442065036,나이팅게일관 (S4-2),S4-2,,university,4,16,,-140.3,-225.6,381.2,268.0,381.2,-268.0,64.3,22.0,303.9,yangseong,,0,
way,442065034,자연대 6호관 (S1-6),S1-6,,university,6,30,,-36.7,-250.5,484.8,243.1,484.8,-243.1,53.8,42.3,305.8,south,,0,
way,452601508,제1 공장동 (E8-4),E8-4,,university,2,,,234.1,-206.0,755.6,287.7,755.6,-287.7,47.1,42.8,310.0,south,,0,
way,493198764,,,,school,,,,-158.7,913.1,362.8,1406.7,362.8,-1406.7,19.8,69.2,310.2,north,,0,
way,665836859,102,,,apartments,,,,-394.7,-286.2,126.8,207.4,126.8,-207.4,88.0,48.1,318.5,yangseong,,0,
way,442066131,학연산공동교육관 (E10),E10,,university,6,,,133.1,-264.1,654.6,229.5,654.6,-229.5,52.9,55.7,318.8,south,,0,
way,473537461,,,,apartments,,,,490.6,479.1,1012.1,972.7,1012.1,-972.7,45.7,34.3,320.1,middle,,0,
way,445284492,가,,,apartments,,,,-635.2,660.9,-113.7,1154.5,-113.7,-1154.5,34.0,25.0,321.4,south,,0,
way,445262535,4,,,apartments,,,,460.2,587.8,981.7,1081.4,981.7,-1081.4,24.2,49.3,326.1,middle,,0,
way,445262532,2,,,apartments,,,,476.5,531.0,998.0,1024.6,998.0,-1024.6,20.6,40.6,327.5,middle,,0,
way,445284493,나,,,apartments,,,,-645.5,637.2,-124.0,1130.9,-124.0,-1130.9,32.2,24.1,328.5,south,,0,
way,445262523,7동,,,apartments,,,,448.5,693.2,970.0,1186.8,970.0,-1186.8,76.9,34.6,328.6,middle,,0,
way,473537453,가,,,apartments,,,,489.2,427.8,1010.7,921.4,1010.7,-921.4,28.1,40.3,334.4,middle,,0,
way,452601509,제2 공장동 (E8-5),E8-5,,university,1,,,221.1,-247.9,742.6,245.7,742.6,-245.7,55.5,53.0,336.7,south,,0,
way,445262522,9동,,,apartments,,,,439.6,723.6,961.1,1217.2,961.1,-1217.2,79.1,35.9,339.1,middle,,0,
way,494839271,덕성그린 아파트,,,apartments,,,,-661.1,603.1,-139.6,1096.8,-139.6,-1096.8,33.3,36.9,342.0,south,,0,
way,473537468,101,,,apartments,,,,486.1,625.7,1007.6,1119.3,1007.6,-1119.3,59.6,19.7,342.1,middle,,0,
way,445262527,103,,,apartments,,,,496.7,555.8,1018.2,1049.4,1018.2,-1049.4,32.1,16.2,343.4,middle,,0,
way,471400772,,,,greenhouse,,,,-164.8,-280.9,356.7,212.7,356.7,-212.7,7.9,33.4,353.7,yangseong,,0,
way,471400760,,,,greenhouse,,,,-82.5,-277.1,439.0,216.5,439.0,-216.5,6.6,30.2,356.3,south,,0,
way,452601510,의과대학2호관 (E7-3),E7-3,,university,4,18,,341.0,-179.9,862.5,313.7,862.5,-313.7,65.8,48.6,357.3,south,,0,
way,471400770,,,,greenhouse,,,,-150.6,-283.1,370.9,210.5,370.9,-210.5,7.8,34.7,358.0,yangseong,,0,
way,471400761,,,,greenhouse,,,,-90.3,-277.5,431.3,216.2,431.3,-216.2,7.2,30.4,359.2,south,,0,
way,445262521,,,,apartments,,,,432.8,756.0,954.3,1249.6,954.3,-1249.6,66.0,27.7,362.7,middle,,0,
way,452267236,토목공학관 (E8-6),E8-6,,university,4,,,180.1,-300.2,701.6,193.5,701.6,-193.5,49.8,69.7,363.0,south,,0,
way,471400762,,,,greenhouse,,,,-98.3,-277.8,423.3,215.8,423.3,-215.8,6.8,29.6,363.0,south,,0,
way,471400769,,,,greenhouse,,,,-136.6,-279.6,384.9,214.0,384.9,-214.0,7.6,29.5,363.3,yangseong,,0,
way,445259790,105,,,apartments,,,,524.7,482.5,1046.3,976.1,1046.3,-976.1,32.4,24.8,364.1,middle,,0,
way,471400768,,,,greenhouse,,,,-129.1,-279.5,392.4,214.1,392.4,-214.1,6.9,29.8,366.7,yangseong,,0,
way,471400764,,,,greenhouse,,,,-105.8,-278.6,415.7,215.0,415.7,-215.0,7.0,29.5,366.9,south,,0,
way,665836861,,,,commercial,,,,-497.2,-270.4,24.3,223.2,24.3,-223.2,30.4,8.7,367.6,yangseong,,0,
way,473537451,다,,,apartments,,,,517.7,378.8,1039.2,872.4,1039.2,-872.4,35.0,20.4,368.5,middle,,0,
way,471400766,,,,greenhouse,,,,-120.9,-278.8,400.6,214.8,400.6,-214.8,8.0,30.2,369.8,yangseong,,0,
way,471400765,,,,greenhouse,,,,-113.4,-279.0,408.1,214.6,408.1,-214.6,7.1,29.8,370.3,south,,0,
way,473537456,나,,,apartments,,,,523.0,416.9,1044.5,910.5,1044.5,-910.5,21.3,32.8,371.0,middle,,0,
way,970316229,,,,commercial,,,,230.2,873.4,751.8,1367.0,751.8,-1367.0,29.6,29.4,375.2,middle,,0,
way,665834150,특고압 변전실,,,yes,,,,518.9,88.8,1040.4,582.4,1040.4,-582.4,27.9,40.0,384.5,north,,0,
way,452602259,123학군단 (E5),E5,,university,3,,,478.0,-15.2,999.5,478.4,999.5,-478.4,31.9,25.7,385.3,north,,0,
way,471400757,,,,greenhouse,,,,-92.3,-296.4,429.2,197.2,429.2,-197.2,24.2,6.5,385.7,south,,0,
way,473928857,101,,,apartments,,,,-515.8,-291.3,5.7,202.3,5.7,-202.3,60.7,13.7,385.8,yangseong,,0,
way,445259791,104,,,apartments,,,,535.8,523.9,1057.3,1017.5,1057.3,-1017.5,10.7,40.7,386.3,middle,,0,
way,445262526,102,,,apartments,,,,528.2,586.5,1049.7,1080.1,1049.7,-1080.1,12.1,41.7,386.6,middle,,0,
way,494838783,,,,yes,,,,-695.3,559.8,-173.8,1053.4,-173.8,-1053.4,4.7,8.6,390.3,middle,,0,
way,471400753,,,,greenhouse,,,,-151.3,-320.8,370.2,172.8,370.2,-172.8,7.9,24.8,396.7,yangseong,,0,
way,471400758,,,,greenhouse,,,,-116.5,-297.7,405.0,195.9,405.0,-195.9,17.8,6.0,397.1,south,,0,
way,471486531,,,,school,,,,-107.7,973.2,413.8,1466.8,413.8,-1466.8,109.9,25.5,398.1,north,,0,
way,472037990,,,,university,,,,490.1,-9.3,1011.6,484.3,1011.6,-484.3,9.5,8.8,403.5,north,,0,
way,471400839,공학지원센터 (E8-8),E8-8,,university,3,,,260.7,-292.1,782.2,201.5,782.2,-201.5,43.8,46.4,407.0,south,,0,
way,445262529,1동,,,apartments,,,,519.0,701.3,1040.5,1194.9,1040.5,-1194.9,57.9,20.0,414.0,middle,,0,
way,472037989,,,,university,,,,498.2,-26.8,1019.7,466.8,1019.7,-466.8,19.5,20.9,417.1,north,,0,
way,470097505,2동,,,apartments,,,,529.4,735.6,1050.9,1229.2,1050.9,-1229.2,62.8,24.3,433.5,middle,,0,
way,473949413,재미슨빌딩,,,yes,,,,355.4,882.7,877.0,1376.3,877.0,-1376.3,27.2,23.9,439.1,middle,,0,
way,452601511,의과대학1호관 (E7-1),E7-1,,university,4,18,,400.3,-249.5,921.9,244.1,921.9,-244.1,90.1,65.2,442.8,south,,0,
way,493198762,,,,school,,,,-43.4,992.9,478.1,1486.5,478.1,-1486.5,74.5,54.0,452.6,north,,0,
way,692670185,인의관,,,university,14,,,300.8,-326.8,822.3,166.8,822.3,-166.8,54.3,59.5,453.4,south,,0,
way,676959806,운동장본부석 (E4-2),E4-2,,university,3,13,,528.5,-88.0,1050.0,405.6,1050.0,-405.6,47.2,40.6,460.1,north,,0,
way,493198763,,,,school,,,,-7.7,985.5,513.8,1479.1,513.8,-1479.1,26.6,47.4,463.8,north,,0,
way,452601512,임상연구동 (H3),,,university,7,26,,383.3,-288.2,904.8,205.5,904.8,-205.5,49.2,41.2,466.6,south,,0,
way,445259781,,,,apartments,,,,60.2,982.5,581.7,1476.1,581.7,-1476.1,64.8,12.9,506.2,north,,0,
way,442065827,수의과대학 및 동물의료센터 (E12-1),E12-1,,university,4,22,,-20.4,-456.2,501.1,37.4,501.1,-37.4,91.0,75.4,,,,0,
way,442065835,실험동물 연구지원센터 (E12-3),E12-3,,university,6,24,,-27.0,-383.4,494.5,110.2,494.5,-110.2,48.9,42.1,,,,0,
way,442065836,수의과대학 2호관 (E12-2),E12-2,,university,3,14,,36.8,-416.1,558.3,77.5,558.3,-77.5,59.0,44.3,,,,0,
way,445259780,,,,apartments,,,,58.4,1010.8,579.9,1504.5,579.9,-1504.5,73.5,15.3,,,,0,
way,445259789,106,,,apartments,,,,575.3,488.9,1096.8,982.5,1096.8,-982.5,62.7,12.4,,,,0,
way,445259792,108,,,apartments,,,,617.4,527.9,1138.9,1021.5,1138.9,-1021.5,11.4,41.1,,,,0,
way,445259793,109,,,apartments,,,,576.8,556.6,1098.3,1050.2,1098.3,-1050.2,48.7,11.1,,,,0,
way,445259794,110,,,apartments,,,,614.7,588.6,1136.3,1082.2,1136.3,-1082.2,12.1,49.6,,,,0,
way,445259795,111,,,apartments,,,,572.9,621.0,1094.4,1114.6,1094.4,-1114.6,61.1,12.5,,,,0,
way,445262444,203,,,apartments,,,,718.9,114.2,1240.4,607.8,1240.4,-607.8,57.7,12.9,,,,0,
way,445262445,206,,,apartments,,,,768.4,160.4,1290.0,654.0,1290.0,-654.0,58.9,15.3,,,,0,
way,445262446,205,,,apartments,,,,707.5,161.7,1229.0,655.3,1229.0,-655.3,51.6,13.6,,,,0,
way,445262447,202,,,apartments,,,,800.8,66.1,1322.3,559.7,1322.3,-559.7,61.8,14.1,,,,0,
way,445262448,201,,,apartments,,,,733.2,67.0,1254.7,560.6,1254.7,-560.6,61.2,13.4,,,,0,
way,445262450,103,,,apartments,,,,718.4,24.5,1239.9,518.1,1239.9,-518.1,28.2,17.7,,,,0,
way,445262451,101,,,apartments,,,,727.1,-11.8,1248.6,481.8,1248.6,-481.8,28.4,17.6,,,,0,
way,445262454,107동,,,apartments,,,,954.4,-56.0,1475.9,437.6,1475.9,-437.6,108.4,38.4,,,,0,
way,445262456,105동,,,apartments,,,,923.5,-11.4,1445.0,482.2,1445.0,-482.2,62.2,26.5,,,,0,
way,445262460,101동,,,apartments,,,,896.7,105.6,1418.2,599.2,1418.2,-599.2,43.1,22.3,,,,0,
way,445262469,101동,,,apartments,,,,923.5,-398.8,1445.0,94.8,1445.0,-94.8,52.6,89.4,,,,0,
way,445262470,,,,apartments,,,,900.2,-346.7,1421.7,147.0,1421.7,-147.0,37.9,52.0,,,,0,
way,445262471,105동,,,apartments,,,,846.2,-401.0,1367.7,92.6,1367.7,-92.6,76.7,50.2,,,,0,
way,445262472,103동,,,apartments,,,,816.3,-353.6,1337.8,140.0,1337.8,-140.0,33.5,38.5,,,,0,
way,445262473,101동,,,apartments,,,,799.6,-306.1,1321.2,187.5,1321.2,-187.5,49.9,43.5,,,,0,
way,445262474,102동,,,apartments,,,,740.3,-306.9,1261.8,186.7,1261.8,-186.7,62.2,30.2,,,,0,
way,445262503,412동,,,apartments,,,,918.9,189.7,1440.4,683.3,1440.4,-683.3,91.4,13.4,,,,0,
way,445262504,413동,,,apartments,,,,857.8,185.2,1379.3,678.8,1379.3,-678.8,39.1,17.1,,,,0,
way,445262505,410동,,,apartments,,,,881.9,229.1,1403.5,722.8,1403.5,-722.8,11.9,51.5,,,,0,
way,445262507,407동,,,apartments,,,,931.0,267.4,1452.6,761.0,1452.6,-761.0,75.4,12.7,,,,0,
way,445262508,408동,,,apartments,,,,846.3,269.8,1367.8,763.5,1367.8,-763.5,54.0,12.7,,,,0,
way,445262509,405동,,,apartments,,,,884.2,308.8,1405.7,802.4,1405.7,-802.4,10.9,52.3,,,,0,
way,445262510,403동,,,apartments,,,,846.9,351.6,1368.4,845.2,1368.4,-845.2,54.1,12.9,,,,0,
way,445262511,402동,,,apartments,,,,931.4,348.8,1452.9,842.5,1452.9,-842.5,73.9,12.7,,,,0,
way,445262513,,,,apartments,,,,771.0,963.4,1292.5,1457.0,1292.5,-1457.0,78.0,26.8,,,,0,
way,445262514,,,,apartments,,,,750.0,1019.9,1271.5,1513.6,1271.5,-1513.6,114.1,35.6,,,,0,
way,445262528,3동,,,apartments,,,,544.6,675.7,1066.1,1169.4,1066.1,-1169.4,70.1,18.8,,,,0,
way,445284494,A,,,apartments,,,,-721.8,649.0,-200.3,1142.6,-200.3,-1142.6,50.4,31.7,,,,0,
way,445284495,B,,,apartments,,,,-727.6,627.1,-206.1,1120.7,-206.1,-1120.7,72.3,43.6,,,,0,
way,445284496,라,,,apartments,,,,-716.1,585.8,-194.6,1079.4,-194.6,-1079.4,40.7,14.1,,,,0,
way,445284497,다,,,apartments,,,,-718.4,563.1,-196.9,1056.7,-196.9,-1056.7,41.2,13.1,,,,0,
way,445284498,나,,,apartments,,,,-719.5,538.0,-198.0,1031.6,-198.0,-1031.6,40.5,14.0,,,,0,
way,445284506,,,,apartments,,,,-873.0,-272.2,-351.5,221.4,-351.5,-221.4,77.3,16.4,,,,0,
way,445284507,,,,apartments,,,,-861.3,-243.8,-339.8,249.8,-339.8,-249.8,58.7,15.5,,,,0,
way,445284508,,,,apartments,,,,-855.2,-211.8,-333.6,281.8,-333.6,-281.8,39.0,15.3,,,,0,
way,445284510,,,,apartments,,,,-884.3,-157.9,-362.8,335.7,-362.8,-335.7,109.7,86.0,,,,0,
way,452267235,제5 공학관 (E8-10),E8-10,,university,10,38,,143.4,-345.3,664.9,148.3,664.9,-148.3,63.3,53.3,,,,0,
way,452601513,충북대학교 병원 장례식장,,,yes,,,,359.4,-496.2,880.9,-2.5,880.9,2.5,21.3,137.4,,,,0,
way,452602260,보조체육관 (E4-3),E4-3,,university,2,,,542.6,-44.3,1064.1,449.3,1064.1,-449.3,38.3,50.2,,,,0,
way,452866622,충북대학교 병원,,,hospital,9,36,,483.4,-328.5,1004.9,165.1,1004.9,-165.1,187.2,137.7,,,,0,
way,464028103,,,,apartments,,,,880.7,962.5,1402.2,1456.1,1402.2,-1456.1,7.5,26.3,,,,0,
way,464028104,,,,apartments,,,,864.9,962.7,1386.4,1456.3,1386.4,-1456.3,7.5,25.7,,,,0,
way,465162272,,,,yes,,,,-848.6,1086.7,-327.0,1580.3,-327.0,-1580.3,152.5,170.0,,,,0,
way,468606818,송학아파트 상가,,,commercial,,,,746.9,-339.6,1268.4,154.1,1268.4,-154.1,36.2,33.4,,,,0,
way,468616590,,,,yes,,,,669.8,-230.6,1191.3,263.0,1191.3,-263.0,26.3,39.3,,,,0,
way,468616594,,,,yes,,,,644.0,-109.0,1165.5,384.7,1165.5,-384.7,17.9,19.5,,,,0,
way,468616595,,,,yes,,,,709.8,-166.3,1231.3,327.3,1231.3,-327.3,20.9,16.2,,,,0,
way,468723941,개신초등학교,,,school,,,,-682.1,-781.1,-160.6,-287.5,-160.6,287.5,93.2,75.5,,,,0,
way,468723943,,,,apartments,,,,-666.3,-716.2,-144.7,-222.6,-144.7,222.6,36.8,25.0,,,,0,
way,468723944,,,,apartments,,,,-719.8,-737.3,-198.3,-243.7,-198.3,243.7,58.0,31.7,,,,0,
way,468723945,,,,apartments,,,,-746.1,-692.8,-224.6,-199.2,-224.6,199.2,55.9,33.0,,,,0,
way,468723946,,,,apartments,,,,-690.1,-667.0,-168.6,-173.4,-168.6,173.4,55.0,34.3,,,,0,
way,468726477,홈플러스,,,yes,,,,-841.8,-671.4,-320.3,-177.8,-320.3,177.8,34.5,40.7,,,,0,
way,468740389,,,,yes,,,,696.5,-28.0,1218.0,465.6,1218.0,-465.6,18.4,16.7,,,,0,
way,468740393,,,,residential,,,,637.2,-28.3,1158.7,465.3,1158.7,-465.3,29.9,19.3,,,,0,
way,468740394,,,,residential,,,,674.8,-33.4,1196.3,460.2,1196.3,-460.2,23.1,15.6,,,,0,
way,468740395,,,,residential,,,,636.5,-14.0,1158.0,479.6,1158.0,-479.6,22.9,16.9,,,,0,
way,468740397,,,,yes,,,,690.6,-253.6,1212.1,240.0,1212.1,-240.0,23.3,18.9,,,,0,
way,469665769,B동,,,apartments,,,,953.0,614.8,1474.6,1108.5,1474.6,-1108.5,37.9,8.7,,,,0,
way,469886441,102동,,,apartments,,,,898.5,60.0,1420.1,553.6,1420.1,-553.6,86.8,52.4,,,,0,
way,469887618,,,,commercial,3,,,924.8,-86.3,1446.3,407.3,1446.3,-407.3,40.2,20.1,,,,0,
way,469888362,204,,,apartments,,,,794.4,118.9,1315.9,612.5,1315.9,-612.5,54.3,32.0,,,,0,
way,469888484,경비실,,,yes,,,,748.7,-17.0,1270.2,476.6,1270.2,-476.6,8.6,7.5,,,,0,
way,469888517,,,,yes,,,,824.9,91.2,1346.4,584.9,1346.4,-584.9,15.8,20.3,,,,0,
way,469889118,,,,commercial,,,,690.7,100.5,1212.2,594.1,1212.2,-594.1,17.2,10.2,,,,0,
way,469889132,,,,apartments,,,,581.6,106.5,1103.1,600.1,1103.1,-600.1,43.3,80.2,,,,0,
way,469890719,,,,apartments,14,,,915.0,-289.3,1436.5,204.3,1436.5,-204.3,49.5,35.0,,,,0,
way,470942637,,,,yes,4,,,639.5,120.2,1161.0,613.8,1161.0,-613.8,16.0,17.3,,,,0,
way,471400794,주차타워,,,yes,,,,410.6,-490.1,932.1,3.5,932.1,-3.5,86.0,52.2,,,,0,
way,471400805,,,,yes,,,,53.7,-393.2,575.2,100.5,575.2,-100.5,21.0,21.3,,,,0,
way,471400806,,,,yes,,,,61.6,-378.3,583.2,115.3,583.2,-115.3,22.7,21.4,,,,0,
way,471400809,,,,yes,,,,106.1,-357.0,627.6,136.6,627.6,-136.6,22.9,26.4,,,,0,
way,471400810,,,,yes,,,,93.9,-340.2,615.4,153.4,615.4,-153.4,16.1,13.4,,,,0,
way,471400811,,,,yes,,,,81.1,-360.7,602.7,132.9,602.7,-132.9,17.5,15.3,,,,0,
way,471400819,,,,yes,,,,72.7,-399.9,594.2,93.7,594.2,-93.7,9.9,10.8,,,,0,
way,471489163,대학약국,,,yes,,,,664.1,-369.0,1185.6,124.6,1185.6,-124.6,20.2,18.2,,,,0,
way,471489164,,,,retail,,,,686.5,-387.5,1208.0,106.1,1208.0,-106.1,39.7,21.8,,,,0,
way,471489166,청주흰돌교회 선교센터,,,church,,,,635.9,-405.6,1157.4,88.0,1157.4,-88.0,16.0,22.2,,,,0,
way,471489167,청주흰돌교회 본관,,,church,,,,668.1,-448.4,1189.6,45.2,1189.6,-45.2,21.7,31.5,,,,0,
way,471489168,흰돌어린이집,,,kindergarten,,,,711.2,-435.9,1232.7,57.7,1232.7,-57.7,36.6,33.1,,,,0,
way,472034315,,,,yes,,,,652.7,123.2,1174.2,616.8,1174.2,-616.8,15.7,13.9,,,,0,
way,472452496,,,,yes,,,,916.2,-25.6,1437.7,468.0,1437.7,-468.0,5.1,6.4,,,,0,
way,472569190,,,,yes,,,,908.1,-115.4,1429.6,378.3,1429.6,-378.3,21.9,15.5,,,,0,
way,472569191,,,,yes,,,,929.1,-110.7,1450.6,382.9,1450.6,-382.9,21.4,14.1,,,,0,
way,472569192,,,,yes,,,,911.1,-131.1,1432.6,362.5,1432.6,-362.5,17.9,17.6,,,,0,
way,472576491,,,,commercial,,,,827.6,430.9,1349.1,924.5,1349.1,-924.5,38.5,30.7,,,,0,
way,473537458,,,,apartments,,,,566.1,418.9,1087.6,912.5,1087.6,-912.5,45.8,22.5,,,,0,
way,473537470,107,,,apartments,,,,646.9,494.1,1168.4,987.7,1168.4,-987.7,48.3,21.3,,,,0,
way,473591821,,,,apartments,,,,841.6,537.5,1363.1,1031.1,1363.1,-1031.1,20.3,20.2,,,,0,
way,473591822,,,,yes,,,,817.0,545.9,1338.5,1039.5,1338.5,-1039.5,13.6,10.1,,,,0,
way,473927091,,,,construction,,,,330.1,-391.4,851.6,102.2,851.6,-102.2,22.1,32.6,,,,0,
way,473929129,,,,apartments,,,,-868.4,-312.6,-346.9,181.0,-346.9,-181.0,61.2,13.1,,,,0,
way,473929130,,,,apartments,,,,-862.5,-339.7,-341.0,153.9,-341.0,-153.9,48.4,12.2,,,,0,
way,473929131,,,,apartments,,,,-861.1,-367.8,-339.6,125.8,-339.6,-125.8,39.7,11.9,,,,0,
way,473930071,,,,apartments,,,,-890.9,-636.2,-369.4,-142.6,-369.4,142.6,72.0,38.9,,,,0,
way,474288878,,,,apartments,,,,-519.1,-742.8,2.4,-249.2,2.4,249.2,53.3,37.4,,,,0,
way,474288879,,,,apartments,,,,-573.9,-746.4,-52.4,-252.8,-52.4,252.8,35.9,25.4,,,,0,
way,474288880,,,,apartments,,,,-609.2,-760.2,-87.7,-266.5,-87.7,266.5,26.2,21.0,,,,0,
way,474288881,,,,apartments,,,,-542.1,-678.0,-20.6,-184.4,-20.6,184.4,49.1,37.3,,,,0,
way,474288882,,,,apartments,,,,-635.0,-684.8,-113.5,-191.2,-113.5,191.2,25.5,20.2,,,,0,
way,474288884,,,,apartments,,,,-569.8,-616.5,-48.3,-122.9,-48.3,122.9,50.0,38.1,,,,0,
way,474290604,,,,apartments,,,,-907.7,-824.6,-386.2,-331.0,-386.2,331.0,73.6,44.9,,,,0,
way,474290605,,,,apartments,,,,-843.1,-796.5,-321.6,-302.9,-321.6,302.9,49.0,31.4,,,,0,
way,474290606,,,,apartments,,,,-804.7,-756.9,-283.2,-263.3,-283.2,263.3,52.1,31.6,,,,0,
way,474320431,,,,apartments,,,,-762.7,-547.0,-241.2,-53.4,-241.2,53.4,73.1,30.9,,,,0,
way,474320432,,,,apartments,,,,-795.0,-590.5,-273.5,-96.9,-273.5,96.9,30.2,51.3,,,,0,
way,474320433,,,,apartments,,,,-731.4,-626.3,-209.9,-132.7,-209.9,132.7,47.6,18.3,,,,0,
way,474320435,,,,apartments,,,,-690.7,-581.4,-169.2,-87.8,-169.2,87.8,52.6,47.9,,,,0,
way,474320436,,,,apartments,,,,-659.7,-519.3,-138.2,-25.7,-138.2,25.7,64.3,32.7,,,,0,
way,474320437,,,,apartments,,,,-730.8,-480.6,-209.3,13.0,-209.3,-13.0,43.9,28.2,,,,0,
way,474320438,,,,apartments,,,,-788.5,-471.4,-266.9,22.2,-266.9,-22.2,41.8,15.9,,,,0,
way,474320439,,,,apartments,,,,-724.3,-440.3,-202.8,53.3,-202.8,-53.3,108.8,38.9,,,,0,
way,474320440,,,,apartments,,,,-625.5,-453.2,-104.0,40.4,-104.0,-40.4,52.8,41.6,,,,0,
way,474320441,,,,apartments,,,,-605.7,-510.4,-84.2,-16.8,-84.2,16.8,44.4,40.9,,,,0,
way,474320442,,,,apartments,,,,-610.7,-567.7,-89.2,-74.1,-89.2,74.1,78.1,31.5,,,,0,
way,476512787,,,,yes,,,,942.0,-342.7,1463.5,150.9,1463.5,-150.9,13.3,14.5,,,,0,
way,482826802,,,,yes,,,,370.6,-825.1,892.1,-331.5,892.1,331.5,19.8,18.0,,,,0,
way,493198760,,,,school,,,,-147.2,1002.5,374.4,1496.1,374.4,-1496.1,15.4,36.5,,,,0,
way,493198761,,,,school,,,,-118.5,1009.8,403.0,1503.4,403.0,-1503.4,31.4,16.8,,,,0,
way,493200036,창신관,,,school,,,,659.1,282.2,1180.6,775.8,1180.6,-775.8,29.7,42.1,,,,0,
way,493200037,본관,,,school,,,,708.6,227.5,1230.1,721.1,1230.1,-721.1,156.2,56.0,,,,0,
way,493200038,창신유치원,,,kindergarten,,,,777.0,305.7,1298.5,799.4,1298.5,-799.4,30.9,65.5,,,,0,
way,494838325,,,,school,,,,-754.0,249.6,-232.5,743.2,-232.5,-743.2,108.1,31.5,,,,0,
way,494838328,,,,school,,,,-796.9,279.1,-275.4,772.8,-275.4,-772.8,29.1,18.1,,,,0,
way,494838781,가,,,apartments,,,,-754.8,577.6,-233.3,1071.2,-233.3,-1071.2,18.0,76.2,,,,0,
way,494839488,청주 신율봉 어린이도서관,,,yes,,,,-880.7,457.8,-359.2,951.4,-359.2,-951.4,32.6,28.1,,,,0,
way,551684464,권역호흡기전문질환센터(H2),,,hospital,11,,,412.0,-444.8,933.5,48.9,933.5,-48.9,62.6,36.6,,,,0,
way,630259030,,,,yes,,,,846.2,-287.6,1367.7,206.0,1367.7,-206.0,13.9,21.2,,,,0,
way,662593137,,,,yes,,,,787.4,-89.9,1308.9,403.7,1308.9,-403.7,10.8,10.5,,,,0,
way,662593160,청주시평생학습관 분관,,,yes,,,,805.8,-31.2,1327.3,462.4,1327.3,-462.4,47.8,28.5,,,,0,
way,662593168,102,,,apartments,,,,784.3,12.2,1305.8,505.8,1305.8,-505.8,72.5,25.3,,,,0,
way,662593178,,,,yes,,,,776.4,-40.8,1297.9,452.8,1297.9,-452.8,9.7,9.6,,,,0,
way,662593737,,,,yes,,,,608.3,327.8,1129.8,821.4,1129.8,-821.4,9.1,18.0,,,,0,
way,665834077,,,,yes,,,,931.7,122.4,1453.2,616.1,1453.2,-616.1,8.7,8.0,,,,0,
way,665834082,,,,commercial,,,,918.9,-148.1,1440.5,345.5,1440.5,-345.5,20.6,19.5,,,,0,
way,665834084,도원빌,,,apartments,4,,,848.9,14.6,1370.4,508.2,1370.4,-508.2,18.9,16.5,,,,0,
way,665834085,선인빌,,,apartments,4,,,845.2,26.8,1366.7,520.5,1366.7,-520.5,19.0,14.6,,,,0,
way,665834086,썬 하우스,,,apartments,4,,,840.0,40.1,1361.5,533.7,1361.5,-533.7,22.1,17.2,,,,0,
way,665834123,CJB 청주방송 미디어센터,,,yes,,,,966.3,-742.5,1487.8,-248.9,1487.8,248.9,100.1,86.0,,,,0,
way,665834126,,,,yes,,,,634.1,-423.7,1155.6,69.9,1155.6,-69.9,6.3,9.6,,,,0,
way,665834151,,,,yes,,,,586.3,-242.1,1107.8,251.5,1107.8,-251.5,10.6,9.1,,,,0,
way,676555290,,,,commercial,,,,849.3,-316.3,1370.8,177.4,1370.8,-177.4,13.4,14.5,,,,0,
way,676555292,,,,commercial,,,,870.2,-318.6,1391.7,175.0,1391.7,-175.0,24.1,15.1,,,,0,
way,676555294,,,,commercial,,,,921.1,-317.7,1442.7,175.9,1442.7,-175.9,20.7,13.1,,,,0,
way,692670184,예지관,,,university,14,,,244.9,-362.3,766.4,131.3,766.4,-131.3,59.4,52.8,,,,0,
way,765352732,,,,church,,,,950.2,-179.2,1471.7,314.4,1471.7,-314.4,40.4,41.0,,,,0,
way,895753838,휴무스 고시원,,,residential,4,,,731.4,-248.2,1252.9,245.5,1252.9,-245.5,24.9,26.8,,,,0,
way,1281408905,,,,garage,,,,146.1,-422.9,667.6,70.7,667.6,-70.7,39.0,34.5,,,,0,
