iteration,way_id,node_id,theta_deg,R_m,T_m,dev_vertex_arc_m,n_new_nodes,first_new_id,absorbed_nodes
1,392532207,3957495733,16.8,11.0,1.62,0.12,3,9000000000001,
1,392532207,3957495732,28.5,11.0,2.79,0.35,4,9000000000004,
1,392632035,3958352370,-16.24,11.0,1.57,0.11,3,9000000000008,
1,392632035,3958352379,-17.59,11.0,1.7,0.13,3,9000000000011,
1,442065041,4397573130,-51.36,11.0,5.29,1.21,6,9000000000014,
1,442065041,4397573131,-22.86,11.0,2.22,0.22,4,9000000000020,
1,442595034,4402717735,-26.74,11.0,2.61,0.31,4,9000000000024,
1,442595040,4402717761,63.83,11.0,6.85,1.96,8,9000000000028,
1,442708397,4403762238,-16.86,11.0,1.63,0.12,3,9000000000036,
1,442708402,4403762254,-22.23,11.0,2.16,0.21,4,9000000000039,
1,442708402,4403762255,21.43,11.0,2.08,0.2,4,9000000000043,
1,442708404,4403762265,-34.65,11.0,3.43,0.52,5,9000000000047,
1,442709216,4403766725,-33.13,11.0,3.27,0.48,5,9000000000052,
1,442709216,4403766726,26.28,11.0,2.57,0.3,4,9000000000057,
1,442709226,4403766755,54.39,10.24,5.26,1.27,6,9000000000061,
1,442709226,4403766759,-29.32,11.0,2.88,0.37,4,9000000000067,
1,442760318,4404191443,63.31,10.09,6.22,1.76,7,9000000000071,
1,442760318,4404191444,19.95,10.09,1.77,0.15,3,9000000000078,
1,452870641,4496854213,-10.13,11.0,0.97,0.04,2,9000000000081,
1,452870641,4496854277,45.41,11.0,4.6,0.92,6,9000000000083,
1,452870641,4496854216,-28.61,11.0,2.81,0.35,4,9000000000089,
1,452870641,4496854217,-15.94,11.0,1.54,0.11,3,9000000000093,
1,452870641,4496854220,-29.13,10.73,2.79,0.36,4,9000000000096,
1,452870641,4496854221,-10.7,10.73,1.0,0.05,3,9000000000100,
1,452870641,4496854222,-23.03,11.0,2.24,0.23,4,9000000000103,
1,452870641,4496854225,12.16,11.0,1.17,0.06,3,9000000000107,
1,452870641,4496854223,-12.72,11.0,1.23,0.07,3,9000000000110,
1,452870648,4496854260,-46.89,11.0,4.77,0.99,6,9000000000113,
1,471400793,4655490533,-32.75,11.0,3.23,0.47,5,9000000000119,
1,471400793,4655490540,-13.13,11.0,1.27,0.07,3,9000000000124,
1,472252990,4784199630,35.26,11.0,3.5,0.54,5,9000000000127,
1,473926894,4679578594,54.5,11.0,5.67,1.37,7,9000000000132,
1,815864978,7619762518,36.19,11.0,3.59,0.57,5,9000000000139,
2,392632035,3958352380,-27.96,11.0,2.74,0.34,4,9000000000144,
2,442709216,4403766724,-45.57,11.0,4.62,0.93,6,9000000000148,
2,452870641,4496854215,-23.94,11.0,2.33,0.24,4,9000000000154,
2,452870641,4496854218,-42.32,11.0,4.26,0.8,6,9000000000158,
3,442709216,4403766723,-38.72,11.0,3.86,0.66,5,9000000000164,
