iteration,way_id,node_id,theta_deg,R_m,reason
1,442065043,4397573141,89.16,,이탈 상한 초과 예상 4.44m>2.0m
1,442065049,4397573153,88.59,,이탈 상한 초과 예상 4.37m>2.0m
1,442065060,4397573195,92.29,,이탈 상한 초과 예상 4.88m>2.0m
1,442065060,4397573194,87.82,,이탈 상한 초과 예상 4.27m>2.0m
1,442065829,4397577800,85.58,,이탈 상한 초과 예상 3.99m>2.0m
1,442595030,4402717723,93.81,,이탈 상한 초과 예상 5.10m>2.0m
1,442595030,4402717721,-65.66,,이탈 상한 초과 예상 2.09m>2.0m
1,442595852,4402724092,91.18,,이탈 상한 초과 예상 4.72m>2.0m
1,442708395,4403762232,89.08,,이탈 상한 초과 예상 4.43m>2.0m
1,442708395,4403762231,88.26,,이탈 상한 초과 예상 4.33m>2.0m
1,442708398,4403762243,88.9,,이탈 상한 초과 예상 4.41m>2.0m
1,442708403,4403762260,87.03,,이탈 상한 초과 예상 4.17m>2.0m
1,442709221,4403766741,78.67,,이탈 상한 초과 예상 3.22m>2.0m
1,442709221,4403766742,-64.72,,이탈 상한 초과 예상 2.02m>2.0m
1,471400834,4655490787,88.89,,이탈 상한 초과 예상 4.41m>2.0m
1,442065042,4397573137,-87.88,,이탈 상한 초과 예상 4.28m>2.0m
1,442065044,4397573145,-88.64,,이탈 상한 초과 예상 4.37m>2.0m
1,442595034,4402717734,-70.93,,이탈 상한 초과 예상 2.51m>2.0m
1,442595031,4402717727,-85.97,,이탈 상한 초과 예상 4.04m>2.0m
1,442595031,4402717728,-88.79,,이탈 상한 초과 예상 4.39m>2.0m
1,442595852,4402724091,-89.38,,이탈 상한 초과 예상 4.47m>2.0m
1,442595852,4402724093,-82.52,,이탈 상한 초과 예상 3.63m>2.0m
1,442708398,4403762244,-90.67,,이탈 상한 초과 예상 4.65m>2.0m
1,471400786,4655490521,-84.35,,이탈 상한 초과 예상 3.84m>2.0m
1,472252990,4664706417,-91.2,,이탈 상한 초과 예상 4.72m>2.0m
1,473926894,4679578592,-75.84,,이탈 상한 초과 예상 2.94m>2.0m
1,442065828,4397577796,-14.0,2.11,접선 제약으로 R 2.1m < R_ACC 10.0m
1,442361829,4400580301,12.92,0.0,접선 제약으로 R 0.0m < R_ACC 10.0m
1,442595030,4402717722,62.36,6.5,접선 제약으로 R 6.5m < R_ACC 10.0m
1,442708397,4403762239,14.87,4.32,접선 제약으로 R 4.3m < R_ACC 10.0m
1,442708398,4403762241,-38.9,7.37,접선 제약으로 R 7.4m < R_ACC 10.0m
1,442708400,4403762247,52.61,2.69,접선 제약으로 R 2.7m < R_ACC 10.0m
1,442708400,4403762248,-53.62,9.07,접선 제약으로 R 9.1m < R_ACC 10.0m
1,452870641,4496854278,52.83,0.0,접선 제약으로 R 0.0m < R_ACC 10.0m
1,452870648,4496854274,-55.16,8.94,접선 제약으로 R 8.9m < R_ACC 10.0m
1,452870648,4496854275,-22.2,8.94,접선 제약으로 R 8.9m < R_ACC 10.0m
1,472252990,4784199631,11.99,8.39,접선 제약으로 R 8.4m < R_ACC 10.0m
1,472252990,4784199632,-36.84,8.39,접선 제약으로 R 8.4m < R_ACC 10.0m
