old_id,new_id,match_cost,old_length,new_length
1120,1150,11.606,152.97655096,147.17335094
1121,1991,9.464,2.5224551,2.19203431
1122,1152,0.0,100.80416584,100.80416584
1123,1153,0.0,52.96181661,52.96181661
1124,1154,0.0,10.46415009,10.46415009
1125,1155,0.0,58.93339601,58.93339601
1126,1156,0.0,60.03890531,60.03890531
1127,1157,0.0,20.3106009,20.3106009
1128,1158,0.0,32.17824301,32.17824301
1129,1159,0.0,63.07404998,63.07404998
1130,1160,0.0,81.1172933,81.1172933
1131,1161,0.0,143.2367349,143.2367349
1132,1162,0.0,88.10308401,88.10308401
1133,1163,0.0,20.14239663,20.14239663
1134,1164,0.0,73.89549844,73.89549844
1135,1165,0.0,12.98942052,12.98942052
1136,1166,0.0,57.85170442,57.85170442
1137,1167,0.0,3.0575377,3.0575377
1138,1168,0.0,82.59616381,82.59616381
1139,1169,0.0,86.73297739,86.73297739
1140,1170,0.0,41.82670726,41.82670726
1141,1171,0.0,31.69570884,31.69570884
1142,1172,0.0,0.2,0.2
1143,1173,0.0,81.44366237,81.44366237
1144,1174,0.0,63.58854493,63.58854493
1145,1175,0.0,140.78179331,140.78179331
1146,1176,0.0,110.55270328,110.55270328
1147,1177,0.0,86.19049303,86.19049303
1148,1178,0.0,2.24846369,2.24846369
1149,1179,0.0,59.77026624,59.77026624
1150,1180,0.0,43.89444048,43.89444048
1151,1181,0.0,138.04498841,138.04498841
1152,1182,0.0,160.58597391,160.58597391
1153,1183,0.0,82.72721969,82.72721969
1154,1184,0.0,152.05391052,152.05391052
1155,1185,0.0,6.74316166,6.74316166
1156,1186,0.0,31.81383534,31.81383534
1157,1187,0.0,73.48853574,73.48853574
1158,1188,0.0,194.60532769,194.60532769
1159,1189,0.0,61.83061512,61.83061512
1160,1190,0.0,15.02916609,15.02916609
1161,1191,0.0,46.86010796,46.86010796
1162,1192,0.0,41.80652005,41.80652005
1163,1193,0.0,58.03230359,58.03230359
1164,1194,0.0,119.9837342,119.9837342
1165,1195,0.0,14.36186615,14.36186615
1166,1196,0.0,33.82888404,33.82888404
1167,1197,0.0,12.29134944,12.29134944
1168,1198,0.0,37.81155871,37.81155871
1169,1199,0.0,162.15908559,162.15908559
1170,1200,0.0,124.68476082,124.68476082
1171,1201,0.0,14.58017869,14.58017869
1172,1202,0.0,119.05664562,119.05664562
1173,1203,0.0,109.9037996,109.9037996
1174,1204,0.0,17.26027551,17.26027551
1175,1205,0.0,73.38903121,73.38903121
1176,1206,0.0,137.83587854,137.83587854
1177,1207,0.0,108.01033398,108.01033398
1178,1208,0.0,294.89460934,294.89460934
1179,1209,0.0,140.03917222,140.03917222
1180,1210,0.0,44.72825045,44.72825045
1181,1211,0.0,0.2,0.2
1182,1212,0.0,73.46525386,73.46525386
1183,1213,0.0,0.2,0.2
1184,1214,0.0,75.9394562,75.9394562
1185,1215,0.0,52.05609217,52.05609217
1186,1216,0.0,82.9931771,82.9931771
1187,1217,0.0,70.58687931,70.58687931
1188,1218,0.0,62.55740119,62.55740119
1189,1219,0.0,0.2,0.2
1190,1220,0.0,87.52113383,87.52113383
1191,1221,0.0,84.3952026,84.3952026
1192,1222,0.0,199.36563813,199.36563813
1193,1223,0.0,42.85154052,42.85154052
1194,1224,0.0,77.86261573,77.86261573
1195,1225,0.0,53.81540985,53.81540985
1196,1226,0.0,13.37954077,13.37954077
1197,1227,0.0,111.18179242,111.18179242
1198,1228,0.0,97.99484113,97.99484113
1199,1229,0.0,75.41416631,75.41416631
1200,1230,0.0,51.61013009,51.61013009
1201,1231,0.0,45.93904832,45.93904832
1202,1232,0.0,105.74163843,105.74163843
1203,1233,0.0,82.69203073,82.69203073
1204,1234,0.0,136.32590053,136.32590053
1205,1235,0.0,183.58025778,183.58025778
1206,1236,0.0,52.23889287,52.23889287
1207,1237,0.0,49.49426205,49.49426205
1208,1238,0.0,16.1121922,16.1121922
1209,1239,0.0,128.59988545,128.59988545
1210,1240,0.0,50.82550995,50.82550995
1211,1241,0.0,58.00391436,58.00391436
1212,1242,0.0,34.67748809,34.67748809
1213,1243,0.0,5.01081168,5.01081168
1214,1244,0.0,91.93164341,91.93164341
1215,1245,0.0,89.82343506,89.82343506
1216,1246,0.0,0.2,0.2
1217,1247,0.0,298.86663333,298.86663333
1218,1249,0.0,24.69512083,24.69512083
1219,1250,0.0,52.44988032,52.44988032
1220,1251,0.627,137.97656613,137.34927958
1221,1252,0.0,28.03200966,28.03200966
1222,1253,0.0,39.20035431,39.20035431
1223,1254,0.0,19.18377662,19.18377662
1224,1255,1.006,56.07374521,57.07983627
1225,1256,0.0,140.78179331,140.78179331
1226,1257,0.0,7.3424589,7.3424589
1227,1258,0.0,3.19699655,3.19699655
1228,1259,0.0,0.2,0.2
1229,1260,0.0,11.33156028,11.33156028
1230,1261,0.0,54.91650268,54.91650268
1231,1262,0.0,37.81300506,37.81300506
1232,1263,0.0,0.2,0.2
1233,1264,0.0,106.14910064,106.14910064
1234,1265,0.0,34.40358373,34.40358373
1235,1266,0.0,23.05170186,23.05170186
1236,1267,0.0,41.85216674,41.85216674
1237,1268,0.0,130.5200219,130.5200219
1238,1269,0.0,34.35505612,34.35505612
1239,1270,0.0,50.63100038,50.63100038
1240,1271,0.0,149.49690241,149.49690241
1241,1272,0.0,60.05048886,60.05048886
1242,1273,0.0,81.69752786,81.69752786
1243,1274,0.0,4.03159382,4.03159382
1244,1275,0.0,15.06504372,15.06504372
1245,1276,0.0,37.74675917,37.74675917
1246,1277,0.0,40.91447385,40.91447385
1247,1278,5.803,152.97655096,147.17335094
1248,1991,5.271,2.5224551,2.19203431
1249,1280,0.0,100.80406704,100.80406704
1250,1281,0.0,52.96181661,52.96181661
1251,1282,0.0,10.46416112,10.46416112
1252,1283,0.0,58.93339601,58.93339601
1253,1284,0.0,60.03890526,60.03890526
1254,1285,0.0,20.3106009,20.3106009
1255,1286,0.0,32.17824301,32.17824301
1256,1287,0.0,63.07404998,63.07404998
1257,1288,0.0,81.1172933,81.1172933
1258,1289,0.0,143.2367349,143.2367349
1259,1290,0.0,88.10318249,88.10318249
1260,1291,0.0,20.14239663,20.14239663
1261,1292,0.0,73.89549844,73.89549844
1262,1293,0.0,12.98942052,12.98942052
1263,1294,0.0,37.73807425,37.73807425
1264,1295,0.0,3.0575377,3.0575377
1265,1296,0.0,82.59616347,82.59616347
1266,1297,0.0,86.73297738,86.73297738
1267,1298,0.0,41.82670726,41.82670726
1268,1299,0.0,31.69570884,31.69570884
1269,1300,0.0,0.2,0.2
1270,1301,0.0,81.44369927,81.44369927
1271,1302,0.0,63.58854493,63.58854493
1272,1303,0.0,110.55270331,110.55270331
1273,1304,0.0,86.19049303,86.19049303
1274,1305,0.0,2.24846369,2.24846369
1275,1306,0.0,59.77026625,59.77026625
1276,1307,0.0,53.81540985,53.81540985
1277,1308,0.0,43.89444048,43.89444048
1278,1309,0.0,138.04498841,138.04498841
1279,1310,0.0,160.58597394,160.58597394
1280,1311,0.0,82.72721969,82.72721969
1281,1312,0.0,157.68979027,157.68979027
1282,1313,0.0,152.05391049,152.05391049
1283,1314,0.0,6.74316188,6.74316188
1284,1315,0.0,31.81383534,31.81383534
1285,1316,0.0,73.48853574,73.48853574
1286,1317,0.0,15.02916698,15.02916698
1287,1318,0.0,194.6053277,194.6053277
1288,1319,0.0,61.8306295,61.8306295
1289,1320,0.0,47.12940916,47.12940916
1290,1321,0.0,41.80652005,41.80652005
1291,1322,0.0,58.0323036,58.0323036
1292,1323,0.0,119.9837342,119.9837342
1293,1324,0.0,14.36186615,14.36186615
1294,1325,0.0,157.68979026,157.68979026
1295,1326,0.0,33.82888404,33.82888404
1296,1327,0.0,12.29134944,12.29134944
1297,1328,0.0,37.81155871,37.81155871
1298,1331,0.0,162.15908559,162.15908559
1299,1332,0.0,124.68476475,124.68476475
1300,1333,0.0,14.58017875,14.58017875
1301,1334,0.0,119.05664563,119.05664563
1302,1335,0.0,109.9037996,109.9037996
1303,1336,0.0,17.26027551,17.26027551
1304,1337,0.0,73.38903121,73.38903121
1305,1338,0.0,137.83587854,137.83587854
1306,1339,0.0,294.89460935,294.89460935
1307,1340,0.0,108.01033398,108.01033398
1308,1341,0.0,139.82688456,139.82688456
1309,1342,0.0,44.72831167,44.72831167
1310,1343,0.0,0.2,0.2
1311,1344,0.0,73.46525386,73.46525386
1312,1345,0.0,0.2,0.2
1313,1346,0.0,75.9394562,75.9394562
1314,1347,0.0,52.05601718,52.05601718
1315,1348,0.0,82.9931771,82.9931771
1316,1349,0.0,70.5868793,70.5868793
1317,1350,0.0,62.55740119,62.55740119
1318,1351,0.0,0.2,0.2
1319,1352,0.0,87.28964677,87.28964677
1320,1353,0.0,84.3952026,84.3952026
1321,1354,0.0,199.36564164,199.36564164
1322,1355,0.0,42.54720648,42.54720648
1323,1356,0.0,77.86261559,77.86261559
1324,1357,0.0,111.1817922,111.1817922
1325,1358,0.0,97.99484113,97.99484113
1326,1359,0.0,13.37953925,13.37953925
1327,1360,0.0,75.41416682,75.41416682
1328,1361,0.0,51.61013006,51.61013006
1329,1362,0.0,45.93904832,45.93904832
1330,1363,0.0,105.74163843,105.74163843
1331,1364,0.0,82.69203073,82.69203073
1332,1365,0.0,136.32591356,136.32591356
1333,1368,243.762,484.36858106,240.6069383
1334,1369,0.0,183.58025779,183.58025779
1335,1370,0.0,52.23889287,52.23889287
1336,1371,0.0,49.49426205,49.49426205
1337,1372,0.0,16.1121922,16.1121922
1338,1373,0.0,128.59988545,128.59988545
1339,1374,0.0,50.8253241,50.8253241
1340,1375,0.0,58.00391436,58.00391436
1341,1376,0.0,34.67748809,34.67748809
1342,1377,0.0,5.01081168,5.01081168
1343,1378,0.0,5.58693869,5.58693869
1344,1379,0.0,59.85839195,59.85839195
1345,1380,0.0,91.93164335,91.93164335
1346,1381,0.0,89.77060956,89.77060956
1347,1382,0.0,0.2,0.2
1348,1383,0.0,298.86663333,298.86663333
1349,1384,1.255,137.97656611,137.34927955
1350,1385,0.0,24.69512083,24.69512083
1351,1386,0.0,52.44988032,52.44988032
1352,1387,0.0,28.03191529,28.03191529
1353,1388,0.0,39.20035379,39.20035379
1354,1389,0.0,19.18378811,19.18378811
1355,1393,2.012,56.07374517,57.07983622
1356,1394,20.408,37.05425481,47.730225
1357,1395,0.0,7.3424589,7.3424589
1358,1396,0.0,3.19699655,3.19699655
1359,1397,0.0,0.2,0.2
1360,1398,0.0,11.33156028,11.33156028
1361,1399,0.0,54.91650232,54.91650232
1362,1400,0.0,37.81300506,37.81300506
1363,1401,0.0,0.2,0.2
1364,1402,0.0,106.14910064,106.14910064
1365,1403,0.0,34.40358376,34.40358376
1366,1404,0.0,23.05170186,23.05170186
1367,1405,0.0,41.85216674,41.85216674
1368,1406,0.0,130.5200219,130.5200219
1369,1407,0.0,34.35505612,34.35505612
1370,1408,0.0,50.63100038,50.63100038
1371,1409,0.0,149.49690241,149.49690241
1372,1410,0.0,221.05581813,221.05581813
1373,1411,0.0,60.05048886,60.05048886
1374,1412,0.0,81.69752795,81.69752795
1375,1413,0.0,4.03159382,4.03159382
1376,1414,0.0,15.06504372,15.06504372
1377,1415,0.0,37.74675917,37.74675917
1378,1416,0.0,221.05581813,221.05581813
1379,1417,0.0,40.91530959,40.91530959
1380,1418,0.0,9.89240086,9.89240086
1381,1420,0.0,14.82588736,14.82588736
1382,1421,0.0,16.84475211,16.84475211
1383,1422,0.0,11.09996281,11.09996281
1384,1423,0.0,11.09996281,11.09996281
1385,1424,0.0,14.04372096,14.04372096
1386,1425,0.0,11.22681111,11.22681111
1387,1426,0.0,11.22681111,11.22681111
1388,1427,0.0,16.84475211,16.84475211
1389,1428,0.0,13.26664982,13.26664982
1390,1429,0.0,13.26664982,13.26664982
1391,1430,0.0,14.04372096,14.04372096
1392,1431,0.0,14.82588736,14.82588736
1393,1432,0.0,13.57109188,13.57109188
1394,1433,0.0,14.67920741,14.67920741
1395,1434,0.0,14.67920741,14.67920741
1396,1435,0.0,16.47528591,16.47528591
1397,1436,0.0,16.47528591,16.47528591
1398,1437,0.0,13.57109188,13.57109188
1399,1438,0.0,8.63805816,8.63805816
1400,1439,0.0,9.81394946,9.81394946
1401,1440,0.0,8.38000216,8.38000216
1402,1441,0.0,8.38000219,8.38000219
1403,1442,0.0,15.61625925,15.61625925
1404,1443,0.0,12.63783271,12.63783271
1405,1444,0.0,9.89240081,9.89240081
1406,1445,0.0,12.63783275,12.63783275
1407,1446,0.0,9.81394946,9.81394946
1408,1447,0.0,12.68653307,12.68653307
1409,1448,0.0,12.68653314,12.68653314
1410,1449,0.0,15.61625925,15.61625925
1411,1450,0.0,8.63805811,8.63805811
1412,1451,0.0,9.89240077,9.89240077
1413,1452,0.0,15.97913776,15.97913776
1414,1453,0.0,8.72791472,8.72791472
1415,1454,0.0,9.89240084,9.89240084
1416,1455,0.0,8.72791474,8.72791474
1417,1456,0.0,9.2258583,9.2258583
1418,1457,0.0,9.22585836,9.22585836
1419,1458,0.0,15.97913777,15.97913777
1420,1459,0.0,9.89240074,9.89240074
1421,1460,0.0,17.43455165,17.43455165
1422,1461,0.0,19.09836049,19.09836049
1423,1462,0.0,19.09845787,19.09845787
1424,1463,0.0,17.944803,17.944803
1425,1464,0.0,17.94481036,17.94481036
1426,1465,0.0,17.43455165,17.43455165
1427,1466,0.0,15.9352875,15.9352875
1428,1467,0.0,14.24128218,14.24128218
1429,1468,0.0,9.89240084,9.89240084
1430,1469,0.0,14.24128219,14.24128219
1431,1470,0.0,14.99275584,14.99275584
1432,1471,0.0,9.89240086,9.89240086
1433,1472,0.0,14.99275584,14.99275584
1434,1473,0.0,15.9352875,15.9352875
1435,1474,0.0,12.61851289,12.61851289
1436,1475,0.0,16.95605134,16.95605134
1437,1476,0.0,13.58418696,13.58418696
1438,1477,0.0,9.89240054,9.89240054
1439,1478,0.0,13.58419462,13.58419462
1440,1479,0.0,16.29615532,16.29615532
1441,1480,0.0,13.78878821,13.78878821
1442,1481,0.0,13.78878822,13.78878822
1443,1482,0.0,16.95605304,16.95605304
1444,1483,0.0,13.90528679,13.90528679
1445,1484,0.0,9.89240086,9.89240086
1446,1485,0.0,13.90528877,13.90528877
1447,1486,0.0,16.29615533,16.29615533
1448,1487,0.0,12.6185036,12.6185036
1449,1488,0.0,9.89240053,9.89240053
1450,1489,0.0,29.05637141,29.05637141
1451,1490,0.0,31.10031859,31.10031859
1452,1491,0.0,19.34065983,19.34065983
1453,1492,0.0,9.89240086,9.89240086
1454,1493,0.0,19.34065983,19.34065983
1455,1494,0.0,23.65945689,23.65945689
1456,1495,0.0,22.58992947,22.58992947
1457,1496,0.0,22.58992947,22.58992947
1458,1497,0.0,31.10031859,31.10031859
1459,1498,0.0,14.78367151,14.78367151
1460,1499,0.0,9.89240086,9.89240086
1461,1500,0.0,14.78367152,14.78367152
1462,1501,0.0,23.65945689,23.65945689
1463,1502,0.0,29.05637141,29.05637141
1464,1503,0.0,12.35453457,12.35453457
1465,1504,0.0,15.04935883,15.04935883
1466,1505,0.0,15.04935883,15.04935883
1467,1506,0.0,12.43459903,12.43459903
1468,1507,0.0,9.89240086,9.89240086
1469,1508,0.0,12.43459903,12.43459903
1470,1509,0.0,12.35453457,12.35453457
1471,1510,0.0,12.59986739,12.59986739
1472,1511,0.0,15.29798108,15.29798108
1473,1512,0.0,15.29798108,15.29798108
1474,1513,0.0,12.77127671,12.77127671
1475,1514,0.0,12.77127671,12.77127671
1476,1515,0.0,12.59986739,12.59986739
1477,1516,0.0,9.89240086,9.89240086
1478,1517,0.0,22.51153387,22.51153387
1479,1518,0.0,21.33115004,21.33115004
1480,1519,0.0,20.75751096,20.75751096
1481,1520,0.0,7.87791117,7.87791117
1482,1521,0.0,12.47965551,12.47965551
1483,1522,0.0,9.89240086,9.89240086
1484,1523,0.0,12.47965551,12.47965551
1485,1524,0.0,7.71738149,7.71738149
1486,1525,0.0,15.30278292,15.30278292
1487,1526,0.0,12.59506699,12.59506699
1488,1527,0.0,9.89240086,9.89240086
1489,1528,0.0,12.59506699,12.59506699
1490,1529,0.0,12.50507414,12.50507414
1491,1530,0.0,9.89240086,9.89240086
1492,1531,0.0,12.50507414,12.50507414
1493,1532,0.0,15.30278292,15.30278292
1494,1533,0.0,9.89240086,9.89240086
1495,1534,0.0,16.05329836,16.05329836
1496,1535,0.0,17.14910497,17.14910497
1497,1536,0.0,17.14910497,17.14910497
1498,1537,0.0,16.96298278,16.96298278
1499,1538,0.0,9.89240085,9.89240085
1500,1539,0.0,16.96298286,16.96298286
1501,1540,0.0,16.05329834,16.05329834
1502,1541,0.0,9.89240079,9.89240079
1503,1542,0.0,15.5566034,15.5566034
1504,1543,0.0,15.42912213,15.42912213
1505,1544,0.0,15.42912213,15.42912213
1506,1545,0.0,12.98133576,12.98133576
1507,1546,0.0,9.89240086,9.89240086
1508,1547,0.0,12.98133576,12.98133576
1509,1548,0.0,15.5566034,15.5566034
1510,1549,0.0,12.9047181,12.9047181
1511,1550,0.0,14.62548883,14.62548883
1512,1551,0.0,14.62548904,14.62548904
1513,1552,0.0,13.67899561,13.67899561
1514,1553,0.0,13.67899597,13.67899597
1515,1554,0.0,12.9047181,12.9047181
1516,1555,0.0,13.1011653,13.1011653
1517,1556,0.0,15.66543637,15.66543637
1518,1557,0.0,9.89239674,9.89239674
1519,1558,0.0,15.66543495,15.66543495
1520,1559,0.0,13.46424948,13.46424948
1521,1560,0.0,13.46424948,13.46424948
1522,1561,0.0,13.10114881,13.10114881
1523,1562,0.0,9.89240086,9.89240086
1524,1563,0.0,15.30466882,15.30466882
1525,1564,0.0,12.54962697,12.54962697
1526,1565,0.0,9.89240058,9.89240058
1527,1566,0.0,12.54962845,12.54962845
1528,1567,0.0,12.48156721,12.48156721
1529,1568,0.0,9.89240065,9.89240065
1530,1569,0.0,12.48156726,12.48156726
1531,1570,0.0,15.30466882,15.30466882
1532,1571,0.0,7.9746743,7.9746743
1533,1572,0.0,7.9746743,7.9746743
1534,1573,0.0,12.51698675,12.51698675
1535,1574,0.0,12.61591339,12.61591339
1536,1575,0.0,12.61591339,12.61591339
1537,1576,0.0,15.30588839,15.30588839
1538,1577,0.0,9.89240086,9.89240086
1539,1578,0.0,15.30588839,15.30588839
1540,1579,0.0,12.51698675,12.51698675
1541,1580,0.0,9.89240086,9.89240086
1542,1581,0.0,15.03209372,15.03209372
1543,1582,0.0,12.33754988,12.33754988
1544,1583,0.0,12.33755035,12.33755035
1545,1584,0.0,12.30028525,12.30028525
1546,1585,0.0,9.8924005,9.8924005
1547,1586,0.0,12.30028568,12.30028568
1548,1587,0.0,15.03209371,15.03209371
1549,1588,0.0,8.90955473,8.90955473
1550,1589,0.0,6.03415394,6.03415394
1551,1590,0.0,6.03415394,6.03415394
1552,1591,0.0,7.59800769,7.59800769
1553,1592,0.0,9.89240086,9.89240086
1554,1593,0.0,7.59800769,7.59800769
1555,1594,0.0,8.90955473,8.90955473
1556,1595,0.0,9.89240086,9.89240086
1557,1596,0.0,12.96412536,12.96412536
1558,1597,0.0,13.33132515,13.33132515
1559,1598,0.0,9.89240082,9.89240082
1560,1599,0.0,13.33132518,13.33132518
1561,1600,0.0,15.41112837,15.41112837
1562,1601,0.0,9.89240085,9.89240085
1563,1602,0.0,15.41112837,15.41112837
1564,1603,0.0,12.96412534,12.96412534
1565,1604,0.0,9.89240086,9.89240086
1566,1605,0.0,12.66535796,12.66535796
1567,1606,0.0,12.69243108,12.69243108
1568,1607,0.0,9.89240005,9.89240005
1569,1608,0.0,12.69243157,12.69243157
1570,1609,0.0,15.49952667,15.49952667
1571,1610,0.0,15.49953627,15.49953627
1572,1611,0.0,12.66531609,12.66531609
1573,1612,0.0,9.89235374,9.89235374
1574,1613,0.0,9.89240086,9.89240086
1575,1614,0.0,12.82285281,12.82285281
1576,1615,0.0,12.65670649,12.65670649
1577,1616,0.0,9.89240086,9.89240086
1578,1617,0.0,12.65670649,12.65670649
1579,1618,0.0,15.52793485,15.52793485
1580,1619,0.0,9.89240086,9.89240086
1581,1620,0.0,15.52793485,15.52793485
1582,1621,0.0,12.82285281,12.82285281
1583,1622,0.0,9.89240086,9.89240086
1584,1623,0.0,9.89240086,9.89240086
1585,1624,0.0,9.89240086,9.89240086
1586,1625,0.0,13.32471435,13.32471435
1587,1626,0.0,12.9554531,12.9554531
1588,1627,0.0,9.89237031,9.89237031
1589,1628,0.0,12.95570567,12.95570567
1590,1629,0.0,15.41175519,15.41175519
1591,1630,0.0,15.41175519,15.41175519
1592,1631,0.0,13.32437799,13.32437799
1593,1632,0.0,9.89240073,9.89240073
1594,1633,0.0,12.4252914,12.4252914
1595,1634,0.0,17.99324152,17.99324152
1596,1635,0.0,9.89240086,9.89240086
1597,1636,0.0,17.99324152,17.99324152
1598,1637,0.0,13.84614291,13.84614291
1599,1638,0.0,9.89240086,9.89240086
1600,1639,0.0,13.84614291,13.84614291
1601,1640,0.0,12.4252914,12.4252914
1602,1641,0.0,9.89240086,9.89240086
1603,1642,0.0,12.17615127,12.17615127
1604,1643,0.0,14.86590464,14.86590464
1605,1644,0.0,9.89240086,9.89240086
1606,1645,0.0,14.86590464,14.86590464
1607,1646,0.0,12.18007505,12.18007505
1608,1647,0.0,12.18007506,12.18007506
1609,1648,0.0,12.17615127,12.17615127
1610,1649,0.0,9.89240085,9.89240085
1611,1650,0.0,15.48785714,15.48785714
1612,1651,0.0,76.12994115,76.12994115
1613,1652,0.0,76.12994115,76.12994115
1614,1653,0.0,21.79683449,21.79683449
1615,1654,0.0,9.89240086,9.89240086
1616,1655,0.0,21.79683805,21.79683805
1617,1656,0.0,15.48785715,15.48785715
1618,1657,0.0,9.89239384,9.89239384
1619,1658,0.0,12.50978723,12.50978723
1620,1659,0.0,12.46071279,12.46071279
1621,1660,0.0,9.89240062,9.89240062
1622,1661,0.0,12.46073325,12.46073325
1623,1662,0.0,15.30443646,15.30443646
1624,1663,0.0,9.89240085,9.89240085
1625,1664,0.0,15.30443646,15.30443646
1626,1665,0.0,12.50976608,12.50976608
1627,1666,0.0,12.4707938,12.4707938
1628,1667,0.0,11.48388122,11.48388122
1629,1668,0.0,11.48388122,11.48388122
1630,1669,0.0,12.12023959,12.12023959
1631,1670,0.0,9.89240086,9.89240086
1632,1671,0.0,12.12023959,12.12023959
1633,1672,0.0,12.4707938,12.4707938
1634,1673,0.0,12.49683814,12.49683814
1635,1674,0.0,12.45301348,12.45301348
1636,1675,0.0,9.89240084,9.89240084
1637,1676,0.0,12.45301754,12.45301754
1638,1677,0.0,15.3005974,15.3005974
1639,1678,0.0,9.89240083,9.89240083
1640,1679,0.0,15.3005974,15.3005974
1641,1680,0.0,12.49683401,12.49683401
1642,1681,0.0,9.89240085,9.89240085
1643,1682,0.0,13.27481718,13.27481718
1644,1683,0.0,12.33142159,12.33142159
1645,1684,0.0,9.89240086,9.89240086
1646,1685,0.0,12.33142159,12.33142159
1647,1686,0.0,11.81124558,11.81124558
1648,1687,0.0,11.81124558,11.81124558
1649,1688,0.0,13.27481718,13.27481718
1650,1689,0.0,12.43766087,12.43766087
1651,1690,0.0,12.46792671,12.46792671
1652,1691,0.0,12.46792671,12.46792671
1653,1692,0.0,15.29877743,15.29877743
1654,1693,0.0,15.29877743,15.29877743
1655,1694,0.0,12.43766085,12.43766085
1656,1695,0.0,9.89240084,9.89240084
1657,1696,0.0,12.81255712,12.81255712
1658,1697,0.0,12.62929537,12.62929537
1659,1698,0.0,9.89240086,9.89240086
1660,1699,0.0,12.62929537,12.62929537
1661,1700,0.0,15.32331875,15.32331875
1662,1701,0.0,9.89240086,9.89240086
1663,1702,0.0,15.32331875,15.32331875
1664,1703,0.0,12.81255712,12.81255712
1665,1704,0.0,9.89240086,9.89240086
1666,1706,0.0,15.30060074,15.30060074
1667,1707,0.0,12.40992628,12.40992628
1668,1708,0.0,9.89240086,9.89240086
1669,1709,0.0,12.40992631,12.40992631
1670,1710,0.0,12.41236891,12.41236891
1671,1711,0.0,9.89240085,9.89240085
1672,1712,0.0,12.41236895,12.41236895
1673,1713,0.0,15.30060074,15.30060074
1674,1714,0.0,12.49732879,12.49732879
1675,1715,0.0,15.07964024,15.07964024
1676,1716,0.0,9.89240079,9.89240079
1677,1717,0.0,15.07964024,15.07964024
1678,1718,0.0,12.68551874,12.68551874
1679,1719,0.0,9.89240086,9.89240086
1680,1720,0.0,12.68551874,12.68551874
1681,1721,0.0,12.49732863,12.49732863
1682,1722,0.0,9.89240086,9.89240086
1683,1723,0.0,15.3210023,15.3210023
1684,1724,0.0,12.66453641,12.66453641
1685,1725,0.0,12.66465095,12.66465095
1686,1726,0.0,12.81608092,12.81608092
1687,1727,0.0,9.89235719,9.89235719
1688,1728,0.0,12.81620877,12.81620877
1689,1729,0.0,15.3210023,15.3210023
1690,1730,0.0,13.64776991,13.64776991
1691,1731,0.0,13.09807926,13.09807926
1692,1732,0.0,9.89240041,9.89240041
1693,1733,0.0,13.09807953,13.09807953
1694,1734,0.0,15.12086361,15.12086361
1695,1735,0.0,15.12086361,15.12086361
1696,1736,0.0,13.6477695,13.6477695
1697,1737,0.0,9.89240086,9.89240086
1698,1738,0.0,13.63429726,13.63429726
1699,1739,0.0,15.04638438,15.04638438
1700,1740,0.0,15.04638439,15.04638439
1701,1741,0.0,13.06877406,13.06877406
1702,1742,0.0,13.0687741,13.0687741
1703,1743,0.0,13.63429726,13.63429726
1704,1744,0.0,9.89240085,9.89240085
1705,1745,0.0,9.89240086,9.89240086
1706,1746,0.0,12.68089099,12.68089099
1707,1747,0.0,12.5531951,12.5531951
1708,1748,0.0,12.5531951,12.5531951
1709,1749,0.0,15.31044358,15.31044358
1710,1750,0.0,9.89240086,9.89240086
1711,1751,0.0,15.31044358,15.31044358
1712,1752,0.0,12.68089099,12.68089099
1713,1753,0.0,9.89240086,9.89240086
1714,1754,0.0,9.89240086,9.89240086
1715,1755,0.0,9.89240086,9.89240086
1716,1756,0.0,12.79661005,12.79661005
1717,1757,0.0,15.32003622,15.32003622
1718,1758,0.0,15.32003622,15.32003622
1719,1759,0.0,12.61952415,12.61952415
1720,1760,0.0,9.89240086,9.89240086
1721,1761,0.0,12.61952415,12.61952415
1722,1762,0.0,12.79661005,12.79661005
1723,1763,0.0,9.89240086,9.89240086
1724,1764,0.0,9.89240086,9.89240086
1725,1765,0.0,13.71378818,13.71378818
1726,1766,0.0,15.51147252,15.51147252
1727,1767,0.0,15.51147252,15.51147252
1728,1768,0.0,13.22490485,13.22490485
1729,1769,0.0,13.22490487,13.22490487
1730,1770,0.0,13.71378816,13.71378816
1731,1771,0.0,9.89240082,9.89240082
1732,1772,0.0,15.51548078,15.51548078
1733,1773,0.0,16.91448135,16.91448135
1734,1774,0.0,16.91448153,16.91448153
1735,1775,0.0,16.34734092,16.34734092
1736,1776,0.0,9.89240086,9.89240086
1737,1777,0.0,16.34863913,16.34863913
1738,1778,0.0,15.51548074,15.51548074
1739,1779,0.0,9.89240083,9.89240083
1740,1780,0.0,10.0085753,10.0085753
1741,1781,0.0,13.80141972,13.80141972
1742,1782,0.0,9.89240086,9.89240086
1743,1783,0.0,13.80141972,13.80141972
1744,1784,0.0,12.79659301,12.79659301
1745,1785,0.0,12.79673523,12.79673523
1746,1786,0.0,10.00845237,10.00845237
1747,1787,0.0,9.89230124,9.89230124
1748,1788,0.0,9.89240086,9.89240086
1749,1789,0.0,32.91484029,32.91484029
1750,1790,0.0,37.90985554,37.90985554
1751,1791,0.0,40.59145683,40.59145683
1752,1792,0.0,27.93581911,27.93581911
1753,1793,0.0,35.15952852,35.15952852
1754,1794,0.0,38.99383253,38.99383253
1755,1795,0.0,38.41981845,38.41981845
1756,1796,0.0,37.90985554,37.90985554
1757,1797,0.0,12.46919253,12.46919253
1758,1798,0.0,12.46919253,12.46919253
1759,1799,0.0,36.13872726,36.13872726
1760,1800,0.0,32.91484029,32.91484029
1761,1801,0.0,9.89240086,9.89240086
1762,1802,0.0,9.89240086,9.89240086
1763,1803,0.0,13.73906801,13.73906801
1764,1804,0.0,12.49087802,12.49087802
1765,1805,0.0,12.49087803,12.49087803
1766,1806,0.0,11.14187945,11.14187945
1767,1807,0.0,9.89240085,9.89240085
1768,1808,0.0,11.14187945,11.14187945
1769,1809,0.0,13.73906801,13.73906801
1770,1810,0.0,9.89240086,9.89240086
1771,1811,0.0,9.15768815,9.15768815
1772,1812,0.0,8.20409052,8.20409052
1773,1813,0.0,12.33996164,12.33996164
1774,1814,0.0,9.15768815,9.15768815
1775,1815,0.0,9.89240086,9.89240086
1776,1816,0.0,13.8270127,13.8270127
1777,1817,0.0,12.29094195,12.29094195
1778,1818,0.0,9.89240086,9.89240086
1779,1819,0.0,12.30042104,12.30042104
1780,1820,0.0,11.9536266,11.9536266
1781,1821,0.0,9.89240086,9.89240086
1782,1822,0.0,11.95386696,11.95386696
1783,1823,0.0,13.82523828,13.82523828
1784,1824,0.0,15.29913178,15.29913178
1785,1825,0.0,8.76720735,8.76720735
1786,1826,0.0,8.76720735,8.76720735
1787,1827,0.0,8.67135434,8.67135434
1788,1828,0.0,8.67135434,8.67135434
1789,1829,0.0,15.29913178,15.29913178
1790,1830,0.0,9.89240086,9.89240086
1791,1831,0.0,15.97361353,15.97361353
1792,1832,0.0,15.32660397,15.32660397
1793,1833,0.0,15.32660397,15.32660397
1794,1834,0.0,14.50059583,14.50059583
1795,1835,0.0,9.89240086,9.89240086
1796,1836,0.0,14.50059583,14.50059583
1797,1837,0.0,15.97361353,15.97361353
1798,1838,0.0,9.89240086,9.89240086
1799,1839,0.0,9.89240086,9.89240086
1800,1840,0.0,12.21436924,12.21436924
1801,1841,0.0,15.10064604,15.10064604
1802,1842,0.0,9.89240086,9.89240086
1803,1843,0.0,15.10064611,15.10064611
1804,1844,0.0,12.42213558,12.42213558
1805,1845,0.0,9.89240083,9.89240083
1806,1846,0.0,12.422136,12.422136
1807,1847,0.0,12.21436743,12.21436743
1808,1848,0.0,9.89240069,9.89240069
1809,1849,0.0,25.45285438,25.45285438
1810,1850,0.0,21.93741054,21.93741054
1811,1851,0.0,22.22463192,22.22463192
1812,1852,0.0,9.89239401,9.89239401
1813,1853,0.0,22.22474762,22.22474762
1814,1854,0.0,25.71533896,25.71533896
1815,1855,0.0,19.85450959,19.85450959
1816,1856,0.0,9.89240086,9.89240086
1817,1857,0.0,19.85451742,19.85451742
1818,1858,0.0,21.93742339,21.93742339
1819,1859,0.0,10.06508411,10.06508411
1820,1860,0.0,10.06508413,10.06508413
1821,1861,0.0,25.71533899,25.71533899
1822,1862,0.0,25.45284625,25.45284625
1823,1863,0.0,9.89240086,9.89240086
1824,1864,0.0,9.89240086,9.89240086
1825,1865,0.0,13.21473166,13.21473166
1826,1866,0.0,15.94951964,15.94951964
1827,1867,0.0,9.89240065,9.89240065
1828,1868,0.0,15.94951986,15.94951986
1829,1869,0.0,13.54566749,13.54566749
1830,1870,0.0,13.54566749,13.54566749
1831,1871,0.0,13.21473041,13.21473041
1832,1872,0.0,8.27478081,8.27478081
1833,1873,0.0,11.13012867,11.13012867
1834,1874,0.0,9.89240069,9.89240069
1835,1875,0.0,11.0318,11.0318
1836,1876,0.0,7.42486042,7.42486042
1837,1877,0.0,7.09265557,7.09265557
1838,1878,0.0,8.2747808,8.2747808
1839,1879,0.0,9.89240086,9.89240086
1840,1880,0.0,9.89240086,9.89240086
1841,1881,0.0,19.54654324,19.54654324
1842,1882,0.0,15.83200826,15.83200826
1843,1883,0.0,10.73974487,10.73974487
1844,1884,0.0,10.41231192,10.41231192
1845,1885,0.0,10.35225336,10.35225336
1846,1886,0.0,10.35226015,10.35226015
1847,1887,0.0,10.0251467,10.0251467
1848,1888,0.0,10.0251467,10.0251467
1849,1889,0.0,10.4123078,10.4123078
1850,1899,0.0,20.48576631,20.48576631
1851,1900,0.0,22.74912249,22.74912249
1852,1901,0.0,16.04057219,16.04057219
1853,1902,0.0,9.8924008,9.8924008
1854,1903,0.0,16.04057241,16.04057241
1855,1904,0.0,22.74912253,22.74912253
1856,1905,0.0,20.48557698,20.48557698
1857,1906,0.0,20.48557698,20.48557698
1858,1907,0.0,22.74912249,22.74912249
1859,1908,0.0,16.04094703,16.04094703
1860,1909,0.0,16.04094703,16.04094703
1861,1910,0.0,22.74912253,22.74912253
1862,1911,0.0,20.48576622,20.48576622
1863,1912,0.0,9.89240086,9.89240086
1864,1913,0.0,8.85183872,8.85183872
1865,1914,0.0,10.17679919,10.17679919
1866,1915,0.0,10.17679919,10.17679919
1867,1916,0.0,12.48526153,12.48526153
1868,1917,0.0,9.89240086,9.89240086
1869,1918,0.0,12.48526153,12.48526153
1870,1919,0.0,8.85183872,8.85183872
1871,1920,0.0,9.89240086,9.89240086
1872,1921,0.0,9.89240086,9.89240086
1873,1922,0.0,21.9161408,21.9161408
1874,1923,0.0,21.31808593,21.31808593
1875,1924,0.0,21.31808593,21.31808593
1876,1925,0.0,21.52969609,21.52969609
1877,1926,0.0,9.89240086,9.89240086
1878,1927,0.0,21.52969609,21.52969609
1879,1928,0.0,21.9161408,21.9161408
1880,1929,0.0,14.21336195,14.21336195
1881,1930,0.0,12.55757883,12.55757883
1882,1931,0.0,9.89240086,9.89240086
1883,1932,0.0,12.55757947,12.55757947
1884,1933,0.0,12.72709855,12.72709855
1885,1934,0.0,9.89240008,9.89240008
1886,1935,0.0,12.72709941,12.72709941
1887,1936,0.0,14.21336195,14.21336195
1888,1937,0.0,9.89240086,9.89240086
1889,1938,0.0,9.89240086,9.89240086
1890,1939,0.0,9.89240086,9.89240086
1891,1940,0.0,16.99302149,16.99302149
1892,1941,0.0,20.43630438,20.43630438
1893,1942,0.0,9.89240086,9.89240086
1894,1943,0.0,20.43630438,20.43630438
1895,1944,0.0,18.53796801,18.53796801
1896,1945,0.0,18.5301766,18.5301766
1897,1946,0.0,16.99482322,16.99482322
1898,1950,0.627,9.89240086,9.8924008
1899,1955,0.0,11.54802988,11.54802988
1900,1956,0.0,12.99860876,12.99860876
1901,1957,0.0,12.99860876,12.99860876
1902,1958,0.0,14.06967872,14.06967872
1903,1959,0.0,14.06967872,14.06967872
1904,1960,0.0,11.54802988,11.54802988
1905,1961,0.0,9.89240086,9.89240086
1906,1962,0.0,25.75151908,25.75151908
1907,1963,0.0,24.06293812,24.06293812
1908,1964,0.0,9.89240086,9.89240086
1909,1965,0.0,24.06293812,24.06293812
1910,1966,0.0,15.4386906,15.4386906
1911,1967,0.0,15.43869063,15.43869063
1912,1968,0.0,25.75151902,25.75151902
1913,1969,0.0,9.89240082,9.89240082
1914,1971,9.742,4.29189858,0.35343962
1915,1971,16.703,9.89240086,0.35343962
1916,1972,13.588,9.89240084,0.2656137
1917,1973,4.978,2.96897525,0.45875707
1918,1974,0.0,10.43842097,10.43842097
1919,1975,0.0,13.0064515,13.0064515
1920,1976,0.0,10.87454534,10.87454534
1921,1977,0.0,10.87454534,10.87454534
1922,1978,0.0,16.17446843,16.17446843
1923,1979,0.0,12.9129405,12.9129405
1924,1980,0.0,12.9129405,12.9129405
1925,1981,0.0,13.0064515,13.0064515
1926,1982,0.0,13.3345442,13.3345442
1927,1983,0.0,9.89240086,9.89240086
1928,1984,0.0,13.3345442,13.3345442
1929,1985,0.0,16.17446843,16.17446843
1930,1986,0.0,10.43842097,10.43842097
1931,1987,0.0,9.89240086,9.89240086
1932,2001,0.0,29.90877525,29.90877525
1933,2002,0.0,31.79775261,31.79775261
1934,2003,0.0,52.60322171,52.60322171
1935,2004,0.0,52.60322171,52.60322171
1936,2005,0.0,43.93655257,43.93655257
1937,2006,0.0,44.46123522,44.46123522
1938,2007,0.0,9.89240086,9.89240086
1939,2008,0.0,44.46123522,44.46123522
1940,2009,0.0,31.79775261,31.79775261
1941,2010,0.0,16.80663847,16.80663847
1942,2011,0.0,16.80663847,16.80663847
1943,2012,0.0,43.93655257,43.93655257
1944,2013,0.0,29.90877525,29.90877525
1945,2014,0.0,38.89903794,38.89903794
1946,2015,0.0,34.36321319,34.36321319
1947,2016,0.0,54.71147359,54.71147359
1948,2017,0.0,54.71147359,54.71147359
1949,2018,0.0,45.31317971,45.31317971
1950,2019,0.0,36.51024555,36.51024555
1951,2020,0.0,36.51024555,36.51024555
1952,2021,0.0,34.36321319,34.36321319
1953,2022,0.0,13.62028704,13.62028704
1954,2023,0.0,13.62028704,13.62028704
1955,2024,0.0,45.31317971,45.31317971
1956,2025,0.0,38.89903794,38.89903794
1957,2026,0.0,9.89240086,9.89240086
1958,2027,0.0,15.62797285,15.62797285
1959,2028,0.0,15.17436934,15.17436934
1960,2029,0.0,12.5881516,12.5881516
1961,2030,0.0,9.89240017,9.89240017
1962,2031,0.0,12.58815219,12.58815219
1963,2032,0.0,15.89985805,15.89985805
1964,2033,0.0,12.4080848,12.4080848
1965,2034,0.0,9.89240078,9.89240078
1966,2035,0.0,12.40808488,12.40808488
1967,2036,0.0,15.17436924,15.17436924
1968,2037,0.0,8.93418506,8.93418506
1969,2038,0.0,9.89240086,9.89240086
1970,2039,0.0,8.93418506,8.93418506
1971,2040,0.0,15.89985808,15.89985808
1972,2041,0.0,15.62797217,15.62797217
1973,2042,0.0,33.10289864,33.10289864
1974,2043,0.0,29.62102274,29.62102274
1975,2044,0.0,18.42700078,18.42700078
1976,2045,0.0,18.42700078,18.42700078
1977,2046,0.0,30.40043681,30.40043681
1978,2047,0.0,27.85126301,27.85126301
1979,2048,0.0,9.89240086,9.89240086
1980,2049,0.0,27.87093067,27.87093067
1981,2050,0.0,29.62364447,29.62364447
1982,2051,0.0,15.27585878,15.27585878
1983,2052,0.0,15.28619824,15.28619824
1984,2053,0.0,30.40043681,30.40043681
1985,2054,0.0,33.10289864,33.10289864
1986,1990,13.538,25.26871722,19.12466432
1987,1989,15.866,29.75515645,38.22739156
1988,1990,13.199,13.31930851,19.12466432
1989,1992,8.417,13.31930851,21.73642709
1990,1993,0.0,23.67010545,23.67010545
1991,1994,0.0,25.90244499,25.90244499
1992,1995,0.0,25.90244499,25.90244499
1993,1995,3.853,29.75515645,25.90244499
1994,1997,0.0,12.51617839,12.51617839
1995,1998,0.0,12.51617839,12.51617839
1996,1999,0.0,23.67010545,23.67010545
1997,1999,1.599,25.26871722,23.67010545
