road,junction,length,min_inner_r,s_at,k_at,w_at,min_ref_r,min_with_sidewalk_r,max_joint_gap_m,max_joint_hdg_deg,pp3_len_mismatch_max
1120,-1,152.977,0.1047,73.28,-0.28946,3.35,3.4547,-2.6953,0.0000,0.000,0.0000
1121,-1,2.522,inf,,,,inf,inf,0.0000,0.000,0.0000
1122,-1,100.804,3.9053,20.78,0.25607,3.35,3.9053,3.9053,0.0000,0.000,0.0012
1123,-1,52.962,3.8604,14.27,0.25904,3.35,3.8604,3.8604,0.0000,0.000,0.0000
1124,-1,10.464,18.2166,2.54,-0.04637,3.35,21.5666,15.4166,0.0000,0.000,0.0000
1125,-1,58.933,inf,,,,inf,inf,0.0000,0.000,0.0000
1126,-1,60.039,8.5964,12.67,-0.08371,3.35,11.9464,5.7964,0.0000,0.000,0.0000
1127,-1,20.311,inf,,,,inf,inf,0.0000,0.000,0.0000
1128,-1,32.178,51.9311,16.08,0.01926,3.35,51.9311,51.9311,0.0000,0.000,0.0000
1129,-1,63.074,0.1859,52.62,-0.28281,3.35,3.5359,-2.6141,0.0000,0.000,0.0000
1130,-1,81.117,12.4827,62.14,0.08011,3.35,12.4827,12.4827,0.0000,0.000,0.0000
1131,-1,143.237,4.3903,19.77,-0.12919,3.35,7.7403,1.5903,0.0000,0.000,0.0000
1132,-1,88.103,1.1161,28.32,0.89598,3.35,1.1161,1.1161,0.0000,0.000,0.0000
1133,-1,20.142,inf,,,,inf,inf,0.0000,0.000,0.0000
1134,-1,73.895,5.1887,63.15,0.19273,3.35,5.1887,5.1887,0.0000,0.000,0.0092
1135,-1,12.989,inf,,,,inf,inf,0.0000,0.000,0.0000
1136,-1,57.852,inf,,,,inf,inf,0.0000,89.162,0.0000
1137,-1,3.058,inf,,,,inf,inf,0.0000,0.000,0.0000
1138,-1,82.596,-1.8567,20.66,-0.66966,3.35,0.2014,-4.6567,0.0000,0.000,0.0166
1139,-1,86.733,1.7457,41.62,-0.19624,3.35,5.0957,-1.0543,0.0000,0.000,0.0094
1140,-1,41.827,142.3107,5.50,-0.00687,3.35,145.6607,139.5107,0.0000,0.000,0.0000
1141,-1,31.696,6.6665,31.50,-0.09984,3.35,10.0165,3.8665,0.0000,0.000,0.0000
1142,-1,0.200,inf,,,,inf,inf,0.0000,0.000,0.0000
1143,-1,81.444,-3.0930,38.76,-3.89085,3.35,0.2570,-5.8930,0.0000,0.000,0.0130
1144,-1,63.589,inf,,,,inf,inf,0.0000,0.000,0.0000
1145,-1,140.782,-3.0600,130.74,-3.44844,3.35,0.2900,-5.8600,0.0000,0.000,0.0111
1146,-1,110.553,8.3766,67.12,-0.08528,3.35,11.7266,5.5766,0.0000,0.000,0.0000
1147,-1,86.190,-2.7999,35.45,-1.81800,3.35,0.5501,-5.5999,0.0000,0.000,0.0098
1148,-1,2.248,inf,,,,inf,inf,0.0000,0.000,0.0000
1149,-1,59.770,27.7680,59.57,0.03601,3.35,27.7680,27.7680,0.0000,0.000,0.0000
1150,-1,43.894,9.6486,40.11,0.10364,3.35,9.6486,9.6486,0.0000,0.000,0.0041
1151,-1,138.045,100.9301,93.67,0.00991,3.35,100.9301,100.9301,0.0000,0.000,0.0000
1152,-1,160.586,329.7830,70.28,0.00303,3.35,329.7830,329.7830,0.0000,0.000,0.0000
1153,-1,82.727,304.2320,62.55,0.00329,3.35,304.2320,304.2320,0.0000,0.000,0.0000
1154,-1,152.054,1.0927,138.99,-0.22509,3.35,4.4427,-1.7073,0.0000,0.000,0.0010
1155,-1,6.743,144.7619,6.54,-0.00675,3.35,148.1119,141.9619,0.0000,0.000,0.0000
1156,-1,31.814,47.0251,22.87,0.02127,3.35,47.0251,47.0251,0.0000,0.000,0.0000
1157,-1,73.489,48.9944,26.35,0.02041,3.35,48.9944,48.9944,0.0000,0.000,0.0000
1158,-1,194.605,-2.2178,168.99,-0.88327,3.35,1.1322,-5.0178,0.0000,65.755,0.0102
1159,-1,61.831,-2.8807,1.63,-2.13098,3.35,0.1543,-5.6807,0.0000,0.000,0.0202
1160,-1,15.029,-1.7641,7.63,-0.63054,3.35,0.4472,-4.5641,0.0000,0.000,0.0044
1161,-1,46.860,5.9034,34.24,0.16939,3.35,5.9034,5.9034,0.0000,0.000,0.0000
1162,-1,41.807,4.4090,41.61,-0.12888,3.35,7.7590,1.6090,0.0000,0.000,0.0000
1163,-1,58.032,6.1091,1.03,-0.10572,3.35,7.4660,3.3091,0.0000,0.000,0.0000
1164,-1,119.984,3.7849,83.65,0.26421,3.35,3.7849,3.7849,0.0000,0.000,0.0000
1165,-1,14.362,inf,,,,inf,inf,0.0000,0.000,0.0000
1166,-1,33.829,0.4626,12.82,-0.26229,3.35,3.8126,-2.3374,0.0000,0.000,0.0000
1167,-1,12.291,inf,,,,inf,inf,0.0000,0.000,0.0000
1168,-1,37.812,5.3514,18.43,0.18687,3.35,5.3514,5.3514,0.0000,0.000,0.0090
1169,-1,162.159,-1.8715,117.61,-0.67636,3.35,1.4785,-4.6715,0.0000,0.000,0.0053
1170,-1,124.685,-1.6994,110.65,-0.60583,3.35,1.6506,-4.4994,0.0000,0.000,0.0042
1171,-1,14.580,409.1893,0.93,-0.00242,3.35,412.5393,406.3893,0.0000,0.000,0.0000
1172,-1,119.057,2018.6275,40.90,-0.00049,3.35,2021.9775,2015.8275,0.0000,0.000,0.0000
1173,-1,109.904,40.8280,77.05,0.02449,3.35,40.8280,40.8280,0.0000,0.000,0.0000
1174,-1,17.260,inf,,,,inf,inf,0.0000,0.000,0.0000
1175,-1,73.389,4.1120,47.86,-0.13401,3.35,7.4620,1.3120,0.0000,0.000,0.0000
1176,-1,137.836,-0.8903,1.42,-0.40655,3.35,2.4597,-3.6903,0.0000,0.000,0.0092
1177,-1,108.010,-2.0979,37.28,-0.79864,3.35,1.2521,-4.8979,0.0000,0.000,0.0000
1178,-1,294.895,3.0336,197.45,0.32964,3.35,3.0336,3.0336,0.0000,90.119,0.0097
1179,-1,140.039,-2.5224,45.52,-1.20837,3.35,0.8276,-5.3224,0.0000,0.000,0.0081
1180,-1,44.728,-1.7021,1.03,-0.60682,3.35,1.6479,-4.5021,0.0000,0.000,0.0000
1181,-1,0.200,inf,,,,inf,inf,0.0000,0.000,0.0000
1182,-1,73.465,inf,,,,inf,inf,0.0000,0.000,0.0000
1183,-1,0.200,inf,,,,inf,inf,0.0000,0.000,0.0000
1184,-1,75.939,1.9707,60.40,-0.18794,3.35,5.3207,-0.8293,0.0000,0.000,0.0090
1185,-1,52.056,2.1540,2.54,0.46425,3.35,2.1540,2.1540,0.0000,0.000,0.0000
1186,-1,82.993,2661.8669,46.42,0.00038,3.35,2661.8669,2661.8669,0.0000,0.000,0.0000
1187,-1,70.587,16.5906,17.77,0.06028,3.35,16.5906,16.5906,0.0000,0.000,0.0000
1188,-1,62.557,0.4710,14.80,-0.26171,3.35,1.6574,-2.3290,0.0000,0.000,0.0000
1189,-1,0.200,inf,,,,inf,inf,0.0000,0.000,0.0000
1190,-1,87.521,-3.1421,22.41,-4.80929,3.35,0.1651,-5.9421,0.0000,0.000,0.0138
1191,-1,84.395,4.7529,56.94,0.21040,3.35,4.7529,4.7529,0.0000,0.000,0.0098
1192,-1,199.366,-0.2731,184.32,-0.32500,3.35,3.0769,-3.0731,0.0000,0.000,0.0000
1193,-1,42.852,-1.7805,0.30,-0.63714,3.35,1.5695,-4.5805,0.0000,0.000,0.0000
1194,-1,77.863,515.0417,61.85,0.00194,3.35,515.0417,515.0417,0.0000,0.000,0.0000
1195,-1,53.815,1.4236,53.62,-0.20949,3.35,4.7736,-1.3764,0.0000,0.000,0.0088
1196,-1,13.380,79.2736,0.20,0.01261,3.35,79.2736,79.2736,0.0000,0.000,0.0000
1197,-1,111.182,-1.6546,56.03,-0.58983,3.35,1.6954,-4.4546,0.0000,0.000,0.0000
1198,-1,97.995,9.4141,97.79,0.10622,3.35,9.4141,9.4141,0.0000,0.000,0.0000
1199,-1,75.414,-0.0084,62.23,-0.29926,3.35,3.3416,-2.8084,0.0000,0.000,0.0000
1200,-1,51.610,2.0551,17.95,0.48659,3.35,2.0551,0.1883,0.0000,0.000,0.0000
1201,-1,45.939,18.3295,33.27,-0.04613,3.35,21.6795,15.5295,0.0000,0.000,0.0000
1202,-1,105.742,inf,,,,inf,inf,0.0000,0.000,0.0000
1203,-1,82.692,inf,,,,inf,inf,0.0000,0.000,0.0000
1204,-1,136.326,439.5422,0.20,0.00228,3.35,439.5422,439.5422,0.0000,0.000,0.0000
1205,-1,183.580,34.1710,6.01,0.02926,3.35,34.1710,34.1710,0.0000,0.000,0.0000
1206,-1,52.239,19901.6146,50.13,0.00005,3.35,19901.6146,19901.6146,0.0000,0.000,0.0000
1207,-1,49.494,2.2816,28.50,0.43829,3.35,2.2816,2.2816,0.0000,0.000,0.0065
1208,-1,16.112,inf,,,,inf,inf,0.0000,0.000,0.0000
1209,-1,128.600,5.6785,48.49,0.17610,3.35,5.6785,5.6785,0.0000,0.000,0.0087
1210,-1,50.826,3.3394,34.69,0.29946,3.35,3.3394,3.3394,0.0000,0.000,0.0000
1211,-1,58.004,1.6888,15.92,-0.19846,3.35,5.0388,-1.1112,0.0000,0.000,0.0095
1212,-1,34.677,132.4060,25.75,-0.00737,3.35,135.7560,129.6060,0.0000,0.000,0.0000
1213,-1,5.011,inf,,,,inf,inf,0.0000,0.000,0.0000
1214,-1,91.932,3.5375,53.70,-0.14519,3.35,6.8875,0.7375,0.0000,0.000,0.0000
1215,-1,89.823,-1.9679,19.82,-0.72352,3.35,0.7271,-4.7679,0.0000,0.000,0.0098
1216,-1,0.200,inf,,,,inf,inf,0.0000,0.000,0.0000
1217,-1,298.867,0.4443,22.37,-0.26355,3.35,3.7943,-2.3557,0.0000,0.000,0.0072
1218,-1,24.695,213.3415,8.71,-0.00461,3.35,216.6915,210.5415,0.0000,0.000,0.0000
1219,-1,52.450,10536.5977,15.64,-0.00009,3.35,10539.9477,10533.7977,0.0000,0.000,0.0000
1220,-1,137.977,37.7075,52.71,-0.02436,3.35,41.0575,34.9075,0.0000,0.000,0.0000
1221,-1,28.032,23.2884,0.20,0.04294,3.35,23.2884,23.2884,0.0000,0.000,0.0000
1222,-1,39.200,1.9592,30.68,-0.18835,3.35,5.3092,-0.8408,0.0000,0.000,0.0013
1223,-1,19.184,30.6962,18.98,-0.02937,3.35,34.0462,27.8962,0.0000,0.000,0.0000
1224,-1,56.074,5.7522,3.05,-0.10986,3.35,9.1022,2.9522,0.0000,0.000,0.0000
1225,-1,140.782,-2.3106,17.46,-0.96208,3.35,0.2900,-5.1106,0.0000,0.000,0.0111
1226,-1,7.342,inf,,,,inf,inf,0.0000,0.000,0.0000
1227,-1,3.197,inf,,,,inf,inf,0.0000,0.000,0.0000
1228,-1,0.200,inf,,,,inf,inf,0.0000,0.000,0.0000
1229,-1,11.332,inf,,,,inf,inf,0.0000,0.000,0.0000
1230,-1,54.917,-0.9455,43.19,-0.41589,3.35,2.4045,-3.7455,0.0000,0.000,0.0000
1231,-1,37.813,inf,,,,inf,inf,0.0000,0.000,0.0000
1232,-1,0.200,inf,,,,inf,inf,0.0000,0.000,0.0000
1233,-1,106.149,28.5659,90.80,-0.03133,3.35,31.9159,25.7659,0.0000,0.000,0.0000
1234,-1,34.404,-1.0527,18.02,-0.43530,3.35,2.2973,-3.8527,0.0000,0.000,0.0000
1235,-1,23.052,12609.2828,22.85,0.00008,3.35,12609.2828,12609.2828,0.0000,0.000,0.0000
1236,-1,41.852,-1.9585,11.35,-0.71865,3.35,1.3915,-4.7585,0.0000,0.000,0.0000
1237,-1,130.520,17.4055,108.85,-0.04818,3.35,20.7555,14.6055,0.0000,0.000,0.0000
1238,-1,34.355,inf,,,,inf,inf,0.0000,0.000,0.0000
1239,-1,50.631,17.2861,35.81,0.05785,3.35,17.2861,17.2861,0.0000,0.000,0.0000
1240,-1,149.497,6.8027,118.83,-0.09850,3.35,10.1527,4.0027,0.0000,0.000,0.0000
1241,-1,60.050,34109.2011,35.28,-0.00003,3.35,34112.5511,34106.4011,0.0000,0.000,0.0000
1242,-1,81.698,0.9028,2.70,-0.23514,3.35,4.0412,-1.8972,0.0000,0.000,0.0000
1243,-1,4.032,inf,,,,inf,inf,0.0000,0.000,0.0000
1244,-1,15.065,inf,,,,inf,inf,0.0000,0.000,0.0000
1245,-1,37.747,2929.5363,16.31,0.00034,3.35,2929.5363,2929.5363,0.0000,0.000,0.0000
1246,-1,40.914,0.5637,6.40,-0.25551,3.35,3.9137,-2.2363,0.0000,0.000,0.0000
1247,-1,152.977,3.4547,79.70,0.28946,3.35,3.4547,3.4547,0.0000,0.000,0.0000
1248,-1,2.522,inf,,,,inf,inf,0.0000,0.000,0.0000
1249,-1,100.804,0.3916,80.03,-0.26727,3.35,3.7416,-2.4084,0.0000,0.000,0.0012
1250,-1,52.962,0.5104,38.69,-0.25904,3.35,3.8604,-2.2896,0.0000,0.000,0.0000
1251,-1,10.464,21.4802,7.94,0.04655,3.35,21.4802,21.4802,0.0000,0.000,0.0000
1252,-1,58.933,inf,,,,inf,inf,0.0000,0.000,0.0000
1253,-1,60.039,11.9459,47.36,0.08371,3.35,11.9459,11.9459,0.0000,0.000,0.0000
1254,-1,20.311,inf,,,,inf,inf,0.0000,0.000,0.0000
1255,-1,32.178,48.5811,2.22,-0.01926,3.35,51.9311,45.7811,0.0000,0.000,0.0000
1256,-1,63.074,3.5359,10.45,0.28281,3.35,3.5359,3.5359,0.0000,0.000,0.0000
1257,-1,81.117,9.1327,18.97,-0.08011,3.35,12.4827,6.3327,0.0000,0.000,0.0000
1258,-1,143.237,7.7403,123.46,0.12919,3.35,7.7403,7.7403,0.0000,0.000,0.0000
1259,-1,88.103,-2.2044,59.77,-0.87292,3.35,1.1456,-5.0044,0.0000,0.000,0.0000
1260,-1,20.142,inf,,,,inf,inf,0.0000,0.000,0.0000
1261,-1,73.895,1.8387,10.74,-0.19273,3.35,5.1887,-0.9613,0.0000,0.000,0.0092
1262,-1,12.989,inf,,,,inf,inf,0.0000,0.000,0.0000
1263,-1,37.738,0.2443,37.50,4.09365,3.35,0.2443,-0.6145,0.0000,0.000,0.0129
1264,-1,3.058,inf,,,,inf,inf,0.0000,0.000,0.0000
1265,-1,82.596,-3.1486,69.98,-4.96446,3.35,0.2014,-5.9486,0.0000,0.000,0.0165
1266,-1,86.733,5.0957,45.11,0.19624,3.35,5.0957,5.0957,0.0000,0.000,0.0094
1267,-1,41.827,145.6607,22.44,0.00687,3.35,145.6607,145.6607,0.0000,0.000,0.0000
1268,-1,31.696,10.0165,0.20,0.09984,3.35,10.0165,10.0165,0.0000,0.000,0.0000
1269,-1,0.200,inf,,,,inf,inf,0.0000,0.000,0.0000
1270,-1,81.444,-1.9414,48.43,-0.70993,3.35,0.2570,-4.7414,0.0000,0.000,0.0129
1271,-1,63.589,inf,,,,inf,inf,0.0000,0.000,0.0000
1272,-1,110.553,11.7283,43.43,0.08526,3.35,11.7283,11.7283,0.0000,0.000,0.0000
1273,-1,86.190,0.5501,50.74,1.81800,3.35,0.5501,0.5501,0.0000,0.000,0.0098
1274,-1,2.248,inf,,,,inf,inf,0.0000,0.000,0.0000
1275,-1,59.770,24.4180,0.20,-0.03601,3.35,27.7680,21.6180,0.0000,0.000,0.0000
1276,-1,53.815,4.7736,0.20,0.20949,3.35,4.7736,4.7736,0.0000,0.000,0.0088
1277,-1,43.894,6.2986,3.78,-0.10364,3.35,9.6486,3.4986,0.0000,0.000,0.0041
1278,-1,138.045,97.5800,44.37,-0.00991,3.35,100.9300,94.7800,0.0000,0.000,0.0000
1279,-1,160.586,326.4330,76.42,-0.00303,3.35,329.7830,323.6330,0.0000,0.000,0.0000
1280,-1,82.727,300.8820,6.28,-0.00329,3.35,304.2320,298.0820,0.0000,0.000,0.0000
1281,-1,157.690,-0.4810,8.68,-0.34855,3.35,0.9161,-3.2810,0.0000,0.000,0.0000
1282,-1,152.054,4.4427,13.07,0.22509,3.35,4.4427,4.4427,0.0000,0.000,0.0010
1283,-1,6.743,145.8040,0.20,0.00686,3.35,145.8040,145.8040,0.0000,0.000,0.0000
1284,-1,31.814,43.6751,22.82,-0.02127,3.35,47.0251,40.8751,0.0000,0.000,0.0000
1285,-1,73.489,45.6443,47.14,-0.02041,3.35,48.9943,42.8443,0.0000,0.000,0.0000
1286,-1,15.029,-2.9028,9.59,-2.23637,3.35,0.4472,-5.7028,0.0000,0.000,0.0044
1287,-1,194.605,-0.0615,27.21,-0.30409,3.35,1.1322,-2.8615,0.0000,65.755,0.0102
1288,-1,61.831,-3.1957,37.97,-6.48182,3.35,0.1543,-5.9957,0.0000,0.000,0.0201
1289,-1,47.129,-1.7332,0.26,-0.61852,3.35,1.6168,-4.5332,0.0000,0.000,0.0000
1290,-1,41.807,7.7590,0.20,0.12888,3.35,7.7590,7.7590,0.0000,0.000,0.0000
1291,-1,58.032,4.1160,0.20,-0.13394,3.35,7.4660,1.3160,0.0000,0.000,0.0000
1292,-1,119.984,0.4349,36.34,-0.26421,3.35,3.7849,-2.3651,0.0000,0.000,0.0000
1293,-1,14.362,inf,,,,inf,inf,0.0000,0.000,0.0000
1294,-1,157.690,-2.4339,147.37,-1.09154,3.35,0.9161,-5.2339,0.0000,0.000,0.0000
1295,-1,33.829,3.8126,21.01,0.26229,3.35,3.8126,3.8126,0.0000,0.000,0.0000
1296,-1,12.291,inf,,,,inf,inf,0.0000,0.000,0.0000
1297,-1,37.812,2.0014,19.38,-0.18687,3.35,5.3514,-0.7986,0.0000,0.000,0.0090
1298,-1,162.159,-1.8272,51.60,-0.65669,3.35,1.4785,-4.6272,0.0000,0.000,0.0053
1299,-1,124.685,1.6021,7.77,-0.20194,3.35,1.6507,-1.1979,0.0000,0.000,0.0042
1300,-1,14.580,408.6068,13.65,0.00245,3.35,408.6068,408.6068,0.0000,0.000,0.0000
1301,-1,119.057,2021.9800,78.16,0.00049,3.35,2021.9800,2021.9800,0.0000,0.000,0.0000
1302,-1,109.904,37.4719,32.85,-0.02450,3.35,40.8219,34.6719,0.0000,0.000,0.0000
1303,-1,17.260,inf,,,,inf,inf,0.0000,0.000,0.0000
1304,-1,73.389,4.3741,14.52,-0.12946,3.35,7.4620,1.5741,0.0000,0.000,0.0000
1305,-1,137.836,2.4597,136.42,0.40655,3.35,2.4597,2.4597,0.0000,0.000,0.0092
1306,-1,294.895,-0.3164,97.45,-0.32964,3.35,3.0336,-3.1164,0.0000,90.119,0.0097
1307,-1,108.010,0.2747,62.37,-0.27588,3.35,1.2521,-2.5253,0.0000,0.000,0.0000
1308,-1,139.827,inf,,,,inf,inf,0.0000,53.727,0.0000
1309,-1,44.728,0.4526,17.46,-0.26298,3.35,1.6529,-2.3474,0.0000,0.000,0.0000
1310,-1,0.200,inf,,,,inf,inf,0.0000,0.000,0.0000
1311,-1,73.465,inf,,,,inf,inf,0.0000,0.000,0.0000
1312,-1,0.200,inf,,,,inf,inf,0.0000,0.000,0.0000
1313,-1,75.939,5.3207,15.54,0.18794,3.35,5.3207,5.3207,0.0000,0.000,0.0090
1314,-1,52.056,-1.2309,49.51,-0.47190,3.35,2.1191,-4.0309,0.0000,0.000,0.0000
1315,-1,82.993,2658.6083,36.58,-0.00038,3.35,2661.9583,2655.8083,0.0000,0.000,0.0000
1316,-1,70.587,13.2402,52.81,-0.06028,3.35,16.5902,10.4402,0.0000,0.000,0.0000
1317,-1,62.557,-1.6926,0.48,-0.60337,3.35,1.6574,-4.4926,0.0000,0.000,0.0000
1318,-1,0.200,inf,,,,inf,inf,0.0000,0.000,0.0000
1319,-1,87.290,-1.0781,44.53,-0.44015,3.35,2.2719,-3.8781,0.0000,78.800,0.0071
1320,-1,84.395,1.4029,27.45,-0.21040,3.35,4.7529,-1.3971,0.0000,0.000,0.0098
1321,-1,199.366,0.0829,139.03,-0.29130,3.35,3.0751,-2.7171,0.0000,0.000,0.0000
1322,-1,42.547,1.5124,40.69,0.66118,3.35,1.5124,1.5124,0.0000,0.000,0.0000
1323,-1,77.863,512.0572,2.12,-0.00194,3.35,515.4072,509.2572,0.0000,0.000,0.0000
1324,-1,111.182,1.5071,56.17,-0.20588,3.35,1.6967,-1.2929,0.0000,0.000,0.0000
1325,-1,97.995,6.0641,0.20,-0.10622,3.35,9.4141,3.2641,0.0000,0.000,0.0000
1326,-1,13.380,76.6415,13.18,-0.01250,3.35,79.9915,73.8415,0.0000,0.000,0.0000
1327,-1,75.414,3.3420,13.19,0.29922,3.35,3.3420,3.3420,0.0000,0.000,0.0000
1328,-1,51.610,-1.2950,33.66,-0.48661,3.35,2.0550,-4.0950,0.0000,0.000,0.0000
1329,-1,45.939,21.6795,26.48,0.04613,3.35,21.6795,21.6795,0.0000,0.000,0.0000
1330,-1,105.742,inf,,,,inf,inf,0.0000,0.000,0.0000
1331,-1,82.692,inf,,,,inf,inf,0.0000,0.000,0.0000
1332,-1,136.326,436.1904,136.13,-0.00228,3.35,439.5404,433.3904,0.0000,0.000,0.0000
1333,-1,484.369,-2.6103,263.06,-1.35193,3.35,0.2950,-5.4103,0.0000,42.360,0.0068
1334,-1,183.580,30.8210,177.57,-0.02926,3.35,34.1710,28.0210,0.0000,0.000,0.0000
1335,-1,52.239,19898.7763,2.11,-0.00005,3.35,19902.1263,19895.9763,0.0000,0.000,0.0000
1336,-1,49.494,-1.0684,20.99,-0.43829,3.35,2.2816,-3.8684,0.0000,0.000,0.0065
1337,-1,16.112,inf,,,,inf,inf,0.0000,0.000,0.0000
1338,-1,128.600,2.3285,80.11,-0.17610,3.35,5.6785,-0.4715,0.0000,0.000,0.0087
1339,-1,50.825,-0.0101,16.14,-0.29941,3.35,3.3399,-2.8101,0.0000,0.000,0.0000
1340,-1,58.004,5.0388,42.08,0.19846,3.35,5.0388,5.0388,0.0000,0.000,0.0095
1341,-1,34.677,135.7560,22.82,0.00737,3.35,135.7560,135.7560,0.0000,0.000,0.0000
1342,-1,5.011,inf,,,,inf,inf,0.0000,0.000,0.0000
1343,-1,5.587,inf,,,,inf,inf,0.0000,0.000,0.0000
1344,-1,59.858,inf,,,,inf,inf,0.0000,0.000,0.0000
1345,-1,91.932,6.8875,38.23,0.14519,3.35,6.8875,6.8875,0.0000,0.000,0.0000
1346,-1,89.771,1.4192,23.27,-0.20968,3.35,3.7180,-1.3808,0.0000,36.778,0.0098
1347,-1,0.200,inf,,,,inf,inf,0.0000,0.000,0.0000
1348,-1,298.867,3.6614,232.72,-0.14262,3.35,3.7943,0.8614,0.0000,0.000,0.0072
1349,-1,137.977,41.0575,85.27,0.02436,3.35,41.0575,41.0575,0.0000,0.000,0.0000
1350,-1,24.695,216.6915,2.10,0.00461,3.35,216.6915,216.6915,0.0000,0.000,0.0000
1351,-1,52.450,10540.1762,36.81,0.00009,3.35,10540.1762,10540.1762,0.0000,0.000,0.0000
1352,-1,28.032,22.3571,27.83,-0.03890,3.35,25.7071,19.5571,0.0000,0.000,0.0000
1353,-1,39.200,5.3091,8.52,0.18835,3.35,5.3091,5.3091,0.0000,0.000,0.0013
1354,-1,19.184,34.0430,0.20,0.02937,3.35,34.0430,34.0430,0.0000,0.000,0.0000
1355,-1,56.074,6.1584,52.35,-0.10517,3.35,9.1741,3.3584,0.0000,0.000,0.0000
1356,-1,37.054,3.3297,11.49,0.30033,3.35,3.3297,3.3297,0.0000,0.000,0.0000
1357,-1,7.342,inf,,,,inf,inf,0.0000,0.000,0.0000
1358,-1,3.197,inf,,,,inf,inf,0.0000,0.000,0.0000
1359,-1,0.200,inf,,,,inf,inf,0.0000,0.000,0.0000
1360,-1,11.332,inf,,,,inf,inf,0.0000,0.000,0.0000
1361,-1,54.917,-0.2395,7.80,-0.32149,3.35,2.4044,-3.0395,0.0000,0.000,0.0000
1362,-1,37.813,inf,,,,inf,inf,0.0000,0.000,0.0000
1363,-1,0.200,inf,,,,inf,inf,0.0000,0.000,0.0000
1364,-1,106.149,31.9148,15.35,0.03133,3.35,31.9148,31.9148,0.0000,0.000,0.0000
1365,-1,34.404,2.2973,16.39,0.43528,3.35,2.2973,0.8143,0.0000,0.000,0.0000
1366,-1,23.052,12606.6197,0.20,-0.00008,3.35,12609.9697,12603.8197,0.0000,0.000,0.0000
1367,-1,41.852,1.3915,30.50,0.71865,3.35,1.3915,1.3915,0.0000,0.000,0.0000
1368,-1,130.520,20.7555,21.67,0.04818,3.35,20.7555,20.7555,0.0000,0.000,0.0000
1369,-1,34.355,inf,,,,inf,inf,0.0000,0.000,0.0000
1370,-1,50.631,13.9361,28.59,-0.05785,3.35,17.2861,11.1361,0.0000,0.000,0.0000
1371,-1,149.497,9.6756,18.68,-0.07677,3.35,10.1527,6.8756,0.0000,0.000,0.0000
1372,-1,221.056,-3.1038,62.54,-4.06097,3.35,0.2462,-5.9038,0.0000,0.000,0.0107
1373,-1,60.050,34112.3363,24.77,0.00003,3.35,34112.3363,34112.3363,0.0000,0.000,0.0000
1374,-1,81.698,0.6302,79.34,-0.25124,3.35,3.9802,-2.1698,0.0000,0.000,0.0000
1375,-1,4.032,inf,,,,inf,inf,0.0000,0.000,0.0000
1376,-1,15.065,inf,,,,inf,inf,0.0000,0.000,0.0000
1377,-1,37.747,2925.9773,21.43,-0.00034,3.35,2929.3273,2923.1773,0.0000,0.000,0.0000
1378,-1,221.056,-1.9224,154.47,-0.70048,3.35,0.2462,-4.7224,0.0000,0.000,0.0107
1379,-1,40.915,3.9137,34.52,0.25551,3.35,3.9137,3.9137,0.0000,0.000,0.0000
1380,2,9.892,-1.6750,4.95,0.59701,3.35,1.6750,-1.6750,0.0000,0.000,0.0165
1381,12,14.826,6.2976,7.32,-0.10365,3.35,9.6476,3.4976,0.0000,0.000,0.0078
1382,12,16.845,30.6641,8.41,0.03261,3.35,30.6641,30.6641,0.0000,0.000,0.0000
1383,12,11.100,3.6437,7.96,0.27445,3.35,3.6437,3.6437,0.0000,0.000,0.0107
1384,12,11.100,0.2937,3.14,-0.27445,3.35,3.6437,-2.5063,0.0000,0.000,0.0107
1385,12,14.044,23.5518,6.48,0.04246,3.35,23.5518,23.5518,0.0000,0.000,0.0000
1386,12,11.227,3.7722,3.10,0.26510,3.35,3.7722,3.7722,0.0000,0.000,0.0106
1387,12,11.227,0.4222,8.13,-0.26510,3.35,3.7722,-2.3778,0.0000,0.000,0.0106
1388,12,16.845,27.3141,8.43,-0.03261,3.35,30.6641,27.3141,0.0000,0.000,0.0000
1389,12,13.267,4.9443,6.63,0.20225,3.35,4.9443,4.9443,0.0000,0.000,0.0132
1390,12,13.267,1.5943,6.63,-0.20225,3.35,4.9443,-1.2057,0.0000,0.000,0.0132
1391,12,14.044,20.2018,7.57,-0.04246,3.35,23.5518,20.2018,0.0000,0.000,0.0000
1392,12,14.826,9.6476,7.51,0.10365,3.35,9.6476,9.6476,0.0000,0.000,0.0078
1393,22,13.571,-1.8986,0.00,-0.68900,3.35,1.4514,-4.6986,0.0000,0.000,0.0063
1394,22,14.679,34.1728,6.02,-0.02665,3.35,37.5228,34.1728,0.0000,0.000,0.0000
1395,22,14.679,37.5228,8.66,0.02665,3.35,37.5228,37.5228,0.0000,0.000,0.0000
1396,22,16.475,3.5963,8.24,0.27806,3.35,3.5963,3.5963,0.0000,0.000,0.0241
1397,22,16.475,0.2463,8.24,-0.27806,3.35,3.5963,-2.5537,0.0000,0.000,0.0241
1398,22,13.571,1.4514,13.57,0.68900,3.35,1.4514,1.4514,0.0000,0.000,0.0063
1399,93,8.638,-2.4834,0.17,-1.15387,3.35,0.8666,-5.2834,0.0000,0.000,0.0064
1400,93,9.814,540.7347,4.04,0.00185,3.35,540.7347,540.7347,0.0000,0.000,0.0000
1401,93,8.380,0.8582,0.21,1.16526,3.35,0.8582,0.8582,0.0000,0.000,0.0066
1402,93,8.380,-2.4918,8.17,-1.16526,3.35,0.8582,-5.2918,0.0000,0.000,0.0066
1403,93,15.616,115.3340,7.74,0.00867,3.35,115.3340,115.3340,0.0000,0.000,0.0000
1404,93,12.638,5.4446,6.11,0.18367,3.35,5.4446,5.4446,0.0000,0.000,0.0109
1405,93,9.892,-1.6750,4.95,0.59701,3.35,1.6750,-1.6750,0.0000,0.000,0.0165
1406,93,12.638,2.0946,6.53,-0.18367,3.35,5.4446,-0.7054,0.0000,0.000,0.0109
1407,93,9.814,537.3847,5.77,-0.00185,3.35,540.7347,537.3847,0.0000,0.000,0.0000
1408,93,12.687,5.2532,6.34,0.19036,3.35,5.2532,5.2532,0.0000,0.000,0.0114
1409,93,12.687,1.9032,6.34,-0.19036,3.35,5.2532,-0.8968,0.0000,0.000,0.0114
1410,93,15.616,111.9840,7.88,-0.00867,3.35,115.3340,111.9840,0.0000,0.000,0.0000
1411,93,8.638,0.8666,8.47,1.15387,3.35,0.8666,0.8666,0.0000,0.000,0.0064
1412,93,9.892,-1.6750,4.95,0.59701,3.35,1.6750,-1.6750,0.0000,0.000,0.0165
1413,105,15.979,57.0700,7.82,0.01752,3.35,57.0700,57.0700,0.0000,0.000,0.0000
1414,105,8.728,1.5693,8.18,0.63721,3.35,1.5693,1.5693,0.0000,0.000,0.0070
1415,105,9.892,-1.6750,4.95,0.59701,3.35,1.6750,-1.6750,0.0000,0.000,0.0165
1416,105,8.728,-1.7807,0.55,-0.63721,3.35,1.5693,-4.5807,0.0000,0.000,0.0070
1417,105,9.226,1.3065,0.58,0.76541,3.35,1.3065,1.3065,0.0000,0.000,0.0084
1418,105,9.226,-2.0435,8.65,-0.76541,3.35,1.3065,-4.8435,0.0000,0.000,0.0084
1419,105,15.979,53.7200,8.16,-0.01752,3.35,57.0700,53.7200,0.0000,0.000,0.0000
1420,105,9.892,-1.6750,4.95,0.59701,3.35,1.6750,-1.6750,0.0000,0.000,0.0165
1421,84,17.435,57.6691,9.78,-0.01639,3.35,61.0191,54.8691,0.0000,0.000,0.0000
1422,84,19.098,2.8761,9.55,0.34769,3.35,2.8761,2.8761,0.0000,0.000,0.0335
1423,84,19.098,-0.4739,9.55,-0.34769,3.35,2.8761,-3.2739,0.0000,0.000,0.0335
1424,84,17.945,6.3858,12.12,0.15660,3.35,6.3858,6.3858,0.0000,0.000,0.0112
1425,84,17.945,3.0358,5.83,-0.15660,3.35,6.3858,0.2358,0.0000,0.000,0.0112
1426,84,17.435,61.0191,7.66,0.01639,3.35,61.0191,61.0191,0.0000,0.000,0.0000
1427,10,15.935,186.6416,7.17,-0.00526,3.35,189.9916,183.8416,0.0000,0.000,0.0000
1428,10,14.241,6.3931,1.32,0.15642,3.35,6.3931,6.3931,0.0000,0.000,0.0070
1429,10,9.892,-1.6750,4.95,0.59701,3.35,1.6750,-1.6750,0.0000,0.000,0.0165
1430,10,14.241,3.0431,12.92,-0.15642,3.35,6.3931,0.2431,0.0000,0.000,0.0070
1431,10,14.993,4.1456,7.50,0.24122,3.35,4.1456,4.1456,0.0000,0.000,0.0188
1432,10,9.892,-1.6750,4.95,0.59701,3.35,1.6750,-1.6750,0.0000,0.000,0.0165
1433,10,14.993,0.7956,7.50,-0.24122,3.35,4.1456,-2.0044,0.0000,0.000,0.0188
1434,10,15.935,189.9916,8.76,0.00526,3.35,189.9916,189.9916,0.0000,0.000,0.0000
1435,42,12.619,2.5048,7.06,-0.17080,3.35,5.8548,-0.2952,0.0000,0.000,0.0100
1436,42,16.956,25.3359,8.28,0.03947,3.35,25.3359,25.3359,0.0000,0.000,0.0000
1437,42,13.584,5.4500,5.87,0.18349,3.35,5.4500,5.4500,0.0000,0.000,0.0124
1438,42,9.892,-1.6750,4.95,0.59701,3.35,1.6750,-1.6750,0.0000,0.000,0.0165
1439,42,13.584,2.1000,7.71,-0.18349,3.35,5.4500,-0.7000,0.0000,0.000,0.0124
1440,42,16.296,41067.7559,8.45,0.00002,3.35,41067.7559,41067.7559,0.0000,0.000,0.0000
1441,42,13.789,4.6838,6.89,0.21350,3.35,4.6838,4.6838,0.0000,0.000,0.0148
1442,42,13.789,1.3338,6.89,-0.21350,3.35,4.6838,-1.4662,0.0000,0.000,0.0148
1443,42,16.956,21.9857,8.67,-0.03947,3.35,25.3357,21.9857,0.0000,0.000,0.0000
1444,42,13.905,7.3307,9.00,0.13641,3.35,7.3307,7.3307,0.0000,0.000,0.0090
1445,42,9.892,-1.6750,4.95,0.59701,3.35,1.6750,-1.6750,0.0000,0.000,0.0165
1446,42,13.905,3.9807,4.90,-0.13641,3.35,7.3307,1.1807,0.0000,0.000,0.0090
1447,42,16.296,40778.2474,7.83,-0.00002,3.35,40781.5974,40778.2474,0.0000,0.000,0.0000
1448,42,12.619,5.8548,5.56,0.17080,3.35,5.8548,5.8548,0.0000,0.000,0.0100
1449,42,9.892,-1.6750,4.95,0.59701,3.35,1.6750,-1.6750,0.0000,0.000,0.0165
1450,14,29.056,11.6951,24.96,-0.06647,3.35,15.0451,8.8951,0.0000,0.000,0.0141
1451,14,31.100,56.9052,20.39,0.01757,3.35,56.9052,56.9052,0.0000,0.000,0.0015
1452,14,19.341,5.0111,14.62,0.19956,3.35,5.0111,5.0111,0.0000,0.000,0.0213
1453,14,9.892,-1.6750,4.95,0.59701,3.35,1.6750,-1.6750,0.0000,0.000,0.0165
1454,14,19.341,1.6611,4.72,-0.19956,3.35,5.0111,-1.1389,0.0000,0.000,0.0213
1455,14,23.659,19.4719,7.84,0.05136,3.35,19.4719,19.4719,0.0000,0.000,0.0053
1456,14,22.590,11.6798,8.10,0.08562,3.35,11.6798,11.6798,0.0000,0.000,0.0151
1457,14,22.590,8.3298,14.49,-0.08562,3.35,11.6798,5.5298,0.0000,0.000,0.0151
1458,14,31.100,53.5552,10.71,-0.01757,3.35,56.9052,53.5552,0.0000,0.000,0.0015
1459,14,14.784,4.2329,7.39,0.23624,3.35,4.2329,4.2329,0.0000,0.000,0.0181
1460,14,9.892,-1.6750,4.95,0.59701,3.35,1.6750,-1.6750,0.0000,0.000,0.0165
1461,14,14.784,0.8829,7.39,-0.23624,3.35,4.2329,-1.9171,0.0000,0.000,0.0181
1462,14,23.659,16.1219,15.82,-0.05136,3.35,19.4719,16.1219,0.0000,0.000,0.0053
1463,14,29.056,15.0451,4.10,0.06647,3.35,15.0451,15.0451,0.0000,0.000,0.0141
1464,16,12.355,2.3378,5.86,-0.17581,3.35,5.6878,-0.4622,0.0000,0.000,0.0099
1465,16,15.049,135.6976,7.47,0.00737,3.35,135.6976,135.6976,0.0000,0.000,0.0000
1466,16,15.049,132.3476,7.58,-0.00737,3.35,135.6976,129.5476,0.0000,0.000,0.0000
1467,16,12.435,5.3938,6.22,0.18540,3.35,5.3938,5.3938,0.0000,0.000,0.0106
1468,16,9.892,-1.6750,4.95,0.59701,3.35,1.6750,-1.6750,0.0000,0.000,0.0165
1469,16,12.435,2.0438,6.22,-0.18540,3.35,5.3938,-0.7562,0.0000,0.000,0.0106
1470,16,12.355,5.6878,6.49,0.17581,3.35,5.6878,5.6878,0.0000,0.000,0.0099
1471,18,12.600,2.4979,5.58,-0.17100,3.35,5.8479,-0.3021,0.0000,0.000,0.0099
1472,18,15.298,1666.3273,7.52,0.00060,3.35,1666.3273,1666.3273,0.0000,0.000,0.0000
1473,18,15.298,1662.9775,7.78,-0.00060,3.35,1666.3275,1660.1775,0.0000,0.000,0.0000
1474,18,12.771,5.2068,6.39,0.19206,3.35,5.2068,5.2068,0.0000,0.000,0.0116
1475,18,12.771,1.8568,6.39,-0.19206,3.35,5.2068,-0.9432,0.0000,0.000,0.0116
1476,18,12.600,5.8479,7.02,0.17100,3.35,5.8479,5.8479,0.0000,0.000,0.0099
1477,18,9.892,-1.6750,4.95,0.59701,3.35,1.6750,-1.6750,0.0000,0.000,0.0165
1478,20,22.512,4.9532,5.32,-0.12044,3.35,8.3032,2.1532,0.0000,0.000,0.0184
1479,20,21.331,5.6798,5.29,-0.11074,3.35,8.8598,5.6798,0.0000,0.000,0.0252
1480,20,20.758,3.5147,10.38,0.28452,3.35,3.5147,3.5147,0.0000,0.000,0.0347
1481,20,7.878,-3.1448,7.83,-4.87318,3.35,0.2052,-5.9448,0.0000,0.000,0.0164
1482,20,12.480,5.3684,6.24,0.18628,3.35,5.3684,5.3684,0.0000,0.000,0.0107
1483,20,9.892,-1.6750,4.95,0.59701,3.35,1.6750,-1.6750,0.0000,0.000,0.0165
1484,20,12.480,2.0184,6.24,-0.18628,3.35,5.3684,-0.7816,0.0000,0.000,0.0107
1485,20,7.717,31110.5511,4.74,0.00003,3.35,31110.5511,31110.5511,0.0000,0.000,0.0000
1486,13,15.303,16510.0077,7.72,-0.00006,3.35,16513.3577,16507.2077,0.0000,0.000,0.0000
1487,13,12.595,5.3038,6.30,0.18854,3.35,5.3038,5.3038,0.0000,0.000,0.0111
1488,13,9.892,-1.6750,4.95,0.59701,3.35,1.6750,-1.6750,0.0000,0.000,0.0165
1489,13,12.595,1.9538,6.30,-0.18854,3.35,5.3038,-0.8462,0.0000,0.000,0.0111
1490,13,12.505,5.6347,6.61,0.17747,3.35,5.6347,5.6347,0.0000,0.000,0.0102
1491,13,9.892,-1.6750,4.95,0.59701,3.35,1.6750,-1.6750,0.0000,0.000,0.0165
1492,13,12.505,2.2847,5.90,-0.17747,3.35,5.6347,-0.5153,0.0000,0.000,0.0102
1493,13,15.303,16513.3784,7.59,0.00006,3.35,16513.3784,16513.3784,0.0000,0.000,0.0000
1494,13,9.892,-1.6750,4.95,0.59701,3.35,1.6750,-1.6750,0.0000,0.000,0.0165
1495,21,16.053,1.0731,0.00,-0.22609,3.35,4.4231,-1.7269,0.0000,0.000,0.0052
1496,21,17.149,98.7077,7.35,0.01013,3.35,98.7077,98.7077,0.0000,0.000,0.0000
1497,21,17.149,95.3577,9.80,-0.01013,3.35,98.7077,92.5577,0.0000,0.000,0.0000
1498,21,16.963,3.4403,8.48,0.29067,3.35,3.4403,3.4403,0.0000,0.000,0.0259
1499,21,9.892,-1.6750,4.95,0.59701,3.35,1.6750,-1.6750,0.0000,0.000,0.0165
1500,21,16.963,0.0903,8.48,-0.29067,3.35,3.4403,-2.7097,0.0000,0.000,0.0259
1501,21,16.053,4.4231,16.05,0.22609,3.35,4.4231,4.4231,0.0000,0.000,0.0052
1502,21,9.892,-1.6750,4.95,0.59701,3.35,1.6750,-1.6750,0.0000,0.000,0.0165
1503,23,15.557,13.1961,8.94,0.07578,3.35,13.1961,13.1961,0.0000,0.000,0.0015
1504,23,15.429,3.9715,7.71,0.25179,3.35,3.9715,3.9715,0.0000,0.000,0.0204
1505,23,15.429,0.6215,7.71,-0.25179,3.35,3.9715,-2.1785,0.0000,0.000,0.0204
1506,23,12.981,3.3372,11.36,0.29965,3.35,3.3372,3.3372,0.0000,0.000,0.0109
1507,23,9.892,-1.6750,4.95,0.59701,3.35,1.6750,-1.6750,0.0000,0.000,0.0165
1508,23,12.981,-0.0128,1.62,-0.29965,3.35,3.3372,-2.8128,0.0000,0.000,0.0109
1509,23,15.557,9.8461,6.62,-0.07578,3.35,13.1961,9.8461,0.0000,0.000,0.0015
1510,24,12.905,24.8456,5.87,-0.03547,3.35,28.1956,22.0456,0.0000,0.000,0.0000
1511,24,14.625,5.1404,0.00,0.19454,3.35,5.1404,5.1404,0.0000,0.000,0.0049
1512,24,14.625,1.7904,14.63,-0.19454,3.35,5.1404,-1.0096,0.0000,0.000,0.0049
1513,24,13.679,3.2080,8.83,0.31172,3.35,3.2080,3.2080,0.0000,0.000,0.0183
1514,24,13.679,-0.1420,4.85,-0.31172,3.35,3.2080,-2.9420,0.0000,0.000,0.0183
1515,24,12.905,28.1956,7.04,0.03547,3.35,28.1956,28.1956,0.0000,0.000,0.0000
1516,25,13.101,2.8982,4.71,-0.16005,3.35,6.2482,0.0982,0.0000,0.000,0.0096
1517,25,15.665,138.5877,7.52,-0.00705,3.35,141.9377,138.5877,0.0000,0.000,0.0000
1518,25,9.892,-1.6750,4.95,0.59702,3.35,1.6750,-1.6750,0.0000,0.000,0.0165
1519,25,15.665,141.9635,8.14,0.00704,3.35,141.9635,141.9635,0.0000,0.000,0.0000
1520,25,13.464,4.8437,6.73,0.20645,3.35,4.8437,4.8437,0.0000,0.000,0.0138
1521,25,13.464,1.4937,6.73,-0.20645,3.35,4.8437,-1.3063,0.0000,0.000,0.0138
1522,25,13.101,6.2483,8.39,0.16004,3.35,6.2483,6.2483,0.0000,0.000,0.0096
1523,27,9.892,-1.6750,4.95,0.59701,3.35,1.6750,-1.6750,0.0000,0.000,0.0165
1524,30,15.305,18531.9852,7.70,0.00005,3.35,18531.9852,18531.9852,0.0000,0.000,0.0000
1525,30,12.550,5.3291,6.27,0.18765,3.35,5.3291,5.3291,0.0000,0.000,0.0110
1526,30,9.892,-1.6750,4.95,0.59701,3.35,1.6750,-1.6750,0.0000,0.000,0.0165
1527,30,12.550,1.9791,6.27,-0.18765,3.35,5.3291,-0.8209,0.0000,0.000,0.0110
1528,30,12.482,5.5781,6.50,0.17927,3.35,5.5781,5.5781,0.0000,0.000,0.0103
1529,30,9.892,-1.6750,4.95,0.59701,3.35,1.6750,-1.6750,0.0000,0.000,0.0165
1530,30,12.482,2.2281,5.98,-0.17927,3.35,5.5781,-0.5719,0.0000,0.000,0.0103
1531,30,15.305,18507.5392,7.61,-0.00005,3.35,18510.8892,18507.5392,0.0000,0.000,0.0000
1532,31,7.975,4.9322,3.99,0.20275,3.35,4.9322,4.9322,0.0000,0.000,0.0045
1533,31,7.975,1.5822,3.99,-0.20275,3.35,4.9322,-1.2178,0.0000,0.000,0.0045
1534,29,12.517,2.3067,6.66,-0.17678,3.35,5.6567,-0.4933,0.0000,0.000,0.0102
1535,29,12.616,5.2923,6.31,0.18896,3.35,5.2923,5.2923,0.0000,0.000,0.0112
1536,29,12.616,1.9423,6.31,-0.18896,3.35,5.2923,-0.8577,0.0000,0.000,0.0112
1537,29,15.306,340638.6847,7.72,0.00000,3.35,340638.6847,340638.6847,0.0000,0.000,0.0000
1538,29,9.892,-1.6750,4.95,0.59701,3.35,1.6750,-1.6750,0.0000,0.000,0.0165
1539,29,15.306,340643.6977,7.58,-0.00000,3.35,340647.0477,340640.8977,0.0000,0.000,0.0000
1540,29,12.517,5.6567,5.86,0.17678,3.35,5.6567,5.6567,0.0000,0.000,0.0102
1541,29,9.892,-1.6750,4.95,0.59701,3.35,1.6750,-1.6750,0.0000,0.000,0.0165
1542,33,15.032,124.9483,7.54,-0.00779,3.35,128.2983,122.1483,0.0000,0.000,0.0000
1543,33,12.338,5.4490,6.17,0.18352,3.35,5.4490,5.4490,0.0000,0.000,0.0104
1544,33,12.338,2.0990,6.17,-0.18352,3.35,5.4490,-0.7010,0.0000,0.000,0.0103
1545,33,12.300,5.5854,6.29,0.17904,3.35,5.5854,5.5854,0.0000,0.000,0.0100
1546,33,9.892,-1.6750,4.95,0.59701,3.35,1.6750,-1.6750,0.0000,0.000,0.0165
1547,33,12.300,2.2354,6.01,-0.17904,3.35,5.5854,-0.5646,0.0000,0.000,0.0100
1548,33,15.032,128.2983,7.49,0.00779,3.35,128.2983,128.2983,0.0000,0.000,0.0000
1549,32,8.910,4.4775,4.45,-0.12776,3.35,7.8275,1.6775,0.0000,0.000,0.0030
1550,32,6.034,1.6923,4.67,0.59089,3.35,1.6923,1.6923,0.0000,0.000,0.0061
1551,32,6.034,-1.6577,1.37,-0.59089,3.35,1.6923,-4.4577,0.0000,0.000,0.0061
1552,32,7.598,6.6056,3.37,0.15139,3.35,6.6056,6.6056,0.0000,0.000,0.0000
1553,32,9.892,-1.6750,4.95,0.59701,3.35,1.6750,-1.6750,0.0000,0.000,0.0165
1554,32,7.598,3.2556,4.23,-0.15139,3.35,6.6056,0.4556,0.0000,0.000,0.0000
1555,32,8.910,7.8275,4.45,0.12776,3.35,7.8275,7.8275,0.0000,0.000,0.0030
1556,32,9.892,-1.6750,4.95,0.59701,3.35,1.6750,-1.6750,0.0000,0.000,0.0165
1557,36,12.964,2.9838,8.35,-0.15788,3.35,6.3338,0.1838,0.0000,0.000,0.0092
1558,36,13.331,4.9180,6.67,0.20333,3.35,4.9180,4.9180,0.0000,0.000,0.0133
1559,36,9.892,-1.6750,4.95,0.59701,3.35,1.6750,-1.6750,0.0000,0.000,0.0165
1560,36,13.331,1.5680,6.66,-0.20333,3.35,4.9180,-1.2320,0.0000,0.000,0.0133
1561,36,15.411,48580.4979,8.01,-0.00002,3.35,48583.8479,48580.4979,0.0000,0.000,0.0000
1562,36,9.892,-1.6750,4.95,0.59701,3.35,1.6750,-1.6750,0.0000,0.000,0.0165
1563,36,15.411,48583.8734,7.40,0.00002,3.35,48583.8734,48583.8734,0.0000,0.000,0.0000
1564,36,12.964,6.3338,4.62,0.15788,3.35,6.3338,6.3338,0.0000,0.000,0.0092
1565,35,9.892,-1.6750,4.95,0.59701,3.35,1.6750,-1.6750,0.0000,0.000,0.0165
1566,38,12.665,1.7063,6.58,-0.19777,3.35,5.0563,-1.0937,0.0000,0.000,0.0117
1567,38,12.692,5.4847,6.66,0.18232,3.35,5.4847,5.4847,0.0000,0.000,0.0109
1568,38,9.892,-1.6750,4.95,0.59701,3.35,1.6750,-1.6750,0.0000,0.000,0.0165
1569,38,12.692,2.1347,6.04,-0.18232,3.35,5.4847,-0.6653,0.0000,0.000,0.0109
1570,38,15.500,71.2068,8.22,-0.01341,3.35,74.5568,71.2068,0.0000,0.000,0.0000
1571,38,15.500,74.5674,7.28,0.01341,3.35,74.5674,74.5674,0.0000,0.000,0.0000
1572,38,12.665,5.0563,6.08,0.19777,3.35,5.0563,5.0563,0.0000,0.000,0.0118
1573,38,9.892,-1.6750,4.95,0.59702,3.35,1.6750,-1.6750,0.0000,0.000,0.0165
1574,37,9.892,-1.6750,4.95,0.59701,3.35,1.6750,-1.6750,0.0000,0.000,0.0165
1575,40,12.823,1.8432,6.39,-0.19256,3.35,5.1932,-0.9568,0.0000,0.000,0.0117
1576,40,12.657,5.6521,6.88,0.17693,3.35,5.6521,5.6521,0.0000,0.000,0.0104
1577,40,9.892,-1.6750,4.95,0.59701,3.35,1.6750,-1.6750,0.0000,0.000,0.0165
1578,40,12.657,2.3021,5.78,-0.17693,3.35,5.6521,-0.4979,0.0000,0.000,0.0104
1579,40,15.528,157.7301,7.70,-0.00621,3.35,161.0801,157.7301,0.0000,0.000,0.0000
1580,40,9.892,-1.6750,4.95,0.59701,3.35,1.6750,-1.6750,0.0000,0.000,0.0165
1581,40,15.528,161.0801,7.83,0.00621,3.35,161.0801,161.0801,0.0000,0.000,0.0000
1582,40,12.823,5.1932,6.43,0.19256,3.35,5.1932,5.1932,0.0000,0.000,0.0117
1583,39,9.892,-1.6750,4.95,0.59701,3.35,1.6750,-1.6750,0.0000,0.000,0.0165
1584,108,9.892,-1.6750,4.95,0.59701,3.35,1.6750,-1.6750,0.0000,0.000,0.0165
1585,41,9.892,-1.6750,4.95,0.59701,3.35,1.6750,-1.6750,0.0000,0.000,0.0165
1586,44,13.325,1.5644,6.66,-0.20349,3.35,4.9144,-1.2356,0.0000,0.000,0.0133
1587,44,12.955,6.3315,8.33,0.15794,3.35,6.3315,6.3315,0.0000,0.000,0.0092
1588,44,9.892,-1.6750,4.95,0.59702,3.35,1.6750,-1.6750,0.0000,0.000,0.0165
1589,44,12.956,2.9813,4.62,-0.15795,3.35,6.3313,0.1813,0.0000,0.000,0.0092
1590,44,15.412,14051.5955,7.41,-0.00007,3.35,14054.9455,14051.5955,0.0000,0.000,0.0000
1591,44,15.412,14076.6854,8.01,0.00007,3.35,14076.6854,14076.6854,0.0000,0.000,0.0000
1592,44,13.324,4.9148,6.66,0.20347,3.35,4.9148,4.9148,0.0000,0.000,0.0133
1593,44,9.892,-1.6750,4.95,0.59701,3.35,1.6750,-1.6750,0.0000,0.000,0.0165
1594,46,12.425,2.0969,6.15,-0.18359,3.35,5.4469,-0.7031,0.0000,0.000,0.0105
1595,46,17.993,12.0854,11.20,0.08274,3.35,12.0854,12.0854,0.0000,0.000,0.0036
1596,46,9.892,-1.6750,4.95,0.59701,3.35,1.6750,-1.6750,0.0000,0.000,0.0165
1597,46,17.993,8.7354,6.80,-0.08274,3.35,12.0854,5.9354,0.0000,0.000,0.0036
1598,46,13.846,3.7031,13.84,0.27004,3.35,3.7031,3.7031,0.0000,0.000,0.0064
1599,46,9.892,-1.6750,4.95,0.59701,3.35,1.6750,-1.6750,0.0000,0.000,0.0165
1600,46,13.846,0.3531,0.00,-0.27004,3.35,3.7031,-2.4469,0.0000,0.000,0.0064
1601,46,12.425,5.4469,6.27,0.18359,3.35,5.4469,5.4469,0.0000,0.000,0.0105
1602,46,9.892,-1.6750,4.95,0.59701,3.35,1.6750,-1.6750,0.0000,0.000,0.0165
1603,45,12.176,2.2033,6.08,-0.18007,3.35,5.5533,-0.5967,0.0000,0.000,0.0098
1604,45,14.866,78.2998,7.43,0.01277,3.35,78.2998,78.2998,0.0000,0.000,0.0000
1605,45,9.892,-1.6750,4.95,0.59701,3.35,1.6750,-1.6750,0.0000,0.000,0.0165
1606,45,14.866,74.9498,7.44,-0.01277,3.35,78.2998,72.1498,0.0000,0.000,0.0000
1607,45,12.180,5.5398,6.09,0.18051,3.35,5.5398,5.5398,0.0000,0.000,0.0099
1608,45,12.180,2.1898,6.09,-0.18051,3.35,5.5398,-0.6102,0.0000,0.000,0.0099
1609,45,12.176,5.5533,6.10,0.18007,3.35,5.5533,5.5533,0.0000,0.000,0.0098
1610,45,9.892,-1.6750,4.95,0.59701,3.35,1.6750,-1.6750,0.0000,0.000,0.0165
1611,43,15.488,2203.0491,7.36,0.00045,3.35,2203.0491,2203.0491,0.0000,0.000,0.0000
1612,43,76.130,0.8306,38.74,1.20400,3.35,0.8306,0.8306,0.0000,0.000,0.2171
1613,43,76.130,-2.5194,37.39,-1.20400,3.35,0.8306,-5.3194,0.0000,0.000,0.2171
1614,43,21.797,2.6027,3.72,-0.16799,3.35,4.3154,2.6027,0.0000,0.000,0.0622
1615,43,9.892,-1.6750,4.95,0.59701,3.35,1.6750,-1.6750,0.0000,0.000,0.0165
1616,43,21.797,0.9654,4.08,-0.23173,3.35,4.3154,-1.8346,0.0000,0.000,0.0622
1617,43,15.488,2200.1230,8.12,-0.00045,3.35,2203.4730,2200.1230,0.0000,0.000,0.0000
1618,43,9.892,-1.6750,4.95,0.59702,3.35,1.6750,-1.6750,0.0000,0.000,0.0165
1619,47,12.510,2.0014,6.25,-0.18687,3.35,5.3514,-0.7986,0.0000,0.000,0.0108
1620,47,12.461,5.5301,6.42,0.18083,3.35,5.5301,5.5301,0.0000,0.000,0.0104
1621,47,9.892,-1.6750,4.95,0.59701,3.35,1.6750,-1.6750,0.0000,0.000,0.0165
1622,47,12.461,2.1801,6.04,-0.18083,3.35,5.5301,-0.6199,0.0000,0.000,0.0104
1623,47,15.304,11670.5568,7.62,-0.00009,3.35,11673.9068,11670.5568,0.0000,0.000,0.0000
1624,47,9.892,-1.6750,4.95,0.59701,3.35,1.6750,-1.6750,0.0000,0.000,0.0165
1625,47,15.304,11673.9499,7.69,0.00009,3.35,11673.9499,11673.9499,0.0000,0.000,0.0000
1626,47,12.510,5.3515,6.25,0.18686,3.35,5.3515,5.3515,0.0000,0.000,0.0108
1627,50,12.471,2.0234,6.24,-0.18610,3.35,5.3734,-0.7766,0.0000,0.000,0.0107
1628,50,11.484,6.8321,11.46,0.14637,3.35,6.8321,6.8321,0.0000,0.000,0.0034
1629,50,11.484,3.4821,0.02,-0.14637,3.35,6.8321,0.6821,0.0000,0.000,0.0034
1630,50,12.120,7.3233,5.26,0.13655,3.35,7.3233,7.3233,0.0000,0.000,0.0023
1631,50,9.892,-1.6750,4.95,0.59701,3.35,1.6750,-1.6750,0.0000,0.000,0.0165
1632,50,12.120,3.9733,6.86,-0.13655,3.35,7.3233,1.1733,0.0000,0.000,0.0023
1633,50,12.471,5.3734,6.24,0.18610,3.35,5.3734,5.3734,0.0000,0.000,0.0107
1634,51,12.497,2.0087,6.25,-0.18661,3.35,5.3587,-0.7913,0.0000,0.000,0.0108
1635,51,12.453,5.5181,6.39,0.18122,3.35,5.5181,5.5181,0.0000,0.000,0.0104
1636,51,9.892,-1.6750,4.95,0.59701,3.35,1.6750,-1.6750,0.0000,0.000,0.0165
1637,51,12.453,2.1681,6.06,-0.18122,3.35,5.5181,-0.6319,0.0000,0.000,0.0104
1638,51,15.301,67177.4743,7.62,0.00001,3.35,67177.4743,67177.4743,0.0000,0.000,0.0000
1639,51,9.892,-1.6750,4.95,0.59701,3.35,1.6750,-1.6750,0.0000,0.000,0.0165
1640,51,15.301,67162.3326,7.68,-0.00001,3.35,67165.6826,67159.5326,0.0000,0.000,0.0000
1641,51,12.497,5.3587,6.25,0.18661,3.35,5.3587,5.3587,0.0000,0.000,0.0108
1642,51,9.892,-1.6750,4.95,0.59701,3.35,1.6750,-1.6750,0.0000,0.000,0.0165
1643,54,13.275,10.3187,7.02,-0.07316,3.35,13.6687,7.5187,0.0000,0.000,0.0000
1644,54,12.331,5.4525,6.17,0.18340,3.35,5.4525,5.4525,0.0000,0.000,0.0104
1645,54,9.892,-1.6750,4.95,0.59701,3.35,1.6750,-1.6750,0.0000,0.000,0.0165
1646,54,12.331,2.1025,6.17,-0.18340,3.35,5.4525,-0.6975,0.0000,0.000,0.0104
1647,54,11.811,7.1916,8.54,0.13905,3.35,7.1916,7.1916,0.0000,0.000,0.0060
1648,54,11.811,3.8416,3.27,-0.13905,3.35,7.1916,1.0416,0.0000,0.000,0.0060
1649,54,13.275,13.6687,6.25,0.07316,3.35,13.6687,13.6687,0.0000,0.000,0.0000
1650,52,12.438,2.1347,6.34,-0.18232,3.35,5.4847,-0.6653,0.0000,0.000,0.0104
1651,52,12.468,5.3750,6.23,0.18605,3.35,5.3750,5.3750,0.0000,0.000,0.0107
1652,52,12.468,2.0250,6.23,-0.18605,3.35,5.3750,-0.7750,0.0000,0.000,0.0107
1653,52,15.299,20135.2509,7.67,0.00005,3.35,20135.2509,20135.2509,0.0000,0.000,0.0000
1654,52,15.299,20131.6492,7.63,-0.00005,3.35,20134.9992,20128.8492,0.0000,0.000,0.0000
1655,52,12.438,5.4847,6.10,0.18232,3.35,5.4847,5.4847,0.0000,0.000,0.0104
1656,52,9.892,-1.6750,4.95,0.59701,3.35,1.6750,-1.6750,0.0000,0.000,0.0165
1657,53,12.813,1.8344,6.41,-0.19289,3.35,5.1844,-0.9656,0.0000,0.000,0.0117
1658,53,12.629,5.8714,7.10,0.17032,3.35,5.8714,5.8714,0.0000,0.000,0.0099
1659,53,9.892,-1.6750,4.95,0.59701,3.35,1.6750,-1.6750,0.0000,0.000,0.0165
1660,53,12.629,2.5214,5.53,-0.17032,3.35,5.8714,-0.2786,0.0000,0.000,0.0099
1661,53,15.323,31032.6640,7.52,-0.00003,3.35,31036.0140,31032.6640,0.0000,0.000,0.0000
1662,53,9.892,-1.6750,4.95,0.59701,3.35,1.6750,-1.6750,0.0000,0.000,0.0165
1663,53,15.323,31035.9412,7.80,0.00003,3.35,31035.9412,31035.9412,0.0000,0.000,0.0000
1664,53,12.813,5.1844,6.41,0.19289,3.35,5.1844,5.1844,0.0000,0.000,0.0117
1665,109,9.892,-1.6750,4.95,0.59701,3.35,1.6750,-1.6750,0.0000,0.000,0.0165
1666,58,15.301,59070.8097,7.65,0.00002,3.35,59070.8097,59070.8097,0.0000,0.000,0.0000
1667,58,12.410,5.4152,6.20,0.18467,3.35,5.4152,5.4152,0.0000,0.000,0.0106
1668,58,9.892,-1.6750,4.95,0.59701,3.35,1.6750,-1.6750,0.0000,0.000,0.0165
1669,58,12.410,2.0652,6.21,-0.18467,3.35,5.4152,-0.7348,0.0000,0.000,0.0106
1670,58,12.412,5.4064,6.21,0.18497,3.35,5.4064,5.4064,0.0000,0.000,0.0105
1671,58,9.892,-1.6750,4.95,0.59701,3.35,1.6750,-1.6750,0.0000,0.000,0.0165
1672,58,12.412,2.0564,6.21,-0.18497,3.35,5.4064,-0.7436,0.0000,0.000,0.0105
1673,58,15.301,59067.7247,7.65,-0.00002,3.35,59071.0747,59067.7247,0.0000,0.000,0.0000
1674,57,12.497,2.6086,5.45,-0.16783,3.35,5.9586,-0.1914,0.0000,0.000,0.0096
1675,57,15.080,142.2631,7.40,0.00703,3.35,142.2631,142.2631,0.0000,0.000,0.0000
1676,57,9.892,-1.6750,4.95,0.59701,3.35,1.6750,-1.6750,0.0000,0.000,0.0165
1677,57,15.080,138.9129,7.68,-0.00703,3.35,142.2629,136.1129,0.0000,0.000,0.0000
1678,57,12.686,5.2538,6.34,0.19034,3.35,5.2538,5.2538,0.0000,0.000,0.0114
1679,57,9.892,-1.6750,4.95,0.59701,3.35,1.6750,-1.6750,0.0000,0.000,0.0165
1680,57,12.686,1.9038,6.34,-0.19034,3.35,5.2538,-0.8962,0.0000,0.000,0.0114
1681,57,12.497,5.9586,7.05,0.16783,3.35,5.9586,5.9586,0.0000,0.000,0.0096
1682,57,9.892,-1.6750,4.95,0.59701,3.35,1.6750,-1.6750,0.0000,0.000,0.0165
1683,59,15.321,47872.8737,7.53,-0.00002,3.35,47876.2237,47870.0737,0.0000,0.000,0.0000
1684,59,12.665,5.8532,5.57,0.17085,3.35,5.8532,5.8532,0.0000,0.000,0.0101
1685,59,12.665,2.5030,7.09,-0.17085,3.35,5.8530,-0.2970,0.0000,0.000,0.0100
1686,59,12.816,5.2223,6.47,0.19149,3.35,5.2223,5.2223,0.0000,0.000,0.0116
1687,59,9.892,-1.6750,4.95,0.59702,3.35,1.6750,-1.6750,0.0000,0.000,0.0165
1688,59,12.816,1.8721,6.35,-0.19149,3.35,5.2221,-0.9279,0.0000,0.000,0.0117
1689,59,15.321,47876.2237,7.80,0.00002,3.35,47876.2237,47876.2237,0.0000,0.000,0.0000
1690,60,13.648,1.4025,6.82,-0.21042,3.35,4.7525,-1.3975,0.0000,0.000,0.0143
1691,60,13.098,6.8731,9.74,0.14549,3.35,6.8731,6.8731,0.0000,0.000,0.0077
1692,60,9.892,-1.6750,4.95,0.59701,3.35,1.6750,-1.6750,0.0000,0.000,0.0165
1693,60,13.098,3.5231,3.36,-0.14549,3.35,6.8731,0.7231,0.0000,0.000,0.0077
1694,60,15.121,64.0887,6.92,0.01560,3.35,64.0887,64.0887,0.0000,0.000,0.0000
1695,60,15.121,60.7387,8.20,-0.01560,3.35,64.0887,57.9387,0.0000,0.000,0.0000
1696,60,13.648,4.7525,6.82,0.21042,3.35,4.7525,4.7525,0.0000,0.000,0.0143
1697,60,9.892,-1.6750,4.95,0.59701,3.35,1.6750,-1.6750,0.0000,0.000,0.0165
1698,9,13.634,1.4049,6.82,-0.21031,3.35,4.7549,-1.3951,0.0000,0.000,0.0143
1699,9,15.046,62.7008,8.01,0.01595,3.35,62.7008,62.7008,0.0000,0.000,0.0000
1700,9,15.046,59.3507,7.04,-0.01595,3.35,62.7007,56.5507,0.0000,0.000,0.0000
1701,9,13.069,6.7947,3.22,0.14717,3.35,6.7947,6.7947,0.0000,0.000,0.0076
1702,9,13.069,3.4447,9.85,-0.14717,3.35,6.7947,0.6447,0.0000,0.000,0.0076
1703,9,13.634,4.7549,6.81,0.21031,3.35,4.7549,4.7549,0.0000,0.000,0.0143
1704,9,9.892,-1.6750,4.95,0.59701,3.35,1.6750,-1.6750,0.0000,0.000,0.0165
1705,62,9.892,-1.6750,4.95,0.59701,3.35,1.6750,-1.6750,0.0000,0.000,0.0165
1706,61,12.681,1.9063,6.34,-0.19025,3.35,5.2563,-0.8937,0.0000,0.000,0.0113
1707,61,12.553,5.7297,6.80,0.17453,3.35,5.7297,5.7297,0.0000,0.000,0.0101
1708,61,12.553,2.3797,5.75,-0.17453,3.35,5.7297,-0.4203,0.0000,0.000,0.0101
1709,61,15.310,171209.4833,7.56,-0.00001,3.35,171212.8333,171209.4833,0.0000,0.000,0.0000
1710,61,9.892,-1.6750,4.95,0.59701,3.35,1.6750,-1.6750,0.0000,0.000,0.0165
1711,61,15.310,171210.6125,7.75,0.00001,3.35,171210.6125,171210.6125,0.0000,0.000,0.0000
1712,61,12.681,5.2563,6.34,0.19025,3.35,5.2563,5.2563,0.0000,0.000,0.0113
1713,61,9.892,-1.6750,4.95,0.59701,3.35,1.6750,-1.6750,0.0000,0.000,0.0165
1714,66,9.892,-1.6750,4.95,0.59701,3.35,1.6750,-1.6750,0.0000,0.000,0.0165
1715,64,9.892,-1.6750,4.95,0.59701,3.35,1.6750,-1.6750,0.0000,0.000,0.0165
1716,63,12.797,1.8430,6.40,-0.19257,3.35,5.1930,-0.9570,0.0000,0.000,0.0117
1717,63,15.320,64100.5523,7.80,0.00002,3.35,64100.5523,64100.5523,0.0000,0.000,0.0000
1718,63,15.320,64096.2414,7.52,-0.00002,3.35,64099.5914,64093.4414,0.0000,0.000,0.0000
1719,63,12.620,5.8561,5.56,0.17076,3.35,5.8561,5.8561,0.0000,0.000,0.0100
1720,63,9.892,-1.6750,4.95,0.59701,3.35,1.6750,-1.6750,0.0000,0.000,0.0165
1721,63,12.620,2.5061,7.06,-0.17076,3.35,5.8561,-0.2939,0.0000,0.000,0.0100
1722,63,12.797,5.1930,6.40,0.19257,3.35,5.1930,5.1930,0.0000,0.000,0.0117
1723,63,9.892,-1.6750,4.95,0.59701,3.35,1.6750,-1.6750,0.0000,0.000,0.0165
1724,65,9.892,-1.6750,4.95,0.59701,3.35,1.6750,-1.6750,0.0000,0.000,0.0165
1725,8,13.714,1.3718,6.86,-0.21179,3.35,4.7218,-1.4282,0.0000,0.000,0.0145
1726,8,15.511,28105.3721,8.18,-0.00004,3.35,28108.7221,28105.3721,0.0000,0.000,0.0000
1727,8,15.511,28108.7222,7.33,0.00004,3.35,28108.7222,28108.7222,0.0000,0.000,0.0000
1728,8,13.225,6.5532,3.89,0.15260,3.35,6.5532,6.5532,0.0000,0.000,0.0087
1729,8,13.225,3.2032,9.33,-0.15260,3.35,6.5532,0.4032,0.0000,0.000,0.0087
1730,8,13.714,4.7218,6.86,0.21179,3.35,4.7218,4.7218,0.0000,0.000,0.0145
1731,8,9.892,-1.6750,4.95,0.59701,3.35,1.6750,-1.6750,0.0000,0.000,0.0165
1732,7,15.515,1.8791,0.00,-0.19124,3.35,5.2291,-0.9209,0.0000,0.000,0.0062
1733,7,16.914,15376.0633,7.39,0.00007,3.35,15376.0633,15376.0633,0.0000,0.000,0.0000
1734,7,16.914,11989.8048,8.32,-0.00008,3.35,11993.1548,11987.0048,0.0000,0.000,0.0000
1735,7,16.347,3.6394,8.17,0.27477,3.35,3.6394,3.6394,0.0000,0.000,0.0237
1736,7,9.892,-1.6750,4.95,0.59701,3.35,1.6750,-1.6750,0.0000,0.000,0.0165
1737,7,16.349,0.2887,8.17,-0.27482,3.35,3.6387,-2.5113,0.0000,0.000,0.0237
1738,7,15.515,5.2291,15.52,0.19124,3.35,5.2291,5.2291,0.0000,0.000,0.0062
1739,7,9.892,-1.6750,4.95,0.59701,3.35,1.6750,-1.6750,0.0000,0.000,0.0165
1740,67,10.009,3.4761,5.26,-0.14650,3.35,6.8261,0.6761,0.0000,0.000,0.0049
1741,67,13.801,10.1500,6.88,0.09852,3.35,10.1500,10.1500,0.0000,0.000,0.0062
1742,67,9.892,-1.6750,4.95,0.59701,3.35,1.6750,-1.6750,0.0000,0.000,0.0165
1743,67,13.801,6.8000,6.92,-0.09852,3.35,10.1500,4.0000,0.0000,0.000,0.0062
1744,67,12.797,2.6055,12.80,0.38381,3.35,2.6055,2.6055,0.0000,0.000,0.0028
1745,67,12.797,-0.7455,0.00,-0.38395,3.35,2.6045,-3.5455,0.0000,0.000,0.0029
1746,67,10.008,6.8270,4.75,0.14648,3.35,6.8270,6.8270,0.0000,0.000,0.0049
1747,67,9.892,-1.6750,4.95,0.59702,3.35,1.6750,-1.6750,0.0000,0.000,0.0165
1748,71,9.892,-1.6750,4.95,0.59701,3.35,1.6750,-1.6750,0.0000,0.000,0.0165
1749,68,32.915,0.2057,31.96,-0.28124,3.35,3.5557,-2.5943,0.0000,0.000,0.0264
1750,68,37.910,604.8779,22.23,-0.00164,3.35,608.2279,604.8779,0.0000,0.000,0.0000
1751,68,40.591,1.0109,20.30,0.98918,3.35,1.0109,1.0109,0.0000,0.000,0.1037
1752,68,27.936,-1.7685,14.73,-0.63232,3.35,1.5815,-4.5685,0.0000,0.000,0.0639
1753,68,35.160,-2.0553,35.16,-0.77239,3.35,1.2947,-2.0553,0.0000,0.000,0.0131
1754,68,38.994,29.2273,21.96,0.03421,3.35,29.2273,29.2273,0.0000,0.000,0.0047
1755,68,38.420,25.1594,13.94,-0.03508,3.35,28.5094,22.3594,0.0000,0.000,0.0074
1756,68,37.910,608.2279,15.68,0.00164,3.35,608.2279,608.2279,0.0000,0.000,0.0000
1757,68,12.469,5.3743,6.23,0.18607,3.35,5.3743,5.3743,0.0000,0.000,0.0107
1758,68,12.469,2.0243,6.23,-0.18607,3.35,5.3743,-0.7757,0.0000,0.000,0.0107
1759,68,36.139,7.5994,0.30,0.13159,3.35,7.5994,7.5994,0.0000,0.000,0.0191
1760,68,32.915,3.5557,0.95,0.28124,3.35,3.5557,3.5557,0.0000,0.000,0.0264
1761,68,9.892,-1.6750,4.95,0.59701,3.35,1.6750,-1.6750,0.0000,0.000,0.0165
1762,72,9.892,-1.6750,4.95,0.59701,3.35,1.6750,-1.6750,0.0000,0.000,0.0165
1763,69,13.739,205.0329,7.19,0.00488,3.35,205.0329,205.0329,0.0000,0.000,0.0000
1764,69,12.491,5.3660,6.24,0.18636,3.35,5.3660,5.3660,0.0000,0.000,0.0108
1765,69,12.491,2.0160,6.25,-0.18636,3.35,5.3660,-0.7840,0.0000,0.000,0.0108
1766,69,11.142,4.5168,7.23,0.22140,3.35,4.5168,4.5168,0.0000,0.000,0.0096
1767,69,9.892,-1.6750,4.95,0.59701,3.35,1.6750,-1.6750,0.0000,0.000,0.0165
1768,69,11.142,1.1668,3.91,-0.22140,3.35,4.5168,-1.6332,0.0000,0.000,0.0096
1769,69,13.739,201.6829,6.55,-0.00488,3.35,205.0329,201.6829,0.0000,0.000,0.0000
1770,73,9.892,-1.6750,4.95,0.59701,3.35,1.6750,-1.6750,0.0000,0.000,0.0165
1771,5,9.158,14250.9297,4.18,0.00007,3.35,14250.9297,14250.9297,0.0000,0.000,0.0000
1772,5,8.204,0.7402,0.21,1.35093,3.35,0.7402,0.7402,0.0000,0.000,0.0068
1773,5,12.340,2.3282,5.88,-0.17611,3.35,5.6782,-0.4718,0.0000,0.000,0.0099
1774,5,9.158,14247.5797,4.98,-0.00007,3.35,14250.9297,14247.5797,0.0000,0.000,0.0000
1775,103,9.892,-1.6750,4.95,0.59701,3.35,1.6750,-1.6750,0.0000,0.000,0.0165
1776,85,13.827,16.6305,7.12,-0.05005,3.35,19.9805,13.8305,0.0000,0.000,0.0000
1777,85,12.291,5.4885,6.17,0.18220,3.35,5.4885,5.4885,0.0000,0.000,0.0102
1778,85,9.892,-1.6750,4.95,0.59701,3.35,1.6750,-1.6750,0.0000,0.000,0.0165
1779,85,12.300,2.1198,6.15,-0.18282,3.35,5.4698,-0.6802,0.0000,0.000,0.0103
1780,85,11.954,6.7309,7.58,0.14857,3.35,6.7309,6.7309,0.0000,0.000,0.0073
1781,85,9.892,-1.6750,4.95,0.59701,3.35,1.6750,-1.6750,0.0000,0.000,0.0165
1782,85,11.954,3.3806,4.38,-0.14857,3.35,6.7306,0.5806,0.0000,0.000,0.0072
1783,85,13.825,20.1804,6.67,0.04955,3.35,20.1804,20.1804,0.0000,0.000,0.0000
1784,77,15.299,20220.6266,7.68,-0.00005,3.35,20223.9766,20217.8266,0.0000,0.000,0.0000
1785,77,8.767,1.4729,8.24,0.67891,3.35,1.4729,1.4729,0.0000,0.000,0.0072
1786,77,8.767,-1.8771,0.52,-0.67891,3.35,1.4729,-4.6771,0.0000,0.000,0.0072
1787,77,8.671,1.5255,0.51,0.65553,3.35,1.5255,1.5255,0.0000,0.000,0.0069
1788,77,8.671,-1.8245,8.16,-0.65553,3.35,1.5255,-4.6245,0.0000,0.000,0.0069
1789,77,15.299,20224.0387,7.62,0.00005,3.35,20224.0387,20224.0387,0.0000,0.000,0.0000
1790,77,9.892,-1.6750,4.95,0.59701,3.35,1.6750,-1.6750,0.0000,0.000,0.0165
1791,78,15.974,81.9500,8.88,-0.01172,3.35,85.3000,79.1500,0.0000,0.000,0.0000
1792,78,15.327,4.0114,7.66,0.24929,3.35,4.0114,4.0114,0.0000,0.000,0.0201
1793,78,15.327,0.6614,7.66,-0.24929,3.35,4.0114,-2.1386,0.0000,0.000,0.0201
1794,78,14.501,5.9812,14.00,0.16719,3.35,5.9812,5.9812,0.0000,0.000,0.0063
1795,78,9.892,-1.6750,4.95,0.59701,3.35,1.6750,-1.6750,0.0000,0.000,0.0165
1796,78,14.501,2.6312,0.50,-0.16719,3.35,5.9812,-0.1688,0.0000,0.000,0.0063
1797,78,15.974,85.3000,7.09,0.01172,3.35,85.3000,85.3000,0.0000,0.000,0.0000
1798,78,9.892,-1.6750,4.95,0.59701,3.35,1.6750,-1.6750,0.0000,0.000,0.0165
1799,80,9.892,-1.6750,4.95,0.59701,3.35,1.6750,-1.6750,0.0000,0.000,0.0165
1800,79,12.214,2.1699,6.11,-0.18116,3.35,5.5199,-0.6301,0.0000,0.000,0.0100
1801,79,15.101,117.3799,5.97,0.00852,3.35,117.3799,117.3799,0.0000,0.000,0.0000
1802,79,9.892,-1.6750,4.95,0.59701,3.35,1.6750,-1.6750,0.0000,0.000,0.0165
1803,79,15.101,114.0277,9.13,-0.00852,3.35,117.3777,111.2277,0.0000,0.000,0.0000
1804,79,12.422,5.4382,6.17,0.18388,3.35,5.4382,5.4382,0.0000,0.000,0.0105
1805,79,9.892,-1.6750,4.95,0.59701,3.35,1.6750,-1.6750,0.0000,0.000,0.0165
1806,79,12.422,2.0882,6.26,-0.18388,3.35,5.4382,-0.7118,0.0000,0.000,0.0105
1807,79,12.214,5.5199,6.11,0.18116,3.35,5.5199,5.5199,0.0000,0.000,0.0100
1808,79,9.892,-1.6750,4.95,0.59701,3.35,1.6750,-1.6750,0.0000,0.000,0.0165
1809,82,25.453,9.2683,15.52,-0.07925,3.35,12.6183,6.4683,0.0000,0.000,0.0077
1810,82,21.937,3.1247,21.94,0.32003,3.35,3.1247,3.1247,0.0000,0.000,0.0061
1811,82,22.225,2.3051,11.11,0.43382,3.35,2.3051,2.3051,0.0000,0.000,0.0445
1812,82,9.892,-1.6750,4.95,0.59702,3.35,1.6750,-1.6750,0.0000,0.000,0.0165
1813,82,22.225,-1.0449,11.11,-0.43383,3.35,2.3051,-3.8449,0.0000,0.000,0.0445
1814,82,25.715,1240.9626,14.61,0.00081,3.35,1240.9626,1240.9626,0.0000,0.000,0.0000
1815,82,19.855,2.1664,19.19,0.46159,3.35,2.1664,2.1664,0.0000,0.000,0.0166
1816,82,9.892,-1.6750,4.95,0.59701,3.35,1.6750,-1.6750,0.0000,0.000,0.0165
1817,82,19.855,-1.1836,0.66,-0.46159,3.35,2.1664,-3.9836,0.0000,0.000,0.0166
1818,82,21.937,-0.2252,0.00,-0.32002,3.35,3.1248,-0.2252,0.0000,0.000,0.0061
1819,82,10.065,3.8142,2.43,0.26218,3.35,3.8142,3.8142,0.0000,0.000,0.0081
1820,82,10.065,0.4642,7.63,-0.26218,3.35,3.8142,-2.3358,0.0000,0.000,0.0081
1821,82,25.715,1237.5696,11.11,-0.00081,3.35,1240.9196,1237.5696,0.0000,0.000,0.0000
1822,82,25.453,12.6183,9.94,0.07925,3.35,12.6183,12.6183,0.0000,0.000,0.0078
1823,82,9.892,-1.6750,4.95,0.59701,3.35,1.6750,-1.6750,0.0000,0.000,0.0165
1824,81,9.892,-1.6750,4.95,0.59701,3.35,1.6750,-1.6750,0.0000,0.000,0.0165
1825,6,13.215,1.6211,6.61,-0.20116,3.35,4.9711,-1.1789,0.0000,0.000,0.0130
1826,6,15.950,12.3513,9.49,0.08096,3.35,12.3513,12.3513,0.0000,0.000,0.0021
1827,6,9.892,-1.6750,4.95,0.59701,3.35,1.6750,-1.6750,0.0000,0.000,0.0165
1828,6,15.950,9.0013,6.46,-0.08096,3.35,12.3513,6.2013,0.0000,0.000,0.0021
1829,6,13.546,10.6338,9.30,0.09404,3.35,10.6338,10.6338,0.0000,0.000,0.0051
1830,6,13.546,7.2838,4.25,-0.09404,3.35,10.6338,4.4838,0.0000,0.000,0.0051
1831,6,13.215,4.9711,6.61,0.20116,3.35,4.9711,4.9711,0.0000,0.000,0.0130
1832,48,8.275,-3.1343,8.27,-4.63576,3.35,0.2157,-5.9343,0.0000,0.000,0.0128
1833,48,11.130,5.4902,6.33,0.18214,3.35,5.4902,5.4902,0.0000,0.000,0.0082
1834,48,9.892,-1.6750,4.95,0.59701,3.35,1.6750,-1.6750,0.0000,0.000,0.0165
1835,48,11.032,3.1403,6.63,-0.15408,3.35,6.4903,0.3403,0.0000,0.000,0.0065
1836,48,7.425,5.6036,2.91,0.17846,3.35,5.6036,5.6036,0.0000,0.000,0.0011
1837,48,7.093,6.5652,4.06,-0.10086,3.35,9.9152,3.7652,0.0000,0.000,0.0000
1838,48,8.275,0.2157,0.00,4.63576,3.35,0.2157,0.2157,0.0000,0.000,0.0128
1839,48,9.892,-1.6750,4.95,0.59701,3.35,1.6750,-1.6750,0.0000,0.000,0.0165
1840,87,9.892,-1.6750,4.95,0.59701,3.35,1.6750,-1.6750,0.0000,0.000,0.0165
1841,90,19.547,146.0015,9.28,-0.00670,3.35,149.3515,143.2015,0.0000,0.000,0.0000
1842,90,15.832,12.4511,15.83,0.08031,3.35,12.4511,12.4511,0.0000,0.000,0.0036
1843,90,10.740,1.4615,3.68,0.68423,3.35,1.4615,1.4615,0.0000,0.000,0.0188
1844,91,10.412,7.5651,7.46,-0.09162,3.35,10.9151,4.7651,0.0000,0.000,0.0025
1845,91,10.352,6.7097,5.18,0.14904,3.35,6.7097,6.7097,0.0000,0.000,0.0055
1846,91,10.352,3.3597,5.18,-0.14904,3.35,6.7097,0.5597,0.0000,0.000,0.0055
1847,91,10.025,7.7942,6.45,0.12830,3.35,7.7942,7.7942,0.0000,0.000,0.0040
1848,91,10.025,4.4442,3.57,-0.12830,3.35,7.7942,1.6442,0.0000,0.000,0.0040
1849,91,10.412,10.9150,2.95,0.09162,3.35,10.9150,10.9150,0.0000,0.000,0.0025
1850,88,20.486,12.1529,10.24,-0.06450,3.35,15.5029,9.3529,0.0000,0.000,0.0087
1851,88,22.749,1487505.6892,11.39,0.00000,3.35,1487505.6892,1487505.6892,0.0000,0.000,0.0000
1852,88,16.041,3.7452,8.02,0.26701,3.35,3.7452,3.7452,0.0000,0.000,0.0226
1853,88,9.892,-1.6750,4.95,0.59701,3.35,1.6750,-1.6750,0.0000,0.000,0.0165
1854,88,16.041,0.3952,8.02,-0.26701,3.35,3.7452,-2.4048,0.0000,0.000,0.0226
1855,88,22.749,198395.9987,11.37,0.00001,3.35,198395.9987,198395.9987,0.0000,0.000,0.0000
1856,88,20.486,15.5019,10.24,0.06451,3.35,15.5019,15.5019,0.0000,0.000,0.0087
1857,88,20.486,12.1519,10.24,-0.06451,3.35,15.5019,9.3519,0.0000,0.000,0.0087
1858,88,22.749,1481295.2469,11.39,-0.00000,3.35,1481298.5969,1481295.2469,0.0000,0.000,0.0000
1859,88,16.041,3.7451,8.02,0.26702,3.35,3.7451,3.7451,0.0000,0.000,0.0226
1860,88,16.041,0.3951,8.02,-0.26702,3.35,3.7451,-2.4049,0.0000,0.000,0.0226
1861,88,22.749,198392.6487,11.37,-0.00001,3.35,198395.9987,198392.6487,0.0000,0.000,0.0000
1862,88,20.486,15.5029,10.24,0.06450,3.35,15.5029,15.5029,0.0000,0.000,0.0087
1863,94,9.892,-1.6750,4.95,0.59701,3.35,1.6750,-1.6750,0.0000,0.000,0.0165
1864,76,8.852,-1.8364,0.56,-0.66069,3.35,1.5136,-4.6364,0.0000,0.000,0.0074
1865,76,10.177,9377.1466,4.33,0.00011,3.35,9377.1466,9377.1466,0.0000,0.000,0.0000
1866,76,10.177,9373.7835,5.85,-0.00011,3.35,9377.1335,9370.9835,0.0000,0.000,0.0000
1867,76,12.485,5.5922,5.96,0.17882,3.35,5.5922,5.5922,0.0000,0.000,0.0103
1868,76,9.892,-1.6750,4.95,0.59701,3.35,1.6750,-1.6750,0.0000,0.000,0.0165
1869,76,12.485,2.2422,6.53,-0.17882,3.35,5.5922,-0.5578,0.0000,0.000,0.0103
1870,76,8.852,1.5136,8.29,0.66069,3.35,1.5136,1.5136,0.0000,0.000,0.0074
1871,76,9.892,-1.6750,4.95,0.59701,3.35,1.6750,-1.6750,0.0000,0.000,0.0165
1872,96,9.892,-1.6750,4.95,0.59701,3.35,1.6750,-1.6750,0.0000,0.000,0.0165
1873,28,21.916,-0.9985,10.96,-0.42526,3.35,2.3515,-3.7985,0.0000,0.000,0.0434
1874,28,21.318,46.7417,12.72,0.02139,3.35,46.7417,46.7417,0.0000,0.000,0.0000
1875,28,21.318,43.3917,8.60,-0.02139,3.35,46.7417,40.5917,0.0000,0.000,0.0000
1876,28,21.530,10.3987,7.74,0.09617,3.35,10.3987,10.3987,0.0000,0.000,0.0078
1877,28,9.892,-1.6750,4.95,0.59701,3.35,1.6750,-1.6750,0.0000,0.000,0.0165
1878,28,21.530,7.0487,13.79,-0.09617,3.35,10.3987,4.2487,0.0000,0.000,0.0078
1879,28,21.916,2.3515,10.96,0.42526,3.35,2.3515,2.3515,0.0000,0.000,0.0434
1880,86,14.213,22.0969,7.34,-0.03930,3.35,25.4469,19.2969,0.0000,0.000,0.0000
1881,86,12.558,6.8326,3.67,0.14636,3.35,6.8326,6.8326,0.0000,0.000,0.0074
1882,86,9.892,-1.6750,4.95,0.59701,3.35,1.6750,-1.6750,0.0000,0.000,0.0165
1883,86,12.558,3.4826,8.89,-0.14636,3.35,6.8326,0.6826,0.0000,0.000,0.0074
1884,86,12.727,5.2178,6.35,0.19165,3.35,5.2178,5.2178,0.0000,0.000,0.0115
1885,86,9.892,-1.6750,4.95,0.59701,3.35,1.6750,-1.6750,0.0000,0.000,0.0165
1886,86,12.727,1.8678,6.38,-0.19165,3.35,5.2178,-0.9322,0.0000,0.000,0.0115
1887,86,14.213,25.4469,6.87,0.03930,3.35,25.4469,25.4469,0.0000,0.000,0.0000
1888,86,9.892,-1.6750,4.95,0.59701,3.35,1.6750,-1.6750,0.0000,0.000,0.0165
1889,100,9.892,-1.6750,4.95,0.59701,3.35,1.6750,-1.6750,0.0000,0.000,0.0165
1890,102,9.892,-1.6750,4.95,0.59701,3.35,1.6750,-1.6750,0.0000,0.000,0.0165
1891,101,16.993,15.5849,7.89,-0.05281,3.35,18.9349,12.7849,0.0000,0.000,0.0000
1892,101,20.436,10.4114,1.02,0.09605,3.35,10.4114,10.4114,0.0000,0.000,0.0080
1893,101,9.892,-1.6750,4.95,0.59701,3.35,1.6750,-1.6750,0.0000,0.000,0.0165
1894,101,20.436,7.0614,19.41,-0.09605,3.35,10.4114,4.2614,0.0000,0.000,0.0080
1895,101,18.538,5.4276,13.75,0.18424,3.35,5.4276,5.4276,0.0000,0.000,0.0191
1896,101,18.530,2.0802,4.79,-0.18416,3.35,5.4302,-0.7198,0.0000,0.000,0.0190
1897,101,16.995,18.9400,9.09,0.05280,3.35,18.9400,18.9400,0.0000,0.000,0.0000
1898,106,9.892,-1.6750,4.95,0.59701,3.35,1.6750,-1.6750,0.0000,0.000,0.0165
1899,70,11.548,3.5283,11.40,-0.14539,3.35,6.8783,0.7283,0.0000,0.000,0.0036
1900,70,12.999,3.9468,5.14,0.25337,3.35,3.9468,3.9468,0.0000,0.000,0.0149
1901,70,12.999,0.5968,7.85,-0.25337,3.35,3.9468,-2.2032,0.0000,0.000,0.0149
1902,70,14.070,13.2982,7.98,0.07520,3.35,13.2982,13.2982,0.0000,0.000,0.0011
1903,70,14.070,9.9482,6.09,-0.07520,3.35,13.2982,7.1482,0.0000,0.000,0.0011
1904,70,11.548,6.8783,0.15,0.14539,3.35,6.8783,6.8783,0.0000,0.000,0.0036
1905,70,9.892,-1.6750,4.95,0.59701,3.35,1.6750,-1.6750,0.0000,0.000,0.0165
1906,74,25.752,6.0033,15.98,-0.10691,3.35,9.3533,3.2033,0.0000,0.000,0.0251
1907,74,24.063,15.1207,15.96,0.06613,3.35,15.1207,15.1207,0.0000,0.000,0.0076
1908,74,9.892,-1.6750,4.95,0.59701,3.35,1.6750,-1.6750,0.0000,0.000,0.0165
1909,74,24.063,11.7707,8.10,-0.06613,3.35,15.1207,8.9707,0.0000,0.000,0.0076
1910,74,15.439,7.0707,1.36,0.14143,3.35,7.0707,7.0707,0.0000,0.000,0.0073
1911,74,15.439,3.7207,14.08,-0.14143,3.35,7.0707,0.9207,0.0000,0.000,0.0073
1912,74,25.752,9.3533,9.77,0.10691,3.35,9.3533,9.3533,0.0000,0.000,0.0251
1913,74,9.892,-1.6750,4.95,0.59701,3.35,1.6750,-1.6750,0.0000,0.000,0.0165
1914,1,4.292,6.8986,1.47,-0.09757,3.35,10.2486,4.0986,0.0000,0.000,0.0000
1915,1,9.892,-1.6750,4.95,0.59701,3.35,1.6750,-1.6750,0.0000,0.000,0.0165
1916,107,9.892,-1.6750,4.95,0.59701,3.35,1.6750,-1.6750,0.0000,0.000,0.0165
1917,107,2.969,inf,,,,inf,inf,0.0000,0.000,0.0000
1918,95,10.438,0.0484,2.43,-0.29425,3.35,3.3984,-2.7516,0.0000,0.000,0.0095
1919,95,13.006,768068.5298,5.93,0.00000,3.35,768068.5298,768068.5298,0.0000,0.000,0.0000
1920,95,10.875,4.0665,2.24,0.24591,3.35,4.0665,4.0665,0.0000,0.000,0.0083
1921,95,10.875,0.7165,8.64,-0.24591,3.35,4.0665,-2.0835,0.0000,0.000,0.0083
1922,95,16.174,501.6233,8.10,0.00199,3.35,501.6233,501.6233,0.0000,0.000,0.0000
1923,95,12.913,5.1302,6.46,0.19492,3.35,5.1302,5.1302,0.0000,0.000,0.0121
1924,95,12.913,1.7802,6.46,-0.19492,3.35,5.1302,-1.0198,0.0000,0.000,0.0121
1925,95,13.006,768182.6137,7.08,-0.00000,3.35,768185.9637,768182.6137,0.0000,0.000,0.0000
1926,95,13.335,6.2750,6.75,0.15936,3.35,6.2750,6.2750,0.0000,0.000,0.0105
1927,95,9.892,-1.6750,4.95,0.59701,3.35,1.6750,-1.6750,0.0000,0.000,0.0165
1928,95,13.335,2.9250,6.58,-0.15936,3.35,6.2750,0.1250,0.0000,0.000,0.0105
1929,95,16.174,498.2733,8.07,-0.00199,3.35,501.6233,498.2733,0.0000,0.000,0.0000
1930,95,10.438,3.3984,8.00,0.29425,3.35,3.3984,3.3984,0.0000,0.000,0.0095
1931,95,9.892,-1.6750,4.95,0.59701,3.35,1.6750,-1.6750,0.0000,0.000,0.0165
1932,19,29.909,18.8525,23.06,-0.04504,3.35,22.2025,16.0525,0.0000,0.000,0.0111
1933,19,31.798,103.3283,10.12,-0.00937,3.35,104.7924,103.3283,0.0000,0.000,0.0000
1934,19,52.603,0.3154,20.39,3.17011,3.35,0.3154,0.3154,0.0000,0.000,0.1229
1935,19,52.603,-3.0346,32.22,-3.17011,3.35,0.3154,-5.8346,0.0000,0.000,0.1229
1936,19,43.937,33.0142,39.73,-0.02750,3.35,36.3642,33.0142,0.0000,0.000,0.0117
1937,19,44.461,38.8829,29.33,0.02572,3.35,38.8829,38.8829,0.0000,0.000,0.0083
1938,19,9.892,-1.6750,4.95,0.59701,3.35,1.6750,-1.6750,0.0000,0.000,0.0165
1939,19,44.461,35.5329,15.13,-0.02572,3.35,38.8829,32.7329,0.0000,0.000,0.0083
1940,19,31.798,101.4424,10.22,-0.00954,3.35,104.7924,101.4424,0.0000,0.000,0.0000
1941,19,16.807,3.4891,8.40,0.28661,3.35,3.4891,3.4891,0.0000,0.000,0.0254
1942,19,16.807,0.1391,8.40,-0.28661,3.35,3.4891,-2.6609,0.0000,0.000,0.0254
1943,19,43.937,36.3642,4.21,0.02750,3.35,36.3642,36.3642,0.0000,0.000,0.0117
1944,19,29.909,22.2025,6.85,0.04504,3.35,22.2025,22.2025,0.0000,0.000,0.0111
1945,11,38.899,74.7201,18.51,-0.01281,3.35,78.0701,71.9201,0.0000,0.000,0.0000
1946,11,34.363,2.6074,34.05,0.38352,3.35,2.6074,2.6074,0.0000,0.000,0.0242
1947,11,54.711,0.6976,24.96,1.43354,3.35,0.6976,0.6976,0.0000,0.000,0.1433
1948,11,54.711,-2.6524,29.75,-1.43354,3.35,0.6976,-5.4524,0.0000,0.000,0.1433
1949,11,45.313,46.0032,30.87,0.02174,3.35,46.0032,46.0032,0.0000,0.000,0.0083
1950,11,36.510,0.2595,36.46,3.85372,3.35,0.2595,0.2595,0.0000,0.000,0.0306
1951,11,36.510,-3.0905,0.05,-3.85372,3.35,0.2595,-5.8905,0.0000,0.000,0.0306
1952,11,34.363,-0.7426,0.31,-0.38352,3.35,2.6074,-0.7426,0.0000,0.000,0.0242
1953,11,13.620,6.2422,9.17,0.16020,3.35,6.2422,6.2422,0.0000,0.000,0.0101
1954,11,13.620,2.8922,4.45,-0.16020,3.35,6.2422,0.0922,0.0000,0.000,0.0101
1955,11,45.313,42.6532,14.44,-0.02174,3.35,46.0032,42.6532,0.0000,0.000,0.0083
1956,11,38.899,78.0701,20.39,0.01281,3.35,78.0701,78.0701,0.0000,0.000,0.0000
1957,11,9.892,-1.6750,4.95,0.59701,3.35,1.6750,-1.6750,0.0000,0.000,0.0165
1958,34,15.628,2.6727,11.94,-0.16604,3.35,6.0227,-0.1273,0.0000,0.000,0.0122
1959,34,15.174,218.3183,8.72,-0.00451,3.35,221.6683,218.3183,0.0000,0.000,0.0000
1960,34,12.588,5.3077,6.29,0.18841,3.35,5.3077,5.3077,0.0000,0.000,0.0110
1961,34,9.892,-1.6750,4.95,0.59701,3.35,1.6750,-1.6750,0.0000,0.000,0.0165
1962,34,12.588,1.9577,6.29,-0.18841,3.35,5.3077,-0.8423,0.0000,0.000,0.0110
1963,34,15.900,9.6017,11.22,-0.07721,3.35,12.1751,9.6017,0.0000,0.000,0.0055
1964,34,12.408,5.7266,6.61,0.17462,3.35,5.7266,5.7266,0.0000,0.000,0.0099
1965,34,9.892,-1.6750,4.95,0.59701,3.35,1.6750,-1.6750,0.0000,0.000,0.0165
1966,34,12.408,2.3766,5.80,-0.17462,3.35,5.7266,-0.4234,0.0000,0.000,0.0099
1967,34,15.174,221.6681,6.45,0.00451,3.35,221.6681,221.6681,0.0000,0.000,0.0000
1968,34,8.934,2.3906,1.46,0.41831,3.35,2.3906,2.3906,0.0000,0.000,0.0081
1969,34,9.892,-1.6750,4.95,0.59701,3.35,1.6750,-1.6750,0.0000,0.000,0.0165
1970,34,8.934,-0.9594,7.47,-0.41831,3.35,2.3906,-3.7594,0.0000,0.000,0.0081
1971,34,15.900,8.8251,11.09,-0.08213,3.35,12.1751,8.8251,0.0000,0.000,0.0055
1972,34,15.628,6.0227,3.69,0.16604,3.35,6.0227,6.0227,0.0000,0.000,0.0122
1973,49,33.103,134.6362,13.90,-0.00725,3.35,137.9862,131.8362,0.0000,0.000,0.0000
1974,49,29.621,8.4566,29.62,0.11825,3.35,8.4566,8.4566,0.0000,0.000,0.0126
1975,49,18.427,3.2936,9.79,0.30361,3.35,3.2936,3.2936,0.0000,0.000,0.0299
1976,49,18.427,-0.0564,8.64,-0.30361,3.35,3.2936,-2.8564,0.0000,0.000,0.0299
1977,49,30.400,26.2190,4.10,0.03814,3.35,26.2190,26.2190,0.0000,0.000,0.0082
1978,49,27.851,5.7492,17.13,0.17394,3.35,5.7492,5.7492,0.0000,0.000,0.0409
1979,49,9.892,-1.6750,4.95,0.59701,3.35,1.6750,-1.6750,0.0000,0.000,0.0165
1980,49,27.871,2.3864,10.72,-0.17432,3.35,5.7364,-0.4136,0.0000,0.000,0.0410
1981,49,29.624,5.0799,0.00,-0.11863,3.35,8.4299,5.0799,0.0000,0.000,0.0127
1982,49,15.276,4.0345,7.65,0.24786,3.35,4.0345,4.0345,0.0000,0.000,0.0198
1983,49,15.286,0.6773,7.64,-0.24830,3.35,4.0273,-2.1227,0.0000,0.000,0.0199
1984,49,30.400,22.8690,26.30,-0.03814,3.35,26.2190,22.8690,0.0000,0.000,0.0082
1985,49,33.103,137.9862,19.21,0.00725,3.35,137.9862,137.9862,0.0000,0.000,0.0000
1986,3,25.269,1.1133,23.88,-0.22405,3.35,4.4633,-1.6867,0.0000,0.000,0.0197
1987,3,29.755,518.8406,12.63,0.00193,3.35,518.8406,518.8406,0.0000,0.000,0.0000
1988,3,13.319,6.5497,3.86,0.15268,3.35,6.5497,6.5497,0.0000,0.000,0.0088
1989,3,13.319,3.1997,9.46,-0.15268,3.35,6.5497,0.3997,0.0000,0.000,0.0088
1990,3,23.670,3.1274,19.64,-0.15438,3.35,4.6746,3.1274,0.0000,0.000,0.0675
1991,3,25.902,4.5221,2.88,0.22114,3.35,4.5221,4.5221,0.0000,0.000,0.0267
1992,3,25.902,1.1721,23.02,-0.22114,3.35,4.5221,-1.6279,0.0000,0.000,0.0267
1993,3,29.755,515.4906,17.12,-0.00193,3.35,518.8406,515.4906,0.0000,0.000,0.0000
1994,3,12.516,5.3479,6.26,0.18699,3.35,5.3479,5.3479,0.0000,0.000,0.0108
1995,3,12.516,1.9979,6.26,-0.18699,3.35,5.3479,-0.8021,0.0000,0.000,0.0108
1996,3,23.670,1.3246,19.24,-0.21392,3.35,4.6746,1.3246,0.0000,0.000,0.0675
1997,3,25.269,4.4633,1.39,0.22405,3.35,4.4633,4.4633,0.0000,0.000,0.0197
