kind,road,lane,s0,s1,min_radius,t_far,min_f,on_route
fold_inside,1120,-2,57.75,59.00,3.318,6.150,-0.8536,0
fold_inside,1120,-2,72.75,73.50,1.865,6.150,-2.2984,0
fold_inside,1129,-2,52.35,52.60,3.665,6.150,-0.6782,0
fold_inside,1138,-2,20.46,20.46,3.452,6.150,-0.7816,0
fold_inside,1139,-2,39.74,43.74,5.099,6.150,-0.2061,0
fold_inside,1143,-2,37.22,38.72,0.265,6.150,-22.2114,0
fold_inside,1143,-2,63.71,67.70,5.181,6.150,-0.1871,0
fold_inside,1145,-2,125.31,125.56,1.886,6.150,-2.2602,0
fold_inside,1145,-2,129.05,130.80,0.300,6.150,-19.5256,0
fold_inside,1147,-2,31.98,35.73,0.551,6.150,-10.1540,0
fold_inside,1147,-2,56.21,59.46,5.489,6.150,-0.1204,0
fold_inside,1154,-2,139.07,139.32,4.702,6.150,-0.3081,0
fold_inside,1158,-2,46.97,51.96,4.455,6.150,-0.3804,0
fold_inside,1158,-2,144.89,148.14,5.471,6.150,-0.1242,0
fold_inside,1158,-2,168.62,168.87,1.868,6.150,-2.2918,0
fold_inside,1159,-2,13.46,13.71,2.196,6.150,-1.8008,0
fold_inside,1160,-2,7.15,7.64,2.234,6.150,-1.7532,0
fold_inside,1166,-2,2.24,3.73,2.911,6.150,-1.1130,0
fold_inside,1166,-2,14.18,14.68,0.386,6.150,-14.9397,0
fold_inside,1169,-2,116.18,117.43,1.707,6.150,-2.6037,0
fold_inside,1169,-2,126.68,128.43,3.611,6.150,-0.7033,0
fold_inside,1170,-2,100.70,103.95,3.118,6.150,-0.9726,0
fold_inside,1170,-2,110.69,111.94,1.707,6.150,-2.6020,0
fold_inside,1176,-2,0.25,4.99,2.463,6.150,-1.4974,0
fold_inside,1176,-2,110.37,114.36,5.156,6.150,-0.1927,0
fold_inside,1177,-2,37.43,37.93,1.863,6.150,-2.3004,0
fold_inside,1179,-2,44.43,46.68,1.044,6.150,-4.8926,0
fold_inside,1180,-2,0.25,1.00,2.852,6.150,-1.1563,0
fold_inside,1184,-2,58.70,62.20,5.321,6.150,-0.1557,0
fold_inside,1188,-2,20.72,20.97,0.955,6.150,-5.4368,0
fold_inside,1190,-2,13.71,13.71,1.387,6.150,-3.4346,0
fold_inside,1190,-2,20.70,22.19,0.247,6.150,-23.9364,0
fold_inside,1192,-2,182.19,183.44,0.437,6.150,-13.0741,0
fold_inside,1193,-2,0.25,2.25,4.120,6.150,-0.4928,0
fold_inside,1195,-2,4.73,7.72,5.575,6.150,-0.1031,0
fold_inside,1195,-2,53.32,53.57,4.944,6.150,-0.2439,0
fold_inside,1197,-2,55.97,55.97,2.722,6.150,-1.2590,0
fold_inside,1199,-2,62.47,62.47,4.969,6.150,-0.2377,0
fold_inside,1210,-2,31.65,31.65,6.044,6.150,-0.0175,0
fold_inside,1211,-2,13.94,17.92,5.039,6.150,-0.2205,0
fold_inside,1215,-2,19.23,19.73,1.599,6.150,-2.8472,0
fold_inside,1215,-2,28.46,29.21,4.351,6.150,-0.4136,0
fold_inside,1217,-2,12.24,12.99,4.188,6.150,-0.4683,0
fold_inside,1217,-2,24.73,24.98,4.493,6.150,-0.3688,0
fold_inside,1222,-2,30.46,30.46,5.967,6.150,-0.0306,0
fold_inside,1225,-2,14.98,14.98,4.141,6.150,-0.4852,0
fold_inside,1225,-2,16.97,17.22,2.058,6.150,-1.9876,0
fold_inside,1230,-2,43.43,43.68,3.747,6.150,-0.6413,0
fold_inside,1234,-2,17.70,17.95,2.885,6.150,-1.1315,0
fold_inside,1236,-2,11.21,11.21,3.273,6.150,-0.8788,0
fold_inside,1246,-2,0.25,1.00,3.978,6.150,-0.5461,0
fold_inside,1246,-2,11.47,11.72,3.219,6.150,-0.9107,0
fold_inside,1247,-2,83.75,83.75,5.767,6.150,-0.0664,1
fold_inside,1249,-2,72.84,72.84,4.245,6.150,-0.4486,0
fold_inside,1249,-2,87.06,87.55,3.961,6.150,-0.5528,0
fold_inside,1250,-2,31.39,31.39,3.880,6.150,-0.5851,0
fold_inside,1250,-2,32.14,32.39,2.097,6.150,-1.9323,0
fold_inside,1259,-2,54.65,56.65,2.407,6.150,-1.5547,0
fold_inside,1261,-2,8.74,12.73,5.189,6.150,-0.1853,0
fold_inside,1265,-2,68.12,69.87,0.203,6.150,-29.3681,0
fold_inside,1270,-2,48.22,48.22,3.121,6.150,-0.9706,0
fold_inside,1281,-2,8.75,8.75,4.078,6.150,-0.5080,0
fold_inside,1286,-2,4.93,5.42,2.050,6.150,-2.0002,0
fold_inside,1286,-2,8.62,9.86,0.457,6.150,-12.4524,0
fold_inside,1288,-2,0.25,3.74,1.063,6.150,-4.7848,0
fold_inside,1288,-2,38.15,39.89,0.165,6.150,-36.3706,0
fold_inside,1288,-2,60.09,60.09,1.540,6.150,-2.9925,0
fold_inside,1289,-2,0.25,1.25,2.391,6.150,-1.5720,0
fold_inside,1292,-2,36.50,36.50,4.874,6.150,-0.2618,0
fold_inside,1294,-2,40.23,41.23,1.379,6.150,-3.4603,0
fold_inside,1294,-2,52.98,53.98,1.745,6.150,-2.5234,0
fold_inside,1294,-2,71.72,71.72,5.747,6.150,-0.0702,0
fold_inside,1294,-2,147.44,147.94,1.229,6.150,-4.0032,0
fold_inside,1297,-2,17.66,21.14,5.352,6.150,-0.1492,0
fold_inside,1298,-2,11.49,15.24,5.188,6.150,-0.1854,0
fold_inside,1298,-2,21.99,22.74,3.886,6.150,-0.5828,0
fold_inside,1298,-2,50.22,51.47,1.698,6.150,-2.6217,0
fold_inside,1298,-2,59.47,62.22,3.574,6.150,-0.7207,0
fold_inside,1306,-2,94.47,94.47,5.386,6.150,-0.1419,0
fold_inside,1306,-2,94.97,99.46,3.035,6.150,-1.0261,0
fold_inside,1306,-2,221.17,225.42,4.896,6.150,-0.2560,0
fold_inside,1306,-2,251.66,255.91,4.811,6.150,-0.2782,0
fold_inside,1307,-2,62.39,63.14,2.513,6.150,-1.4470,0
fold_inside,1309,-2,17.41,18.15,3.093,6.150,-0.9883,0
fold_inside,1314,-2,44.99,46.24,2.107,6.150,-1.9188,0
fold_inside,1317,-2,15.25,15.50,5.458,6.150,-0.1267,0
fold_inside,1317,-2,42.49,42.74,1.085,6.150,-4.6704,0
fold_inside,1319,-2,44.64,44.89,3.131,6.150,-0.9642,0
fold_inside,1320,-2,25.22,29.71,4.753,6.150,-0.2939,0
fold_inside,1321,-2,11.25,11.50,2.379,6.150,-1.5852,0
fold_inside,1321,-2,113.46,113.46,5.029,6.150,-0.2228,0
fold_inside,1321,-2,139.20,139.95,2.465,6.150,-1.4951,0
fold_inside,1328,-2,33.41,33.41,4.954,6.150,-0.2414,0
fold_inside,1333,-2,8.50,11.25,1.016,6.150,-5.0502,0
fold_inside,1333,-2,224.70,227.45,2.036,6.150,-2.0207,0
fold_inside,1333,-2,232.94,232.94,5.180,6.150,-0.1872,0
fold_inside,1333,-2,241.69,242.19,2.651,6.150,-1.3201,0
fold_inside,1333,-2,247.69,247.94,2.179,6.150,-1.8225,0
fold_inside,1333,-2,262.69,263.19,3.702,6.150,-0.6613,0
fold_inside,1333,-2,330.42,330.67,5.174,6.150,-0.1886,0
fold_inside,1333,-2,345.17,345.17,5.085,6.150,-0.2095,0
fold_inside,1333,-2,422.90,424.15,1.205,6.150,-4.1023,0
fold_inside,1333,-2,431.15,432.15,1.684,6.150,-2.6522,0
fold_inside,1333,-2,454.14,454.39,3.961,6.150,-0.5528,0
fold_inside,1336,-2,17.75,22.50,2.287,6.150,-1.6892,0
fold_inside,1338,-2,78.66,81.40,5.679,6.150,-0.0830,0
fold_inside,1339,-2,14.70,15.95,1.217,6.150,-4.0529,0
fold_inside,1339,-2,25.67,25.67,5.311,6.150,-0.1579,0
fold_inside,1339,-2,45.86,46.10,3.141,6.150,-0.9578,0
fold_inside,1346,-2,20.96,25.45,4.770,6.150,-0.2892,0
fold_inside,1361,-2,7.74,7.99,3.692,6.150,-0.6658,0
fold_inside,1361,-2,54.17,54.67,3.831,6.150,-0.6054,0
fold_inside,1372,-2,62.45,63.94,0.246,6.150,-23.9722,0
fold_inside,1378,-2,154.61,154.86,2.400,6.150,-1.5623,0
fold_inside,1379,-2,25.92,25.92,3.832,6.150,-0.6047,0
fold_inside,1384,-2,0.74,6.41,3.646,6.150,-0.6870,0
fold_inside,1387,-2,4.74,10.48,3.774,6.150,-0.6294,0
fold_inside,1390,-2,4.42,8.84,4.944,6.150,-0.2439,0
fold_inside,1393,-2,0.00,3.70,1.451,6.150,-3.2373,0
fold_inside,1397,-2,5.24,11.23,3.596,6.150,-0.7101,0
fold_inside,1399,-2,0.00,3.46,0.870,6.150,-6.0671,0
fold_inside,1402,-2,4.93,8.38,0.858,6.150,-6.1652,0
fold_inside,1406,-2,4.71,8.18,5.445,6.150,-0.1295,0
fold_inside,1409,-2,4.48,8.21,5.257,6.150,-0.1700,0
fold_inside,1416,-2,0.00,4.24,1.571,6.150,-2.9156,0
fold_inside,1418,-2,4.99,9.23,1.308,6.150,-3.7020,0
fold_inside,1423,-2,6.20,12.90,2.879,6.150,-1.1358,0
fold_inside,1433,-2,4.75,10.25,4.146,6.150,-0.4835,0
fold_inside,1435,-2,5.94,7.92,5.855,6.150,-0.0504,0
fold_inside,1439,-2,5.93,9.14,5.453,6.150,-0.1279,0
fold_inside,1442,-2,4.43,9.36,4.684,6.150,-0.3130,0
fold_inside,1454,-2,3.22,8.18,5.013,6.150,-0.2269,0
fold_inside,1461,-2,4.68,10.10,4.233,6.150,-0.4529,0
fold_inside,1464,-2,4.45,7.41,5.688,6.150,-0.0813,0
fold_inside,1469,-2,4.48,7.96,5.394,6.150,-0.1402,0
fold_inside,1471,-2,4.69,6.92,5.848,6.150,-0.0516,0
fold_inside,1475,-2,4.42,8.35,5.207,6.150,-0.1811,0
fold_inside,1481,-2,6.15,7.88,0.218,6.150,-27.2732,0
fold_inside,1484,-2,4.49,7.99,5.368,6.150,-0.1456,0
fold_inside,1489,-2,4.45,8.15,5.307,6.150,-0.1588,0
fold_inside,1492,-2,4.41,7.36,5.636,6.150,-0.0912,0
fold_inside,1495,-2,0.00,2.22,4.423,6.150,-0.3904,0
fold_inside,1500,-2,5.24,11.72,3.440,6.150,-0.7876,0
fold_inside,1505,-2,4.73,10.70,3.972,6.150,-0.5485,0
fold_inside,1508,-2,0.00,5.74,3.337,6.150,-0.8427,0
fold_inside,1512,-2,12.64,14.63,5.140,6.150,-0.1964,0
fold_inside,1514,-2,2.24,8.46,3.209,6.150,-0.9163,0
fold_inside,1521,-2,4.49,8.98,4.844,6.150,-0.2697,0
fold_inside,1527,-2,4.43,8.12,5.332,6.150,-0.1533,0
fold_inside,1530,-2,4.49,7.49,5.578,6.150,-0.1025,0
fold_inside,1533,-2,1.99,5.98,4.932,6.150,-0.2469,0
fold_inside,1534,-2,5.15,8.10,5.657,6.150,-0.0871,0
fold_inside,1536,-2,4.45,8.16,5.296,6.150,-0.1614,0
fold_inside,1544,-2,4.44,7.90,5.449,6.150,-0.1287,0
fold_inside,1547,-2,4.43,7.63,5.588,6.150,-0.1005,0
fold_inside,1551,-2,0.00,4.34,1.692,6.150,-2.6340,0
fold_inside,1560,-2,4.44,8.89,4.918,6.150,-0.2505,0
fold_inside,1566,-2,4.47,8.69,5.058,6.150,-0.2160,0
fold_inside,1569,-2,4.48,7.72,5.488,6.150,-0.1207,0
fold_inside,1575,-2,4.44,8.38,5.193,6.150,-0.1842,0
fold_inside,1578,-2,4.47,7.20,5.653,6.150,-0.0879,0
fold_inside,1586,-2,4.44,8.88,4.914,6.150,-0.2514,0
fold_inside,1594,-2,4.47,7.95,5.447,6.150,-0.1290,0
fold_inside,1600,-2,0.00,3.71,3.703,6.150,-0.6608,0
fold_inside,1603,-2,4.47,7.70,5.556,6.150,-0.1069,0
fold_inside,1608,-2,4.47,7.71,5.543,6.150,-0.1095,0
fold_inside,1613,-2,30.95,44.43,0.831,6.150,-6.4041,0
fold_inside,1616,-2,1.73,5.94,4.319,6.150,-0.4239,0
fold_inside,1619,-2,4.42,8.09,5.355,6.150,-0.1485,0
fold_inside,1622,-2,4.49,7.73,5.532,6.150,-0.1117,0
fold_inside,1627,-2,4.49,7.98,5.373,6.150,-0.1445,0
fold_inside,1634,-2,4.50,8.00,5.359,6.150,-0.1477,0
fold_inside,1637,-2,4.48,7.72,5.521,6.150,-0.1140,0
fold_inside,1646,-2,4.44,7.89,5.452,6.150,-0.1279,0
fold_inside,1650,-2,4.73,7.96,5.487,6.150,-0.1209,0
fold_inside,1652,-2,4.49,7.98,5.375,6.150,-0.1442,0
fold_inside,1657,-2,4.44,8.38,5.184,6.150,-0.1863,0
fold_inside,1660,-2,4.71,6.69,5.872,6.150,-0.0474,0
fold_inside,1669,-2,4.47,7.94,5.415,6.150,-0.1357,0
fold_inside,1672,-2,4.47,7.94,5.406,6.150,-0.1375,0
fold_inside,1674,-2,4.75,6.50,5.960,6.150,-0.0319,0
fold_inside,1680,-2,4.48,8.21,5.257,6.150,-0.1698,0
fold_inside,1685,-2,5.96,7.95,5.853,6.150,-0.0507,0
fold_inside,1688,-2,4.44,8.38,5.223,6.150,-0.1776,0
fold_inside,1690,-2,4.47,9.18,4.756,6.150,-0.2931,0
fold_inside,1698,-2,4.46,9.17,4.758,6.150,-0.2925,0
fold_inside,1706,-2,4.48,8.21,5.260,6.150,-0.1693,0
fold_inside,1708,-2,4.43,7.14,5.730,6.150,-0.0732,0
fold_inside,1716,-2,4.43,8.37,5.193,6.150,-0.1843,0
fold_inside,1721,-2,5.94,7.92,5.856,6.150,-0.0502,0
fold_inside,1725,-2,4.49,9.23,4.725,6.150,-0.3016,0
fold_inside,1732,-2,0.00,2.22,5.229,6.150,-0.1761,0
fold_inside,1737,-2,5.20,11.15,3.639,6.150,-0.6902,0
fold_inside,1740,-2,7.98,9.98,5.680,6.150,-0.0827,0
fold_inside,1745,-2,0.00,2.25,2.766,6.150,-1.2233,0
fold_inside,1749,-2,25.83,33.04,3.544,6.150,-0.7353,0
fold_inside,1752,-2,12.44,21.65,1.299,6.150,-3.7355,0
fold_inside,1758,-2,4.49,7.98,5.374,6.150,-0.1443,0
fold_inside,1765,-2,4.50,7.99,5.366,6.150,-0.1461,0
fold_inside,1768,-2,1.73,6.69,4.517,6.150,-0.3616,0
fold_inside,1773,-2,4.44,7.40,5.678,6.150,-0.0831,0
fold_inside,1779,-2,4.43,7.87,5.470,6.150,-0.1244,0
fold_inside,1786,-2,0.00,4.14,1.474,6.150,-3.1723,0
fold_inside,1788,-2,4.71,8.67,1.529,6.150,-3.0225,0
fold_inside,1793,-2,4.70,10.63,4.011,6.150,-0.5331,0
fold_inside,1796,-2,0.00,1.72,5.982,6.150,-0.0281,0
fold_inside,1800,-2,4.49,7.73,5.523,6.150,-0.1135,0
fold_inside,1806,-2,4.47,7.95,5.438,6.150,-0.1308,0
fold_inside,1813,-2,7.24,14.98,2.308,6.150,-1.6643,0
fold_inside,1817,-2,0.00,5.96,2.167,6.150,-1.8382,0
fold_inside,1820,-2,4.42,10.07,3.817,6.150,-0.6114,0
fold_inside,1825,-2,4.49,8.73,4.974,6.150,-0.2363,0
fold_inside,1832,-2,6.97,8.72,0.203,6.150,-29.3347,0
fold_inside,1854,-2,4.94,11.11,3.749,6.150,-0.6406,0
fold_inside,1860,-2,4.94,11.11,3.749,6.150,-0.6406,0
fold_inside,1864,-2,0.00,4.18,1.514,6.150,-3.0632,0
fold_inside,1869,-2,4.99,7.99,5.592,6.150,-0.0997,0
fold_inside,1873,-2,7.22,14.69,2.352,6.150,-1.6153,0
fold_inside,1886,-2,4.49,8.24,5.220,6.150,-0.1781,0
fold_inside,1896,-2,3.71,7.66,5.430,6.150,-0.1325,0
fold_inside,1901,-2,4.75,10.25,3.947,6.150,-0.5582,0
fold_inside,1918,-2,0.00,5.96,3.399,6.150,-0.8093,0
fold_inside,1921,-2,5.44,10.87,4.067,6.150,-0.5123,0
fold_inside,1924,-2,4.47,8.44,5.130,6.150,-0.1988,0
fold_inside,1935,-2,24.43,34.40,0.316,6.150,-18.4723,0
fold_inside,1942,-2,5.19,11.62,3.489,6.150,-0.7626,0
fold_inside,1948,-2,22.98,34.23,0.699,6.150,-7.7970,0
fold_inside,1951,-2,0.00,6.21,0.260,6.150,-22.6841,0
fold_inside,1958,-2,10.42,12.16,6.025,6.150,-0.0208,0
fold_inside,1962,-2,4.44,8.15,5.311,6.150,-0.1580,0
fold_inside,1966,-2,4.47,7.20,5.728,6.150,-0.0737,0
fold_inside,1970,-2,3.97,8.93,2.391,6.150,-1.5722,0
fold_inside,1976,-2,5.48,12.20,3.296,6.150,-0.8656,0
fold_inside,1980,-2,10.20,13.18,5.749,6.150,-0.0697,0
fold_inside,1983,-2,4.68,10.60,4.027,6.150,-0.5271,0
fold_inside,1986,-2,19.08,25.27,4.464,6.150,-0.3777,0
fold_inside,1992,-2,17.93,24.91,4.523,6.150,-0.3598,0
fold_inside,1995,-2,4.42,8.10,5.351,6.150,-0.1493,0
fold_direct,1120,-2,57.75,59.00,3.318,6.150,-0.8536,0
fold_direct,1120,-2,73.00,73.50,1.865,6.150,-2.2984,0
fold_direct,1129,-2,52.60,52.60,3.665,6.150,-0.6782,0
fold_direct,1136,-2,20.70,20.70,inf,6.150,1.0000,0
fold_direct,1138,-2,20.46,20.71,3.452,6.150,-0.7816,0
fold_direct,1139,-2,39.74,43.74,5.099,6.150,-0.2061,0
fold_direct,1143,-2,37.22,38.97,0.265,6.150,-22.2114,0
fold_direct,1143,-2,63.96,67.70,5.181,6.150,-0.1871,0
fold_direct,1145,-2,125.56,125.56,1.886,6.150,-2.2602,0
fold_direct,1145,-2,129.30,131.05,0.300,6.150,-19.5256,0
fold_direct,1147,-2,32.23,35.73,0.551,6.150,-10.1540,0
fold_direct,1147,-2,56.21,59.46,5.489,6.150,-0.1204,0
fold_direct,1154,-2,139.32,139.57,5.528,6.150,-0.1125,0
fold_direct,1158,-2,47.21,51.96,4.455,6.150,-0.3804,0
fold_direct,1158,-2,113.67,113.67,inf,6.150,1.0000,0
fold_direct,1158,-2,144.89,148.14,5.471,6.150,-0.1242,0
fold_direct,1158,-2,168.87,169.12,1.868,6.150,-2.2918,0
fold_direct,1159,-2,13.71,13.71,5.709,6.150,-0.0772,0
fold_direct,1160,-2,7.15,7.64,2.234,6.150,-1.7532,0
fold_direct,1166,-2,2.49,3.73,3.250,6.150,-0.8921,0
fold_direct,1166,-2,14.18,14.93,0.386,6.150,-14.9397,0
fold_direct,1169,-2,116.43,117.68,1.707,6.150,-2.6037,0
fold_direct,1169,-2,126.93,128.43,3.611,6.150,-0.7033,0
fold_direct,1170,-2,100.70,103.95,3.118,6.150,-0.9726,0
fold_direct,1170,-2,110.94,112.19,2.151,6.150,-1.8598,0
fold_direct,1176,-2,0.50,4.99,2.463,6.150,-1.4974,0
fold_direct,1176,-2,110.62,114.61,5.156,6.150,-0.1927,0
fold_direct,1177,-2,37.43,37.93,1.863,6.150,-2.3004,0
fold_direct,1178,-2,134.95,134.95,inf,6.150,1.0000,0
fold_direct,1178,-2,146.95,146.95,inf,6.150,1.0000,0
fold_direct,1179,-2,44.43,46.93,1.044,6.150,-4.8926,0
fold_direct,1180,-2,0.50,1.25,3.545,6.150,-0.7348,0
fold_direct,1184,-2,58.70,62.20,5.321,6.150,-0.1557,0
fold_direct,1188,-2,20.72,20.97,0.955,6.150,-5.4368,0
fold_direct,1190,-2,13.96,13.96,1.634,6.150,4.7639,0
fold_direct,1190,-2,20.70,22.44,0.247,6.150,-23.9364,0
fold_direct,1192,-2,182.19,183.69,0.437,6.150,-13.0741,0
fold_direct,1193,-2,0.50,2.25,4.269,6.150,-0.4407,0
fold_direct,1195,-2,4.98,7.97,5.575,6.150,-0.1031,0
fold_direct,1195,-2,53.57,53.57,4.944,6.150,-0.2439,0
fold_direct,1197,-2,55.97,55.97,2.722,6.150,-1.2590,0
fold_direct,1199,-2,62.47,62.72,4.969,6.150,-0.2377,0
fold_direct,1210,-2,31.65,31.65,6.044,6.150,-0.0175,0
fold_direct,1211,-2,13.94,18.17,5.039,6.150,-0.2205,0
fold_direct,1215,-2,19.48,19.98,1.599,6.150,-2.8472,0
fold_direct,1215,-2,28.71,29.21,4.351,6.150,-0.4136,0
fold_direct,1217,-2,12.24,12.99,4.188,6.150,-0.4683,0
fold_direct,1217,-2,24.73,25.23,4.493,6.150,-0.3688,0
fold_direct,1225,-2,14.98,15.23,1.886,6.150,-0.4852,0
fold_direct,1225,-2,16.97,17.47,2.058,6.150,-1.9876,0
fold_direct,1230,-2,43.43,43.68,3.747,6.150,-0.6413,0
fold_direct,1234,-2,17.95,18.20,2.885,6.150,-1.1315,0
fold_direct,1236,-2,11.21,11.46,3.273,6.150,-0.8788,0
fold_direct,1246,-2,0.50,1.00,4.594,6.150,-0.3388,0
fold_direct,1246,-2,11.47,11.96,3.219,6.150,-0.9107,0
fold_direct,1249,-2,57.37,57.37,6.809,6.150,0.0968,0
fold_direct,1249,-2,73.09,73.09,173.142,6.150,0.9645,0
fold_direct,1249,-2,87.06,87.80,3.961,6.150,-0.5528,0
fold_direct,1250,-2,31.39,31.64,3.880,6.150,-0.5851,0
fold_direct,1250,-2,32.14,32.64,2.097,6.150,-1.9323,0
fold_direct,1259,-2,54.90,56.65,2.407,6.150,-1.5547,0
fold_direct,1261,-2,8.99,12.73,5.189,6.150,-0.1853,0
fold_direct,1265,-2,68.37,70.12,0.203,6.150,-29.3681,0
fold_direct,1270,-2,48.22,48.47,3.121,6.150,-0.9706,0
fold_direct,1286,-2,4.93,5.42,2.050,6.150,-2.0002,0
fold_direct,1286,-2,8.87,10.10,0.457,6.150,-12.4524,0
fold_direct,1287,-2,77.44,77.44,inf,6.150,1.0000,0
fold_direct,1288,-2,0.50,3.74,1.063,6.150,-4.7848,0
fold_direct,1288,-2,38.15,39.89,0.165,6.150,-36.3706,0
fold_direct,1288,-2,60.09,60.09,1.540,6.150,-2.9925,0
fold_direct,1289,-2,0.50,1.50,2.924,6.150,-1.1032,0
fold_direct,1292,-2,36.75,36.75,6.983,6.150,0.1193,0
fold_direct,1294,-2,40.48,41.48,1.379,6.150,-3.4603,0
fold_direct,1294,-2,52.98,53.98,1.745,6.150,-2.5234,0
fold_direct,1294,-2,71.72,71.72,5.747,6.150,-0.0702,0
fold_direct,1294,-2,147.44,147.94,1.229,6.150,-4.0032,0
fold_direct,1297,-2,17.66,21.14,5.352,6.150,-0.1492,0
fold_direct,1298,-2,11.74,15.24,5.188,6.150,-0.1854,0
fold_direct,1298,-2,22.24,22.74,4.434,6.150,-0.3871,0
fold_direct,1298,-2,50.47,51.72,1.698,6.150,-2.6217,0
fold_direct,1298,-2,59.72,62.46,3.574,6.150,-0.7207,0
fold_direct,1306,-2,94.47,94.47,5.386,6.150,-0.1419,0
fold_direct,1306,-2,94.97,99.46,3.035,6.150,-1.0261,0
fold_direct,1306,-2,221.17,225.42,4.896,6.150,-0.2560,0
fold_direct,1306,-2,251.66,256.16,4.811,6.150,-0.2782,0
fold_direct,1307,-2,62.64,63.14,3.349,6.150,-0.8363,0
fold_direct,1308,-2,100.63,100.63,inf,6.150,1.0000,0
fold_direct,1309,-2,17.41,18.15,3.093,6.150,-0.9883,0
fold_direct,1314,-2,45.24,46.49,2.107,6.150,-1.9188,0
fold_direct,1317,-2,15.50,15.50,6.126,6.150,-0.0039,0
fold_direct,1317,-2,42.49,42.74,1.085,6.150,-4.6704,0
fold_direct,1319,-2,44.89,44.89,5.745,6.150,-0.0704,0
fold_direct,1319,-2,74.32,74.32,inf,6.150,1.0000,0
fold_direct,1320,-2,25.22,29.71,4.753,6.150,-0.2939,0
fold_direct,1321,-2,11.25,11.50,2.379,6.150,-1.5852,0
fold_direct,1321,-2,139.20,140.20,2.465,6.150,-1.4951,0
fold_direct,1328,-2,33.66,33.66,81.419,6.150,0.9245,0
fold_direct,1333,-2,8.50,11.25,1.016,6.150,-5.0502,0
fold_direct,1333,-2,224.70,227.45,2.036,6.150,-2.0207,0
fold_direct,1333,-2,233.19,233.19,6.475,6.150,0.0502,0
fold_direct,1333,-2,241.94,242.19,2.794,6.150,-1.2011,0
fold_direct,1333,-2,247.69,248.19,2.179,6.150,-1.8225,0
fold_direct,1333,-2,262.69,263.19,3.702,6.150,-0.6613,0
fold_direct,1333,-2,330.42,330.92,5.174,6.150,-0.1886,0
fold_direct,1333,-2,345.17,345.17,5.085,6.150,-0.2095,0
fold_direct,1333,-2,423.15,424.15,1.669,6.150,-2.6843,0
fold_direct,1333,-2,431.40,432.15,1.684,6.150,-2.6522,0
fold_direct,1333,-2,454.14,454.64,3.961,6.150,-0.5528,0
fold_direct,1336,-2,18.00,22.50,2.287,6.150,-1.6892,0
fold_direct,1338,-2,78.91,81.65,5.679,6.150,-0.0830,0
fold_direct,1339,-2,14.95,16.20,1.592,6.150,-2.8633,0
fold_direct,1339,-2,25.67,25.67,5.311,6.150,-0.1579,0
fold_direct,1339,-2,45.86,46.35,3.141,6.150,-0.9578,0
fold_direct,1346,-2,21.21,25.70,4.770,6.150,-0.2892,0
fold_direct,1346,-2,74.11,74.11,inf,6.150,1.0000,0
fold_direct,1361,-2,7.74,7.99,3.692,6.150,-0.6658,0
fold_direct,1361,-2,54.42,54.67,3.831,6.150,-0.6054,0
fold_direct,1372,-2,62.45,64.19,0.246,6.150,-23.9722,0
fold_direct,1378,-2,154.61,154.86,2.400,6.150,-1.5623,0
fold_direct,1379,-2,26.17,26.17,6.596,6.150,0.0676,0
fold_direct,1384,-2,0.99,6.66,3.646,6.150,-0.6870,0
fold_direct,1387,-2,4.99,10.48,3.774,6.150,-0.6294,0
fold_direct,1390,-2,4.67,8.84,4.944,6.150,-0.2439,0
fold_direct,1393,-2,0.25,3.95,1.509,6.150,-3.0765,0
fold_direct,1397,-2,5.24,11.48,3.596,6.150,-0.7101,0
fold_direct,1399,-2,0.25,3.70,0.870,6.150,-6.0671,0
fold_direct,1402,-2,4.93,8.38,0.858,6.150,-6.1652,0
fold_direct,1406,-2,4.96,8.43,5.445,6.150,-0.1295,0
fold_direct,1409,-2,4.48,8.46,5.257,6.150,-0.1700,0
fold_direct,1416,-2,0.25,4.24,1.571,6.150,-2.9156,0
fold_direct,1418,-2,4.99,9.23,1.308,6.150,-3.7020,0
fold_direct,1423,-2,6.20,13.15,2.879,6.150,-1.1358,0
fold_direct,1433,-2,4.75,10.49,4.146,6.150,-0.4835,0
fold_direct,1435,-2,5.94,8.16,5.855,6.150,-0.0504,0
fold_direct,1439,-2,5.93,9.39,5.453,6.150,-0.1279,0
fold_direct,1442,-2,4.68,9.36,4.684,6.150,-0.3130,0
fold_direct,1454,-2,3.47,8.43,5.013,6.150,-0.2269,0
fold_direct,1461,-2,4.68,10.35,4.233,6.150,-0.4529,0
fold_direct,1464,-2,4.69,7.41,5.688,6.150,-0.0813,0
fold_direct,1469,-2,4.48,8.21,5.394,6.150,-0.1402,0
fold_direct,1471,-2,4.69,6.92,5.848,6.150,-0.0516,0
fold_direct,1475,-2,4.67,8.35,5.207,6.150,-0.1811,0
fold_direct,1481,-2,6.15,7.88,0.218,6.150,-27.2732,0
fold_direct,1484,-2,4.49,8.24,5.368,6.150,-0.1456,0
fold_direct,1489,-2,4.69,8.15,5.307,6.150,-0.1588,0
fold_direct,1492,-2,4.66,7.60,5.636,6.150,-0.0912,0
fold_direct,1495,-2,0.25,2.47,4.526,6.150,-0.3587,0
fold_direct,1500,-2,5.49,11.72,3.440,6.150,-0.7876,0
fold_direct,1505,-2,4.98,10.70,3.972,6.150,-0.5485,0
fold_direct,1508,-2,0.25,5.74,3.337,6.150,-0.8427,0
fold_direct,1512,-2,12.89,14.63,5.140,6.150,-0.1964,0
fold_direct,1514,-2,2.49,8.70,3.209,6.150,-0.9163,0
fold_direct,1521,-2,4.49,9.23,4.844,6.150,-0.2697,0
fold_direct,1527,-2,4.68,8.12,5.332,6.150,-0.1533,0
fold_direct,1530,-2,4.74,7.74,5.578,6.150,-0.1025,0
fold_direct,1533,-2,1.99,6.23,4.932,6.150,-0.2469,0
fold_direct,1534,-2,5.40,8.10,5.657,6.150,-0.0871,0
fold_direct,1536,-2,4.45,8.41,5.296,6.150,-0.1614,0
fold_direct,1544,-2,4.69,7.90,5.449,6.150,-0.1287,0
fold_direct,1547,-2,4.67,7.63,5.588,6.150,-0.1005,0
fold_direct,1551,-2,0.24,4.34,1.692,6.150,-2.6340,0
fold_direct,1560,-2,4.69,8.89,4.918,6.150,-0.2505,0
fold_direct,1566,-2,4.47,8.69,5.058,6.150,-0.2160,0
fold_direct,1569,-2,4.48,7.96,5.488,6.150,-0.1207,0
fold_direct,1575,-2,4.44,8.38,5.193,6.150,-0.1842,0
fold_direct,1578,-2,4.47,7.45,5.653,6.150,-0.0879,0
fold_direct,1586,-2,4.69,8.88,4.914,6.150,-0.2514,0
fold_direct,1594,-2,4.72,7.95,5.447,6.150,-0.1290,0
fold_direct,1600,-2,0.25,3.71,3.712,6.150,-0.6566,0
fold_direct,1603,-2,4.72,7.70,5.556,6.150,-0.1069,0
fold_direct,1608,-2,4.72,7.71,5.543,6.150,-0.1095,0
fold_direct,1613,-2,31.20,44.43,0.831,6.150,-6.4041,0
fold_direct,1616,-2,1.98,6.19,4.319,6.150,-0.4239,0
fold_direct,1619,-2,4.66,8.09,5.355,6.150,-0.1485,0
fold_direct,1622,-2,4.74,7.73,5.532,6.150,-0.1117,0
fold_direct,1627,-2,4.49,8.23,5.373,6.150,-0.1445,0
fold_direct,1634,-2,4.50,8.25,5.359,6.150,-0.1477,0
fold_direct,1637,-2,4.73,7.72,5.521,6.150,-0.1140,0
fold_direct,1646,-2,4.69,7.89,5.452,6.150,-0.1279,0
fold_direct,1650,-2,4.73,7.96,5.487,6.150,-0.1209,0
fold_direct,1652,-2,4.49,8.23,5.375,6.150,-0.1442,0
fold_direct,1657,-2,4.68,8.38,5.184,6.150,-0.1863,0
fold_direct,1660,-2,4.71,6.93,5.872,6.150,-0.0474,0
fold_direct,1669,-2,4.72,7.94,5.415,6.150,-0.1357,0
fold_direct,1672,-2,4.72,7.94,5.406,6.150,-0.1375,0
fold_direct,1674,-2,4.75,6.50,5.960,6.150,-0.0319,0
fold_direct,1680,-2,4.48,8.46,5.257,6.150,-0.1698,0
fold_direct,1685,-2,5.96,8.19,5.853,6.150,-0.0507,0
fold_direct,1688,-2,4.44,8.38,5.223,6.150,-0.1776,0
fold_direct,1690,-2,4.71,9.18,4.756,6.150,-0.2931,0
fold_direct,1698,-2,4.71,9.17,4.758,6.150,-0.2925,0
fold_direct,1706,-2,4.48,8.45,5.260,6.150,-0.1693,0
fold_direct,1708,-2,4.68,7.38,5.730,6.150,-0.0732,0
fold_direct,1716,-2,4.68,8.37,5.193,6.150,-0.1843,0
fold_direct,1721,-2,5.94,8.17,5.856,6.150,-0.0502,0
fold_direct,1725,-2,4.49,9.47,4.725,6.150,-0.3016,0
fold_direct,1732,-2,0.25,2.46,5.250,6.150,-0.1714,0
fold_direct,1737,-2,5.20,11.39,3.639,6.150,-0.6902,0
fold_direct,1740,-2,7.98,9.98,5.680,6.150,-0.0827,0
fold_direct,1745,-2,0.25,2.50,2.975,6.150,-1.0672,0
fold_direct,1749,-2,26.08,33.04,3.544,6.150,-0.7353,0
fold_direct,1752,-2,12.44,21.65,1.299,6.150,-3.7355,0
fold_direct,1758,-2,4.49,8.23,5.374,6.150,-0.1443,0
fold_direct,1765,-2,4.50,8.24,5.366,6.150,-0.1461,0
fold_direct,1768,-2,1.98,6.69,4.517,6.150,-0.3616,0
fold_direct,1773,-2,4.69,7.40,5.678,6.150,-0.0831,0
fold_direct,1779,-2,4.67,7.87,5.470,6.150,-0.1244,0
fold_direct,1786,-2,0.24,4.14,1.474,6.150,-3.1723,0
fold_direct,1788,-2,4.71,8.67,1.529,6.150,-3.0225,0
fold_direct,1793,-2,4.94,10.63,4.011,6.150,-0.5331,0
fold_direct,1796,-2,0.25,1.72,5.982,6.150,-0.0281,0
fold_direct,1800,-2,4.74,7.73,5.523,6.150,-0.1135,0
fold_direct,1806,-2,4.72,7.95,5.438,6.150,-0.1308,0
fold_direct,1813,-2,7.49,14.98,2.308,6.150,-1.6643,0
fold_direct,1817,-2,0.25,6.20,2.167,6.150,-1.8382,0
fold_direct,1820,-2,4.66,10.07,3.817,6.150,-0.6114,0
fold_direct,1825,-2,4.49,8.98,4.974,6.150,-0.2363,0
fold_direct,1832,-2,6.97,8.72,0.203,6.150,-29.3347,0
fold_direct,1854,-2,5.18,11.11,3.749,6.150,-0.6406,0
fold_direct,1860,-2,5.18,11.11,3.749,6.150,-0.6406,0
fold_direct,1864,-2,0.25,4.18,1.514,6.150,-3.0632,0
fold_direct,1869,-2,4.99,7.99,5.592,6.150,-0.0997,0
fold_direct,1873,-2,7.22,14.94,2.352,6.150,-1.6153,0
fold_direct,1886,-2,4.49,8.48,5.220,6.150,-0.1781,0
fold_direct,1896,-2,3.95,7.91,5.430,6.150,-0.1325,0
fold_direct,1901,-2,5.00,10.50,3.947,6.150,-0.5582,0
fold_direct,1918,-2,0.25,5.96,3.399,6.150,-0.8093,0
fold_direct,1921,-2,5.44,10.87,4.067,6.150,-0.5123,0
fold_direct,1924,-2,4.47,8.69,5.130,6.150,-0.1988,0
fold_direct,1935,-2,24.43,34.65,0.316,6.150,-18.4723,0
fold_direct,1942,-2,5.44,11.62,3.489,6.150,-0.7626,0
fold_direct,1948,-2,23.23,34.23,0.699,6.150,-7.7970,0
fold_direct,1951,-2,0.25,6.21,0.260,6.150,-22.6841,0
fold_direct,1958,-2,10.67,12.16,6.025,6.150,-0.0208,0
fold_direct,1962,-2,4.69,8.15,5.311,6.150,-0.1580,0
fold_direct,1966,-2,4.72,7.20,5.728,6.150,-0.0737,0
fold_direct,1970,-2,3.97,8.93,2.391,6.150,-1.5722,0
fold_direct,1976,-2,5.73,12.20,3.296,6.150,-0.8656,0
fold_direct,1980,-2,10.20,13.43,5.749,6.150,-0.0697,0
fold_direct,1983,-2,4.93,10.60,4.027,6.150,-0.5271,0
fold_direct,1986,-2,19.32,25.27,4.464,6.150,-0.3777,0
fold_direct,1992,-2,17.93,24.91,4.523,6.150,-0.3598,0
fold_direct,1995,-2,4.66,8.10,5.351,6.150,-0.1493,0
risky_inside,1120,-2,57.75,59.50,3.318,6.150,-0.8536,0
risky_inside,1120,-2,72.50,73.50,1.865,6.150,-2.2984,0
risky_inside,1129,-2,52.10,52.60,3.665,6.150,-0.6782,0
risky_inside,1138,-2,20.21,20.46,3.452,6.150,-0.7816,0
risky_inside,1139,-2,37.99,45.24,5.099,6.150,-0.2061,0
risky_inside,1143,-2,36.97,38.72,0.265,6.150,-22.2114,0
risky_inside,1143,-2,61.96,69.45,5.181,6.150,-0.1871,0
risky_inside,1145,-2,125.31,125.56,1.886,6.150,-2.2602,0
risky_inside,1145,-2,128.80,130.80,0.300,6.150,-19.5256,0
risky_inside,1147,-2,31.48,35.73,0.551,6.150,-10.1540,0
risky_inside,1147,-2,54.21,61.46,5.489,6.150,-0.1204,0
risky_inside,1154,-2,36.20,36.20,7.162,6.150,0.1412,0
risky_inside,1154,-2,139.07,140.07,4.702,6.150,-0.3081,0
risky_inside,1158,-2,45.72,53.21,4.455,6.150,-0.3804,0
risky_inside,1158,-2,142.89,150.14,5.471,6.150,-0.1242,0
risky_inside,1158,-2,168.62,168.87,1.868,6.150,-2.2918,0
risky_inside,1159,-2,13.46,13.71,2.196,6.150,-1.8008,0
risky_inside,1160,-2,6.90,7.64,2.234,6.150,-1.7532,0
risky_inside,1162,-2,41.56,41.56,8.001,6.150,0.2313,0
risky_inside,1166,-2,2.24,4.48,2.911,6.150,-1.1130,0
risky_inside,1166,-2,14.18,14.68,0.386,6.150,-14.9397,0
risky_inside,1169,-2,115.94,117.93,1.707,6.150,-2.6037,0
risky_inside,1169,-2,125.93,129.18,3.611,6.150,-0.7033,0
risky_inside,1170,-2,100.70,104.95,3.118,6.150,-0.9726,0
risky_inside,1170,-2,110.69,112.44,1.707,6.150,-2.6020,0
risky_inside,1175,-2,47.93,47.93,7.845,6.150,0.2161,0
risky_inside,1176,-2,0.25,5.74,2.463,6.150,-1.4974,0
risky_inside,1176,-2,108.62,116.11,5.156,6.150,-0.1927,0
risky_inside,1177,-2,37.43,38.18,1.863,6.150,-2.3004,0
risky_inside,1177,-2,39.93,39.93,8.374,6.150,0.2656,0
risky_inside,1179,-2,44.18,46.93,1.044,6.150,-4.8926,0
risky_inside,1180,-2,0.25,1.50,2.852,6.150,-1.1563,0
risky_inside,1184,-2,56.70,63.95,5.321,6.150,-0.1557,0
risky_inside,1188,-2,7.24,7.24,8.382,6.150,0.2663,0
risky_inside,1188,-2,20.72,20.97,0.955,6.150,-5.4368,0
risky_inside,1190,-2,13.71,13.71,1.387,6.150,-3.4346,0
risky_inside,1190,-2,20.45,22.19,0.247,6.150,-23.9364,0
risky_inside,1192,-2,55.73,55.73,7.298,6.150,0.1573,0
risky_inside,1192,-2,182.19,183.69,0.437,6.150,-13.0741,0
risky_inside,1193,-2,0.25,3.75,4.120,6.150,-0.4928,0
risky_inside,1193,-2,11.50,11.75,6.889,6.150,0.1073,0
risky_inside,1195,-2,2.74,9.97,5.575,6.150,-0.1031,0
risky_inside,1195,-2,52.82,53.57,4.944,6.150,-0.2439,0
risky_inside,1197,-2,55.97,55.97,2.722,6.150,-1.2590,0
risky_inside,1199,-2,62.47,62.72,4.969,6.150,-0.2377,0
risky_inside,1210,-2,31.65,31.65,6.044,6.150,-0.0175,0
risky_inside,1211,-2,12.20,19.67,5.039,6.150,-0.2205,0
risky_inside,1214,-2,28.98,28.98,8.058,6.150,0.2368,0
risky_inside,1214,-2,53.71,53.96,6.952,6.150,0.1153,0
risky_inside,1215,-2,18.98,19.73,1.599,6.150,-2.8472,0
risky_inside,1215,-2,27.97,29.71,4.351,6.150,-0.4136,0
risky_inside,1217,-2,12.24,13.74,4.188,6.150,-0.4683,0
risky_inside,1217,-2,24.73,25.48,4.493,6.150,-0.3688,0
risky_inside,1222,-2,29.71,30.46,5.967,6.150,-0.0306,0
risky_inside,1225,-2,14.98,14.98,4.141,6.150,-0.4852,0
risky_inside,1225,-2,16.72,17.22,2.058,6.150,-1.9876,0
risky_inside,1230,-2,43.43,43.93,3.747,6.150,-0.6413,0
risky_inside,1234,-2,17.70,17.95,2.885,6.150,-1.1315,0
risky_inside,1236,-2,10.96,11.21,3.273,6.150,-0.8788,0
risky_inside,1246,-2,0.25,1.50,3.978,6.150,-0.5461,0
risky_inside,1246,-2,11.47,11.96,3.219,6.150,-0.9107,0
risky_inside,1247,-2,83.75,83.75,5.767,6.150,-0.0664,1
risky_inside,1249,-2,57.37,57.37,6.809,6.150,0.0968,0
risky_inside,1249,-2,72.84,72.84,4.245,6.150,-0.4486,0
risky_inside,1249,-2,87.06,87.55,3.961,6.150,-0.5528,0
risky_inside,1250,-2,0.25,0.50,6.968,6.150,0.1173,0
risky_inside,1250,-2,31.39,32.39,2.097,6.150,-1.9323,0
risky_inside,1250,-2,45.85,45.85,8.144,6.150,0.2448,0
risky_inside,1259,-2,54.16,57.15,2.407,6.150,-1.5547,0
risky_inside,1261,-2,6.99,14.48,5.189,6.150,-0.1853,0
risky_inside,1265,-2,67.87,69.87,0.203,6.150,-29.3681,0
risky_inside,1270,-2,47.97,48.22,3.121,6.150,-0.9706,0
risky_inside,1281,-2,8.75,8.75,4.078,6.150,-0.5080,0
risky_inside,1281,-2,119.70,119.70,6.180,6.150,0.0049,0
risky_inside,1286,-2,4.93,5.42,2.050,6.150,-2.0002,0
risky_inside,1286,-2,8.62,9.86,0.457,6.150,-12.4524,0
risky_inside,1288,-2,0.25,4.24,1.063,6.150,-4.7848,0
risky_inside,1288,-2,38.15,40.14,0.165,6.150,-36.3706,0
risky_inside,1288,-2,60.09,60.09,1.540,6.150,-2.9925,0
risky_inside,1289,-2,0.25,1.74,2.391,6.150,-1.5720,0
risky_inside,1291,-2,0.25,0.25,7.708,6.150,0.2022,0
risky_inside,1292,-2,36.50,36.75,4.874,6.150,-0.2618,0
risky_inside,1294,-2,39.98,41.23,1.379,6.150,-3.4603,0
risky_inside,1294,-2,52.98,54.23,1.745,6.150,-2.5234,0
risky_inside,1294,-2,71.72,71.72,5.747,6.150,-0.0702,0
risky_inside,1294,-2,147.44,147.94,1.229,6.150,-4.0032,0
risky_inside,1297,-2,15.67,23.13,5.352,6.150,-0.1492,0
risky_inside,1298,-2,11.49,16.99,5.188,6.150,-0.1854,0
risky_inside,1298,-2,21.99,23.49,3.886,6.150,-0.5828,0
risky_inside,1298,-2,49.97,51.47,1.698,6.150,-2.6217,0
risky_inside,1298,-2,58.22,62.22,3.574,6.150,-0.7207,0
risky_inside,1299,-2,8.00,8.00,7.016,6.150,0.1234,0
risky_inside,1306,-2,93.72,99.46,3.035,6.150,-1.0261,0
risky_inside,1306,-2,219.42,226.92,4.896,6.150,-0.2560,0
risky_inside,1306,-2,250.16,257.66,4.811,6.150,-0.2782,0
risky_inside,1307,-2,62.39,63.39,2.513,6.150,-1.4470,0
risky_inside,1307,-2,68.38,68.38,6.963,6.150,0.1168,0
risky_inside,1309,-2,16.66,18.15,3.093,6.150,-0.9883,0
risky_inside,1314,-2,44.74,46.49,2.107,6.150,-1.9188,0
risky_inside,1317,-2,1.50,5.50,8.049,6.150,0.2359,0
risky_inside,1317,-2,15.25,16.25,5.458,6.150,-0.1267,0
risky_inside,1317,-2,42.49,42.74,1.085,6.150,-4.6704,0
risky_inside,1319,-2,16.21,21.95,7.220,6.150,0.1482,0
risky_inside,1319,-2,44.64,44.89,3.131,6.150,-0.9642,0
risky_inside,1320,-2,23.72,31.21,4.753,6.150,-0.2939,0
risky_inside,1321,-2,11.25,11.50,2.379,6.150,-1.5852,0
risky_inside,1321,-2,110.71,110.71,7.894,6.150,0.2210,0
risky_inside,1321,-2,113.21,113.46,5.029,6.150,-0.2228,0
risky_inside,1321,-2,139.20,140.45,2.465,6.150,-1.4951,0
risky_inside,1321,-2,152.45,152.45,7.091,6.150,0.1327,0
risky_inside,1328,-2,33.41,33.41,4.954,6.150,-0.2414,0
risky_inside,1333,-2,8.50,11.75,1.016,6.150,-5.0502,0
risky_inside,1333,-2,223.95,228.20,2.036,6.150,-2.0207,0
risky_inside,1333,-2,232.94,233.44,5.180,6.150,-0.1872,0
risky_inside,1333,-2,241.69,242.19,2.651,6.150,-1.3201,0
risky_inside,1333,-2,247.44,247.94,2.179,6.150,-1.8225,0
risky_inside,1333,-2,262.44,263.44,3.702,6.150,-0.6613,0
risky_inside,1333,-2,329.92,331.17,5.174,6.150,-0.1886,0
risky_inside,1333,-2,344.67,345.17,5.085,6.150,-0.2095,0
risky_inside,1333,-2,358.41,358.66,6.746,6.150,0.0883,0
risky_inside,1333,-2,422.90,424.40,1.205,6.150,-4.1023,0
risky_inside,1333,-2,430.65,432.15,1.684,6.150,-2.6522,0
risky_inside,1333,-2,453.64,454.39,3.961,6.150,-0.5528,0
risky_inside,1336,-2,17.25,22.50,2.287,6.150,-1.6892,0
risky_inside,1338,-2,76.41,83.65,5.679,6.150,-0.0830,0
risky_inside,1339,-2,14.70,16.45,1.217,6.150,-4.0529,0
risky_inside,1339,-2,25.67,25.92,5.311,6.150,-0.1579,0
risky_inside,1339,-2,45.61,46.10,3.141,6.150,-0.9578,0
risky_inside,1346,-2,19.46,26.95,4.770,6.150,-0.2892,0
risky_inside,1348,-2,229.83,235.57,7.014,6.150,0.1231,0
risky_inside,1361,-2,7.49,7.99,3.692,6.150,-0.6658,0
risky_inside,1361,-2,53.67,54.67,3.831,6.150,-0.6054,0
risky_inside,1372,-2,62.45,64.19,0.246,6.150,-23.9722,0
risky_inside,1378,-2,154.61,154.86,2.400,6.150,-1.5623,0
risky_inside,1379,-2,25.92,26.17,3.832,6.150,-0.6047,0
risky_inside,1384,-2,0.00,7.65,3.646,6.150,-0.6870,0
risky_inside,1387,-2,3.74,11.23,3.774,6.150,-0.6294,0
risky_inside,1390,-2,2.70,10.56,4.944,6.150,-0.2439,0
risky_inside,1393,-2,0.00,4.69,1.451,6.150,-3.2373,0
risky_inside,1397,-2,3.99,12.48,3.596,6.150,-0.7101,0
risky_inside,1399,-2,0.00,4.20,0.870,6.150,-6.0671,0
risky_inside,1402,-2,4.19,8.38,0.858,6.150,-6.1652,0
risky_inside,1406,-2,2.73,10.16,5.445,6.150,-0.1295,0
risky_inside,1409,-2,2.49,10.20,5.257,6.150,-0.1700,0
risky_inside,1416,-2,0.00,4.74,1.571,6.150,-2.9156,0
risky_inside,1418,-2,4.24,9.23,1.308,6.150,-3.7020,0
risky_inside,1423,-2,4.96,14.14,2.879,6.150,-1.1358,0
risky_inside,1425,-2,3.24,7.73,6.391,6.150,0.0378,0
risky_inside,1430,-2,8.74,14.24,6.394,6.150,0.0382,0
risky_inside,1433,-2,3.25,11.74,4.146,6.150,-0.4835,0
risky_inside,1435,-2,3.46,10.39,5.855,6.150,-0.0504,0
risky_inside,1439,-2,3.70,11.36,5.453,6.150,-0.1279,0
risky_inside,1442,-2,2.95,10.83,4.684,6.150,-0.3130,0
risky_inside,1446,-2,2.48,7.95,7.331,6.150,0.1611,1
risky_inside,1454,-2,1.24,10.17,5.013,6.150,-0.2269,0
risky_inside,1461,-2,3.20,11.58,4.233,6.150,-0.4529,0
risky_inside,1464,-2,2.22,9.64,5.688,6.150,-0.0813,0
risky_inside,1469,-2,2.49,9.95,5.394,6.150,-0.1402,0
risky_inside,1471,-2,2.22,9.39,5.848,6.150,-0.0516,0
risky_inside,1475,-2,2.70,10.07,5.207,6.150,-0.1811,0
risky_inside,1478,-2,4.45,8.16,8.304,6.150,0.2594,0
risky_inside,1481,-2,5.91,7.88,0.218,6.150,-27.2732,0
risky_inside,1484,-2,2.50,9.98,5.368,6.150,-0.1456,0
risky_inside,1489,-2,2.47,10.13,5.307,6.150,-0.1588,0
risky_inside,1492,-2,2.21,9.56,5.636,6.150,-0.0912,0
risky_inside,1495,-2,0.00,4.20,4.423,6.150,-0.3904,0
risky_inside,1500,-2,4.24,12.72,3.440,6.150,-0.7876,0
risky_inside,1505,-2,3.48,11.95,3.972,6.150,-0.5485,0
risky_inside,1508,-2,0.00,6.74,3.337,6.150,-0.8427,0
risky_inside,1512,-2,10.41,14.63,5.140,6.150,-0.1964,0
risky_inside,1514,-2,1.24,9.45,3.209,6.150,-0.9163,0
risky_inside,1516,-2,1.48,8.40,6.249,6.150,0.0158,0
risky_inside,1521,-2,2.74,10.72,4.844,6.150,-0.2697,0
risky_inside,1527,-2,2.46,10.09,5.332,6.150,-0.1533,0
risky_inside,1530,-2,2.25,9.74,5.578,6.150,-0.1025,0
risky_inside,1533,-2,0.50,7.48,4.932,6.150,-0.2469,0
risky_inside,1534,-2,2.95,10.31,5.657,6.150,-0.0871,0
risky_inside,1536,-2,2.47,10.14,5.296,6.150,-0.1614,0
risky_inside,1544,-2,2.47,9.87,5.449,6.150,-0.1287,0
risky_inside,1547,-2,2.46,9.59,5.588,6.150,-0.1005,0
risky_inside,1549,-2,2.23,6.68,7.827,6.150,0.2143,0
risky_inside,1551,-2,0.00,4.83,1.692,6.150,-2.6340,0
risky_inside,1554,-2,3.43,5.39,6.616,6.150,0.0705,0
risky_inside,1557,-2,4.74,11.47,6.335,6.150,0.0292,0
risky_inside,1560,-2,2.72,10.62,4.918,6.150,-0.2505,0
risky_inside,1566,-2,2.73,10.43,5.058,6.150,-0.2160,0
risky_inside,1569,-2,2.49,9.71,5.488,6.150,-0.1207,0
risky_inside,1575,-2,2.71,10.11,5.193,6.150,-0.1842,0
risky_inside,1578,-2,2.23,9.43,5.653,6.150,-0.0879,0
risky_inside,1586,-2,2.71,10.61,4.914,6.150,-0.2514,0
risky_inside,1589,-2,1.49,8.22,6.332,6.150,0.0288,0
risky_inside,1594,-2,2.49,9.94,5.447,6.150,-0.1290,0
risky_inside,1600,-2,0.00,5.19,3.703,6.150,-0.6608,0
risky_inside,1603,-2,2.48,9.69,5.556,6.150,-0.1069,0
risky_inside,1608,-2,2.49,9.69,5.543,6.150,-0.1095,0
risky_inside,1613,-2,29.95,45.43,0.831,6.150,-6.4041,0
risky_inside,1616,-2,0.74,7.18,4.319,6.150,-0.4239,0
risky_inside,1619,-2,2.45,10.06,5.355,6.150,-0.1485,0
risky_inside,1622,-2,2.49,9.72,5.532,6.150,-0.1117,0
risky_inside,1627,-2,2.49,9.98,5.373,6.150,-0.1445,0
risky_inside,1629,-2,0.00,3.50,6.832,6.150,0.0999,0
risky_inside,1632,-2,5.94,8.16,7.327,6.150,0.1606,0
risky_inside,1634,-2,2.50,10.00,5.359,6.150,-0.1477,0
risky_inside,1637,-2,2.49,9.71,5.521,6.150,-0.1140,0
risky_inside,1646,-2,2.47,9.87,5.452,6.150,-0.1279,0
risky_inside,1648,-2,0.74,6.40,7.193,6.150,0.1450,0
risky_inside,1650,-2,2.74,9.95,5.487,6.150,-0.1209,0
risky_inside,1652,-2,2.49,9.97,5.375,6.150,-0.1442,0
risky_inside,1657,-2,2.71,10.10,5.184,6.150,-0.1863,0
risky_inside,1660,-2,1.98,9.16,5.872,6.150,-0.0474,0
risky_inside,1669,-2,2.48,9.93,5.415,6.150,-0.1357,0
risky_inside,1672,-2,2.48,9.93,5.406,6.150,-0.1375,0
risky_inside,1674,-2,2.00,9.00,5.960,6.150,-0.0319,0
risky_inside,1680,-2,2.49,10.20,5.257,6.150,-0.1698,0
risky_inside,1685,-2,3.48,10.43,5.853,6.150,-0.0507,0
risky_inside,1688,-2,2.46,10.11,5.223,6.150,-0.1776,0
risky_inside,1690,-2,2.98,10.67,4.756,6.150,-0.2931,0
risky_inside,1693,-2,0.49,6.92,6.873,6.150,0.1052,0
risky_inside,1698,-2,2.97,10.66,4.758,6.150,-0.2925,0
risky_inside,1702,-2,6.16,12.82,6.796,6.150,0.0951,0
risky_inside,1706,-2,2.49,10.19,5.260,6.150,-0.1693,0
risky_inside,1708,-2,2.22,9.35,5.730,6.150,-0.0732,0
risky_inside,1716,-2,2.71,10.09,5.193,6.150,-0.1843,0
risky_inside,1721,-2,3.46,10.39,5.856,6.150,-0.0502,0
risky_inside,1725,-2,2.99,10.72,4.725,6.150,-0.3016,0
risky_inside,1729,-2,5.49,12.23,6.553,6.150,0.0615,0
risky_inside,1732,-2,0.00,4.68,5.229,6.150,-0.1761,0
risky_inside,1737,-2,3.96,12.39,3.639,6.150,-0.6902,0
risky_inside,1740,-2,5.49,9.98,5.680,6.150,-0.0827,0
risky_inside,1745,-2,0.00,3.25,2.766,6.150,-1.2233,0
risky_inside,1749,-2,23.85,33.04,3.544,6.150,-0.7353,0
risky_inside,1752,-2,11.45,22.40,1.299,6.150,-3.7355,0
risky_inside,1758,-2,2.49,9.98,5.374,6.150,-0.1443,0
risky_inside,1765,-2,2.50,9.99,5.366,6.150,-0.1461,0
risky_inside,1768,-2,0.25,8.17,4.517,6.150,-0.3616,0
risky_inside,1773,-2,2.22,9.63,5.678,6.150,-0.0831,0
risky_inside,1779,-2,2.46,9.84,5.470,6.150,-0.1244,0
risky_inside,1782,-2,1.49,7.72,6.733,6.150,0.0866,0
risky_inside,1786,-2,0.00,4.87,1.474,6.150,-3.1723,0
risky_inside,1788,-2,3.96,8.67,1.529,6.150,-3.0225,0
risky_inside,1793,-2,3.46,11.87,4.011,6.150,-0.5331,0
risky_inside,1796,-2,0.00,4.92,5.982,6.150,-0.0281,0
risky_inside,1800,-2,2.49,9.72,5.523,6.150,-0.1135,0
risky_inside,1806,-2,2.48,9.94,5.438,6.150,-0.1308,0
risky_inside,1813,-2,6.24,15.98,2.308,6.150,-1.6643,0
risky_inside,1817,-2,0.00,7.20,2.167,6.150,-1.8382,0
risky_inside,1820,-2,3.19,10.07,3.817,6.150,-0.6114,0
risky_inside,1825,-2,2.74,10.47,4.974,6.150,-0.2363,0
risky_inside,1832,-2,6.72,8.72,0.203,6.150,-29.3347,0
risky_inside,1835,-2,2.72,8.65,6.800,6.150,0.0956,0
risky_inside,1846,-2,1.97,8.38,6.710,6.150,0.0834,0
risky_inside,1848,-2,1.47,5.87,7.794,6.150,0.2110,0
risky_inside,1854,-2,3.70,12.34,3.749,6.150,-0.6406,0
risky_inside,1860,-2,3.70,12.34,3.749,6.150,-0.6406,0
risky_inside,1864,-2,0.00,4.92,1.514,6.150,-3.0632,0
risky_inside,1869,-2,2.75,10.24,5.592,6.150,-0.0997,0
risky_inside,1873,-2,6.23,15.69,2.352,6.150,-1.6153,0
risky_inside,1883,-2,5.42,11.82,6.833,6.150,0.1000,0
risky_inside,1886,-2,2.50,10.23,5.220,6.150,-0.1781,0
risky_inside,1896,-2,1.48,9.88,5.430,6.150,-0.1325,0
risky_inside,1899,-2,7.86,11.55,6.879,6.150,0.1060,0
risky_inside,1901,-2,3.50,11.50,3.947,6.150,-0.5582,0
risky_inside,1918,-2,0.00,6.96,3.399,6.150,-0.8093,0
risky_inside,1921,-2,4.20,10.87,4.067,6.150,-0.5123,0
risky_inside,1924,-2,2.73,10.18,5.130,6.150,-0.1988,0
risky_inside,1928,-2,3.21,10.12,6.276,6.150,0.0201,0
risky_inside,1935,-2,23.43,35.15,0.316,6.150,-18.4723,0
risky_inside,1942,-2,4.20,12.60,3.489,6.150,-0.7626,0
risky_inside,1948,-2,21.98,35.23,0.699,6.150,-7.7970,0
risky_inside,1951,-2,0.00,6.95,0.260,6.150,-22.6841,0
risky_inside,1954,-2,1.24,8.42,6.245,6.150,0.0152,0
risky_inside,1958,-2,7.44,15.13,6.025,6.150,-0.0208,0
risky_inside,1962,-2,2.47,10.12,5.311,6.150,-0.1580,0
risky_inside,1966,-2,2.23,9.43,5.728,6.150,-0.0737,0
risky_inside,1970,-2,3.23,8.93,2.391,6.150,-1.5722,0
risky_inside,1976,-2,4.48,13.20,3.296,6.150,-0.8656,0
risky_inside,1980,-2,7.21,16.16,5.749,6.150,-0.0697,0
risky_inside,1983,-2,3.45,11.83,4.027,6.150,-0.5271,0
risky_inside,1986,-2,17.09,25.27,4.464,6.150,-0.3777,0
risky_inside,1989,-2,5.67,12.58,6.550,6.150,0.0611,0
risky_inside,1992,-2,15.94,25.90,4.523,6.150,-0.3598,0
risky_inside,1995,-2,2.45,10.06,5.351,6.150,-0.1493,0
outer_tight,1120,-2,69.50,69.50,5.767,6.150,2.0664,0
outer_tight,1122,-2,12.97,13.47,3.961,6.150,2.0061,0
outer_tight,1122,-2,27.69,27.69,4.245,6.150,2.4486,0
outer_tight,1123,-2,20.18,20.43,2.097,6.150,2.4122,0
outer_tight,1123,-2,21.18,21.18,3.880,6.150,2.5851,0
outer_tight,1132,-2,32.44,34.44,2.407,6.150,2.0094,0
outer_tight,1134,-2,61.16,65.16,5.189,6.150,2.0064,0
outer_tight,1138,-2,12.73,14.47,0.203,6.150,2.0141,0
outer_tight,1143,-2,33.23,33.23,3.119,6.150,2.9716,0
outer_tight,1145,-2,123.56,123.81,2.058,6.150,2.5742,0
outer_tight,1145,-2,125.81,125.81,4.141,6.150,2.4852,0
outer_tight,1159,-2,1.75,1.75,2.100,6.150,3.9287,0
outer_tight,1159,-2,21.94,23.69,0.165,6.150,2.0688,0
outer_tight,1159,-2,58.09,61.58,1.063,6.150,2.0715,0
outer_tight,1160,-2,5.17,6.41,0.457,6.150,2.2966,0
outer_tight,1160,-2,9.61,10.10,2.050,6.150,2.0290,0
outer_tight,1164,-2,83.49,83.49,4.874,6.150,2.2618,0
outer_tight,1166,-2,15.43,15.43,1.415,6.150,5.3474,0
outer_tight,1168,-2,16.67,20.15,5.352,6.150,2.0168,0
outer_tight,1169,-2,99.94,102.69,3.574,6.150,2.0149,0
outer_tight,1169,-2,110.69,111.94,1.698,6.150,2.0798,0
outer_tight,1169,-2,139.42,140.17,3.886,6.150,2.0630,0
outer_tight,1169,-2,146.92,150.67,5.188,6.150,2.0048,0
outer_tight,1177,-2,44.92,45.67,2.513,6.150,2.0900,0
outer_tight,1178,-2,38.99,43.23,4.811,6.150,2.0348,0
outer_tight,1178,-2,69.48,73.72,4.896,6.150,2.0161,0
outer_tight,1178,-2,195.43,199.93,3.035,6.150,2.0605,0
outer_tight,1178,-2,200.43,200.43,5.386,6.150,2.1419,0
outer_tight,1179,-2,39.44,41.19,0.833,6.150,2.3326,0
outer_tight,1179,-2,48.93,49.18,2.549,6.150,2.2619,0
outer_tight,1180,-2,26.96,27.96,2.945,6.150,2.0410,0
outer_tight,1185,-2,6.00,7.25,2.107,6.150,2.0064,0
outer_tight,1188,-2,21.47,21.72,1.261,6.150,2.4381,0
outer_tight,1188,-2,41.94,41.94,5.079,6.150,2.2109,0
outer_tight,1188,-2,54.67,54.92,4.826,6.150,2.1265,0
outer_tight,1190,-2,13.22,13.46,0.166,6.150,8.6429,0
outer_tight,1190,-2,13.96,14.21,1.634,6.150,2.4089,0
outer_tight,1190,-2,42.64,42.89,3.054,6.150,2.0924,0
outer_tight,1191,-2,54.68,59.18,4.753,6.150,2.0221,0
outer_tight,1192,-2,60.48,61.23,2.465,6.150,2.1372,0
outer_tight,1192,-2,86.97,86.97,5.029,6.150,2.2228,0
outer_tight,1192,-2,188.94,189.19,2.379,6.150,2.1913,0
outer_tight,1200,-2,18.20,18.20,4.954,6.150,2.2414,0
outer_tight,1207,-2,27.00,31.75,2.287,6.150,2.0097,0
outer_tight,1209,-2,47.19,49.94,5.679,6.150,2.0037,0
outer_tight,1210,-2,4.98,5.23,3.141,6.150,2.3173,0
outer_tight,1210,-2,25.42,25.42,5.311,6.150,2.1579,0
outer_tight,1210,-2,35.14,36.39,1.217,6.150,2.2611,0
outer_tight,1215,-2,16.23,17.23,0.867,6.150,2.4225,0
outer_tight,1215,-2,64.67,69.16,4.770,6.150,2.0122,0
outer_tight,1225,-2,9.98,11.73,0.300,6.150,2.0362,0
outer_tight,1225,-2,15.23,15.48,1.886,6.150,2.4322,0
outer_tight,1230,-2,0.25,0.75,3.831,6.150,2.0890,0
outer_tight,1230,-2,46.93,47.18,3.690,6.150,2.0721,0
outer_tight,1246,-2,14.71,14.71,3.835,6.150,2.6036,0
outer_tight,1247,-2,79.75,80.50,1.865,6.150,2.1004,1
outer_tight,1247,-2,94.25,95.50,3.318,6.150,2.0002,1
outer_tight,1256,-2,10.47,10.72,3.665,6.150,2.0678,0
outer_tight,1263,-2,35.74,37.49,0.246,6.150,2.1044,0
outer_tight,1265,-2,62.13,62.13,3.452,6.150,2.7815,0
outer_tight,1266,-2,42.99,46.99,5.099,6.150,2.0002,0
outer_tight,1270,-2,13.74,17.74,5.181,6.150,2.0075,0
outer_tight,1270,-2,42.72,44.22,0.265,6.150,2.3862,0
outer_tight,1273,-2,26.73,29.98,5.489,6.150,2.0050,0
outer_tight,1273,-2,50.47,54.21,0.551,6.150,2.0707,0
outer_tight,1276,-2,0.25,0.50,4.944,6.150,2.0470,0
outer_tight,1276,-2,46.09,49.08,5.575,6.150,2.0090,0
outer_tight,1281,-2,9.75,10.25,1.229,6.150,2.0084,0
outer_tight,1281,-2,85.97,85.97,5.747,6.150,2.0702,0
outer_tight,1281,-2,103.71,104.71,1.745,6.150,2.1047,0
outer_tight,1281,-2,116.46,117.46,1.379,6.150,2.0088,0
outer_tight,1282,-2,12.73,12.98,4.702,6.150,2.1125,0
outer_tight,1286,-2,7.39,7.88,2.234,6.150,2.2991,0
outer_tight,1287,-2,25.73,25.98,1.868,6.150,2.3926,0
outer_tight,1287,-2,46.47,49.71,5.471,6.150,2.0088,0
outer_tight,1287,-2,142.64,147.64,4.455,6.150,2.0080,0
outer_tight,1288,-2,48.12,48.37,2.196,6.150,2.0773,0
outer_tight,1294,-2,148.94,148.94,4.078,6.150,2.5080,0
outer_tight,1295,-2,29.60,31.09,2.909,6.150,2.0435,0
outer_tight,1298,-2,33.73,35.48,3.611,6.150,2.0441,0
outer_tight,1298,-2,44.72,45.97,1.707,6.150,2.0964,0
outer_tight,1299,-2,12.74,13.99,1.707,6.150,2.1427,0
outer_tight,1299,-2,20.74,23.99,3.118,6.150,2.0061,0
outer_tight,1305,-2,23.47,27.47,5.156,6.150,2.0017,0
outer_tight,1305,-2,132.84,137.59,2.463,6.150,2.0051,0
outer_tight,1307,-2,70.12,70.62,1.863,6.150,2.1400,0
outer_tight,1313,-2,13.74,17.24,5.321,6.150,2.0168,0
outer_tight,1317,-2,43.24,43.49,1.116,6.150,2.5025,0
outer_tight,1321,-2,16.99,18.24,0.437,6.150,2.2408,0
outer_tight,1322,-2,39.75,41.75,4.120,6.150,2.0259,0
outer_tight,1324,-2,55.22,55.22,2.728,6.150,3.2542,0
outer_tight,1327,-2,12.49,12.49,4.969,6.150,2.2376,0
outer_tight,1333,-2,55.74,55.99,3.125,6.150,2.3431,0
outer_tight,1333,-2,58.99,58.99,5.181,6.150,2.1869,0
outer_tight,1333,-2,65.48,65.48,5.219,6.150,2.1783,0
outer_tight,1333,-2,136.72,137.22,4.230,6.150,2.0582,0
outer_tight,1333,-2,177.46,177.96,4.343,6.150,2.0287,0
outer_tight,1333,-2,240.94,241.19,1.052,6.150,2.3538,0
outer_tight,1333,-2,243.44,246.44,0.308,6.150,2.1246,0
outer_tight,1333,-2,258.94,259.19,3.697,6.150,2.0895,0
outer_tight,1333,-2,267.19,269.19,1.963,6.150,2.0653,0
outer_tight,1333,-2,447.14,447.39,4.222,6.150,2.1570,0
outer_tight,1339,-2,19.44,19.44,6.044,6.150,2.0175,0
outer_tight,1340,-2,40.08,44.06,5.039,6.150,2.0280,0
outer_tight,1346,-2,60.89,61.64,4.242,6.150,2.0223,0
outer_tight,1348,-2,273.05,273.30,4.493,6.150,2.1058,0
outer_tight,1348,-2,285.04,285.79,4.188,6.150,2.0256,0
outer_tight,1353,-2,8.74,8.74,5.967,6.150,2.0307,0
outer_tight,1356,-2,11.69,11.69,5.364,6.150,2.1466,1
outer_tight,1361,-2,11.23,11.48,3.747,6.150,2.1024,0
outer_tight,1365,-2,16.45,16.70,2.885,6.150,2.0410,0
outer_tight,1367,-2,30.64,30.64,3.273,6.150,2.8788,0
outer_tight,1372,-2,66.19,66.44,2.400,6.150,2.2112,0
outer_tight,1378,-2,157.11,158.61,0.246,6.150,2.2851,0
outer_tight,1379,-2,28.91,29.16,3.219,6.150,2.2253,0
outer_tight,1379,-2,39.63,40.38,3.978,6.150,2.0126,0
outer_tight,1380,-2,2.23,7.67,1.675,2.800,1.5088,0
outer_tight,1481,-2,0.00,0.25,1.500,6.150,2.5163,0
outer_tight,1523,-2,2.23,7.67,1.675,2.800,1.5088,0
outer_tight,1532,-2,1.99,5.98,4.932,6.150,2.0262,0
outer_tight,1565,-2,2.23,7.67,1.675,2.800,1.5088,0
outer_tight,1574,-2,2.23,7.67,1.675,2.800,1.5088,0
outer_tight,1583,-2,2.23,7.67,1.675,2.800,1.5088,0
outer_tight,1584,-2,2.23,7.67,1.675,2.800,1.5088,0
outer_tight,1585,-2,2.23,7.67,1.675,2.800,1.5088,0
outer_tight,1616,-2,17.83,19.07,5.953,6.150,2.0041,0
outer_tight,1665,-2,2.23,7.67,1.675,2.800,1.5088,0
outer_tight,1705,-2,2.23,7.67,1.675,2.800,1.5088,0
outer_tight,1714,-2,2.23,7.67,1.675,2.800,1.5088,0
outer_tight,1715,-2,2.23,7.67,1.675,2.800,1.5088,0
outer_tight,1724,-2,2.23,7.67,1.675,2.800,1.5088,0
outer_tight,1748,-2,2.23,7.67,1.675,2.800,1.5088,0
outer_tight,1762,-2,2.23,7.67,1.675,2.800,1.5088,0
outer_tight,1770,-2,2.23,7.67,1.675,2.800,1.5088,0
outer_tight,1775,-2,2.23,7.67,1.675,2.800,1.5088,0
outer_tight,1799,-2,2.23,7.67,1.675,2.800,1.5088,0
outer_tight,1824,-2,2.23,7.67,1.675,2.800,1.5088,0
outer_tight,1840,-2,2.23,7.67,1.675,2.800,1.5088,0
outer_tight,1843,-2,1.50,7.24,1.462,6.150,2.0165,0
outer_tight,1863,-2,2.23,7.67,1.675,2.800,1.5088,0
outer_tight,1872,-2,2.23,7.67,1.675,2.800,1.5088,0
outer_tight,1889,-2,2.23,7.67,1.675,2.800,1.5088,0
outer_tight,1890,-2,2.23,7.67,1.675,2.800,1.5088,0
outer_tight,1898,-2,2.23,7.67,1.675,2.800,1.5088,0
outer_tight,1916,-2,2.23,7.67,1.675,2.800,1.5088,0
