road_new,s,f,R2_m,way_id,near_node_ids,category,lat,lon
1136,19.7,-3.798,1.28,442065043,4397573141,원본 내부노드만(이탈상한 초과 등),36.625864,127.456461
1139,41.74,-0.048,5.87,442065049,4397573153,원본 내부노드만(이탈상한 초과 등),36.624817,127.455686
1143,37.97,-3.927,1.25,442065060,4397573195;4397573196,원본 내부노드만(이탈상한 초과 등),36.626044,127.457748
1143,65.7,-0.034,5.95,442065060,4397573194,원본 내부노드만(이탈상한 초과 등),36.625861,127.457553
1145,130.05,-3.882,1.26,442065828,3958352333;4748297925;4397577796,고정노드(공유/끝점) 근처,36.623478,127.455241
1147,34.73,-2.564,1.73,442065837,4397577801,고정노드(공유/끝점) 근처,36.623222,127.457212
1147,57.71,0.015,6.25,442065829,4397577800,원본 내부노드만(이탈상한 초과 등),36.623070,127.457054
1158,49.46,-0.171,5.25,442595030,4402717723,원본 내부노드만(이탈상한 초과 등),36.630862,127.456094
1158,114.41,-2.354,1.83,442595030,4402717721;4402717722,원본 내부노드만(이탈상한 초과 등),36.631312,127.456541
1158,146.39,0.012,6.23,442595030,4402717720,고정노드(공유/끝점) 근처,36.631506,127.456777
1160,7.64,-0.155,5.32,442710666,4403782535,고정노드(공유/끝점) 근처,36.631241,127.457383
1169,116.68,-0.629,3.77,442595852,4402724092,원본 내부노드만(이탈상한 초과 등),36.627906,127.454669
1169,127.43,-0.046,5.88,442595852,4402724092,원본 내부노드만(이탈상한 초과 등),36.627824,127.454613
1170,101.7,-0.175,5.24,442595857,4402724105,고정노드(공유/끝점) 근처,36.630277,127.455190
1170,111.69,-0.437,4.28,442595857,4402724105,고정노드(공유/끝점) 근처,36.630366,127.455181
1176,1.75,-0.736,3.54,442708395,4403762232,원본 내부노드만(이탈상한 초과 등),36.630509,127.452692
1176,112.37,-0.038,5.93,442708395,4403762231,원본 내부노드만(이탈상한 초과 등),36.629940,127.453696
1177,38.17,0.02,6.27,442708397,9000000000037;9000000000038;4404190923;4403762239,호(신규노드) 근처 고정노드(공유/끝점) 근처,36.630698,127.452226
1178,134.7,-3.766,1.29,442708398,4403762243,원본 내부노드만(이탈상한 초과 등),36.629833,127.451406
1178,147.2,-3.838,1.27,442708398,4403762242,고정노드(공유/끝점) 근처,36.629921,127.451482
1179,45.68,-1.806,2.19,442708400,4403762250;4403762247;4403762248,고정노드(공유/끝점) 근처,36.629128,127.452961
1184,60.45,-0.011,6.08,442708403,4403762260,원본 내부노드만(이탈상한 초과 등),36.628460,127.451576
1190,14.71,0.27,8.42,442709221,4403766741;4658273118;4403766742,고정노드(공유/끝점) 근처,36.627068,127.457712
1190,21.44,-2.984,1.54,442709221,4403766741;4658273118,고정노드(공유/끝점) 근처,36.627123,127.457763
1193,1.25,0.12,6.99,442760318,9000000000073;9000000000074;9000000000075;9000000000076;9000000000077;9000000000078;9000000000079;9000000000080,호(신규노드) 근처,36.628259,127.452490
1195,6.23,0.028,6.33,446440340,4397580806,고정노드(공유/끝점) 근처,36.624476,127.457701
1211,15.93,-0.058,5.81,471400834,4655490787,원본 내부노드만(이탈상한 초과 등),36.625213,127.459149
1215,19.71,0.07,6.62,472252990,9000000000131;4784199631;4784199632,호(신규노드) 근처,36.626829,127.451807
1225,17.22,0.066,6.59,442065828,3958352333;4748297925;4397577796,고정노드(공유/끝점) 근처,36.623456,127.455312
1261,10.73,-0.032,5.96,442065042,4397573137,원본 내부노드만(이탈상한 초과 등),36.625447,127.455698
1265,69.12,-3.496,1.37,442065044,4397573149;4397573145,고정노드(공유/끝점) 근처,36.625919,127.455475
1286,5.67,0.173,7.44,442595034,4402717716;4403782535;4402717734,고정노드(공유/끝점) 근처,36.631238,127.457363
1286,9.36,-3.876,1.26,442595034,4402717716;4403782535;4402717734;4437127631,고정노드(공유/끝점) 근처,36.631249,127.457403
1287,78.19,-2.532,1.74,442595030,4402717721;4402717722,원본 내부노드만(이탈상한 초과 등),36.631308,127.456563
1288,1.25,-1.561,2.4,442595031,4402717726;4402717727,고정노드(공유/끝점) 근처,36.630165,127.456509
1288,38.89,-3.386,1.4,442595031,4402717728,원본 내부노드만(이탈상한 초과 등),36.629979,127.456854
1294,40.48,-0.699,3.62,442595037,,원본 내부노드만(이탈상한 초과 등),36.630473,127.459835
1294,53.73,-0.4,4.39,442595037,4402717754,고정노드(공유/끝점) 근처,36.630378,127.459918
1294,147.44,0.151,7.24,442361829,4400580305;4400580301,고정노드(공유/끝점) 근처,36.629561,127.459675
1297,19.4,-0.006,6.11,442595041,4402717764,고정노드(공유/끝점) 근처,36.630800,127.459331
1298,12.99,0.036,6.38,442595852,4402724091,원본 내부노드만(이탈상한 초과 등),36.627735,127.454414
1298,22.74,0.143,7.17,442595852,4402724091,원본 내부노드만(이탈상한 초과 등),36.627801,127.454481
1298,50.72,-0.528,4.03,442595852,4402724093,원본 내부노드만(이탈상한 초과 등),36.627953,127.454650
1298,61.47,-0.011,6.08,442595852,4402724093,원본 내부노드만(이탈상한 초과 등),36.628041,127.454697
1306,97.47,-0.803,3.41,442708398,4403762233;4403762241,고정노드(공유/끝점) 근처,36.629676,127.451952
1306,223.17,-0.083,5.68,442708398,4403762246,고정노드(공유/끝점) 근처,36.629501,127.451971
1306,253.91,-0.099,5.59,442708398,4403762244,원본 내부노드만(이탈상한 초과 등),36.629280,127.451781
1308,99.88,-1.887,2.13,442708400,4403762247;4403762248,원본 내부노드만(이탈상한 초과 등),36.629143,127.453020
1317,1.5,0.167,7.38,442709216,9000000000148;9000000000149;9000000000150;9000000000151;9000000000152;9000000000153,호(신규노드) 근처,36.623982,127.458557
1319,18.95,0.222,7.91,442709221,4403766739,고정노드(공유/끝점) 근처,36.626974,127.458242
1319,73.32,-2.505,1.75,442709221,4658273118;4403766742,고정노드(공유/끝점) 근처,36.627066,127.457710
1320,27.47,-0.11,5.54,442709224,4403766752,고정노드(공유/끝점) 근처,36.626613,127.458797
1333,225.19,-0.245,4.94,452870648,4496854274;4496854275,원본 내부노드만(이탈상한 초과 등),36.624684,127.462521
1333,247.18,0.178,7.48,471667598,4727599757;4727599758,고정노드(공유/끝점) 근처,36.624832,127.462487
1336,20.75,-0.978,3.11,468616619,4727599751;4631209791,고정노드(공유/끝점) 근처,36.626383,127.459583
1338,80.16,0.043,6.43,471400786,4655490521,원본 내부노드만(이탈상한 초과 등),36.624178,127.455206
1346,23.19,-0.107,5.56,472252990,4664706417,원본 내부노드만(이탈상한 초과 등),36.627232,127.451872
1346,72.81,-0.979,3.11,472252990,4784199631;4784199632,원본 내부노드만(이탈상한 초과 등),36.626809,127.451825
1348,232.65,0.202,7.71,473926894,4679578592,원본 내부노드만(이탈상한 초과 등),36.624214,127.459363
1361,53.67,0.268,8.41,481950067,3958352364;4403766743,고정노드(공유/끝점) 근처,36.627066,127.457403
1372,63.19,-4.78,1.06,774924319,4727599737;3957495729,고정노드(공유/끝점) 근처,36.628603,127.458644
