old_id,new_id,match_cost_m,old_length,new_length,kind
1120,1120,0.021,153.246,152.977,plain
1121,1121,0.017,2.522,2.522,plain
1122,1122,0.015,100.525,100.804,plain
1123,1123,0.013,52.572,52.962,plain
1124,1124,0.013,10.464,10.464,plain
1125,1125,0.014,58.933,58.933,plain
1126,1126,0.016,60.039,60.039,plain
1127,1127,0.017,20.311,20.311,plain
1128,1128,0.023,32.178,32.178,plain
1129,1129,0.020,63.074,63.074,plain
1130,1130,0.018,81.117,81.117,plain
1131,1131,0.016,143.237,143.237,plain
1132,1132,0.017,89.095,88.103,plain
1133,1133,0.020,20.142,20.142,plain
1134,1134,0.021,73.895,73.895,plain
1135,1135,0.023,12.989,12.989,plain
1136,1136,0.022,57.852,57.852,plain
1137,1137,0.022,3.058,3.058,plain
1138,1138,0.020,82.596,82.596,plain
1139,1139,0.021,86.733,86.733,plain
1140,1140,0.023,41.827,41.827,plain
1141,1141,0.024,31.696,31.696,plain
1142,1142,0.024,0.200,0.200,plain
1143,1143,0.024,81.444,81.444,plain
1144,1144,0.023,63.589,63.589,plain
1145,1145,0.024,140.782,140.782,plain
1146,1146,0.024,110.553,110.553,plain
1147,1147,0.026,86.190,86.190,plain
1148,1148,0.026,2.248,2.248,plain
1149,1149,0.024,59.770,59.770,plain
1150,1150,0.026,43.894,43.894,plain
1151,1151,0.023,138.045,138.045,plain
1152,1152,0.030,160.586,160.586,plain
1153,1153,0.029,82.727,82.727,plain
1154,1154,0.023,152.054,152.054,plain
1155,1155,0.023,6.743,6.743,plain
1156,1156,0.024,31.814,31.814,plain
1157,1157,0.026,73.489,73.489,plain
1158,1158,0.026,194.605,194.605,plain
1159,1159,0.024,61.831,61.831,plain
1160,1160,0.027,15.029,15.029,plain
1161,1161,0.928,47.779,46.860,plain
1162,1162,0.026,41.806,41.807,plain
1163,1163,0.025,58.032,58.032,plain
1164,1164,0.029,119.984,119.984,plain
1165,1165,0.031,14.362,14.362,plain
1166,1166,0.031,33.344,33.829,plain
1167,1167,0.031,12.291,12.291,plain
1168,1168,0.031,37.812,37.812,plain
1169,1169,0.018,162.159,162.159,plain
1170,1170,0.022,124.685,124.685,plain
1171,1171,0.023,14.580,14.580,plain
1172,1172,0.019,119.057,119.057,plain
1173,1173,0.021,109.904,109.904,plain
1174,1174,0.016,17.260,17.260,plain
1175,1175,0.016,73.389,73.389,plain
1176,1176,0.016,137.836,137.836,plain
1177,1177,0.015,108.055,108.010,plain
1178,1178,0.013,294.895,294.895,plain
1179,1179,0.014,140.039,140.039,plain
1180,1180,0.318,45.184,44.728,plain
1181,1181,0.256,0.200,0.200,plain
1182,1182,0.010,73.465,73.465,plain
1183,1183,0.009,0.200,0.200,plain
1184,1184,0.010,75.939,75.939,plain
1185,1185,0.076,52.242,52.056,plain
1186,1186,0.010,82.993,82.993,plain
1187,1187,0.028,70.587,70.587,plain
1188,1188,0.874,61.155,62.557,plain
1189,1189,0.027,0.200,0.200,plain
1190,1190,0.026,87.521,87.521,plain
1191,1191,0.028,84.395,84.395,plain
1192,1192,0.034,200.434,199.366,plain
1193,1193,0.596,41.998,42.852,plain
1194,1194,0.020,77.863,77.863,plain
1195,1195,0.026,53.815,53.815,plain
1196,1196,0.030,13.380,13.380,plain
1197,1197,0.027,111.182,111.182,plain
1198,1198,0.029,97.995,97.995,plain
1199,1199,0.471,74.965,75.414,plain
1200,1200,0.015,51.610,51.610,plain
1201,1201,0.013,45.939,45.939,plain
1202,1202,0.013,105.742,105.742,plain
1203,1203,0.015,82.692,82.692,plain
1204,1204,0.015,136.326,136.326,plain
1205,1205,0.023,183.580,183.580,plain
1206,1206,0.026,52.239,52.239,plain
1207,1207,0.030,49.494,49.494,plain
1208,1208,0.031,16.112,16.112,plain
1209,1209,0.020,128.600,128.600,plain
1210,1210,0.016,51.089,50.826,plain
1211,1211,0.029,58.004,58.004,plain
1212,1212,0.027,34.677,34.677,plain
1213,1213,0.026,5.011,5.011,plain
1214,1214,0.007,91.932,91.932,plain
1215,1215,0.009,90.138,89.823,plain
1216,1216,0.031,0.200,0.200,plain
1217,1217,0.353,298.027,298.867,plain
1218,1218,0.027,24.695,24.695,plain
1219,1219,0.026,52.450,52.450,plain
1220,1220,0.033,137.977,137.977,plain
1221,1221,0.030,28.032,28.032,plain
1222,1222,0.029,39.200,39.200,plain
1223,1223,0.028,19.184,19.184,plain
1224,1224,0.020,56.074,56.074,plain
1225,1225,0.024,140.782,140.782,plain
1226,1226,0.022,7.342,7.342,plain
1227,1227,0.024,3.197,3.197,plain
1228,1228,0.024,0.200,0.200,plain
1229,1229,0.024,11.332,11.332,plain
1230,1230,0.024,54.917,54.917,plain
1231,1231,0.025,37.813,37.813,plain
1232,1232,0.025,0.200,0.200,plain
1233,1233,0.022,106.149,106.149,plain
1234,1234,0.023,34.404,34.404,plain
1235,1235,0.023,23.052,23.052,plain
1236,1236,0.024,41.852,41.852,plain
1237,1237,0.023,130.520,130.520,plain
1238,1238,0.021,34.355,34.355,plain
1239,1239,0.020,50.631,50.631,plain
1240,1240,0.018,149.497,149.497,plain
1241,1241,0.021,60.050,60.050,plain
1242,1242,0.022,81.698,81.698,plain
1243,1243,0.023,4.032,4.032,plain
1244,1244,0.023,15.065,15.065,plain
1245,1245,0.024,37.747,37.747,plain
1246,1246,0.027,40.630,40.914,plain
1247,1247,0.021,153.246,152.977,plain
1248,1248,0.017,2.522,2.522,plain
1249,1249,0.015,100.525,100.804,plain
1250,1250,0.013,52.572,52.962,plain
1251,1251,0.013,10.464,10.464,plain
1252,1252,0.014,58.933,58.933,plain
1253,1253,0.016,60.039,60.039,plain
1254,1254,0.017,20.311,20.311,plain
1255,1255,0.023,32.178,32.178,plain
1256,1256,0.020,63.074,63.074,plain
1257,1257,0.018,81.117,81.117,plain
1258,1258,0.016,143.237,143.237,plain
1259,1259,0.017,89.095,88.103,plain
1260,1260,0.020,20.142,20.142,plain
1261,1261,0.021,73.895,73.895,plain
1262,1262,0.023,12.989,12.989,plain
1263,1263,0.022,37.738,37.738,plain
1264,1264,0.022,3.058,3.058,plain
1265,1265,0.020,82.596,82.596,plain
1266,1266,0.021,86.733,86.733,plain
1267,1267,0.023,41.827,41.827,plain
1268,1268,0.024,31.696,31.696,plain
1269,1269,0.024,0.200,0.200,plain
1270,1270,0.024,81.444,81.444,plain
1271,1271,0.023,63.589,63.589,plain
1272,1272,0.024,110.553,110.553,plain
1273,1273,0.026,86.190,86.190,plain
1274,1274,0.026,2.248,2.248,plain
1275,1275,0.024,59.770,59.770,plain
1276,1276,0.026,53.815,53.815,plain
1277,1277,0.026,43.894,43.894,plain
1278,1278,0.023,138.045,138.045,plain
1279,1279,0.030,160.586,160.586,plain
1280,1280,0.029,82.727,82.727,plain
1281,1281,0.031,157.690,157.690,plain
1282,1282,0.023,152.054,152.054,plain
1283,1283,0.023,6.743,6.743,plain
1284,1284,0.024,31.814,31.814,plain
1285,1285,0.026,73.489,73.489,plain
1286,1286,0.027,15.029,15.029,plain
1287,1287,0.026,194.605,194.605,plain
1288,1288,0.024,61.831,61.831,plain
1289,1289,1.423,48.607,47.129,plain
1290,1290,0.026,41.806,41.807,plain
1291,1291,0.025,58.032,58.032,plain
1292,1292,0.029,119.984,119.984,plain
1293,1293,0.031,14.362,14.362,plain
1294,1294,0.031,157.690,157.690,plain
1295,1295,0.031,33.331,33.829,plain
1296,1296,0.031,12.291,12.291,plain
1297,1297,0.031,37.812,37.812,plain
1298,1298,0.018,162.159,162.159,plain
1299,1299,0.022,124.685,124.685,plain
1300,1300,0.023,14.580,14.580,plain
1301,1301,0.019,119.057,119.057,plain
1302,1302,0.021,109.904,109.904,plain
1303,1303,0.016,17.260,17.260,plain
1304,1304,0.016,73.389,73.389,plain
1305,1305,0.016,137.836,137.836,plain
1306,1306,0.013,294.895,294.895,plain
1307,1307,0.015,108.055,108.010,plain
1308,1308,0.014,139.827,139.827,plain
1309,1309,0.415,44.517,44.728,plain
1310,1310,0.256,0.200,0.200,plain
1311,1311,0.010,73.465,73.465,plain
1312,1312,0.009,0.200,0.200,plain
1313,1313,0.010,75.939,75.939,plain
1314,1314,0.076,52.242,52.056,plain
1315,1315,0.010,82.993,82.993,plain
1316,1316,0.028,70.587,70.587,plain
1317,1317,0.831,64.241,62.557,plain
1318,1318,0.027,0.200,0.200,plain
1319,1319,0.026,87.290,87.290,plain
1320,1320,0.028,84.395,84.395,plain
1321,1321,0.034,200.434,199.366,plain
1322,1322,0.295,41.998,42.547,plain
1323,1323,0.020,77.863,77.863,plain
1324,1324,0.027,111.182,111.182,plain
1325,1325,0.029,97.995,97.995,plain
1326,1326,0.030,13.380,13.380,plain
1327,1327,0.471,74.965,75.414,plain
1328,1328,0.015,51.610,51.610,plain
1329,1329,0.013,45.939,45.939,plain
1330,1330,0.013,105.742,105.742,plain
1331,1331,0.015,82.692,82.692,plain
1332,1332,0.015,136.326,136.326,plain
1333,1333,0.038,485.635,484.369,plain
1334,1334,0.023,183.580,183.580,plain
1335,1335,0.026,52.239,52.239,plain
1336,1336,0.030,49.494,49.494,plain
1337,1337,0.031,16.112,16.112,plain
1338,1338,0.020,128.600,128.600,plain
1339,1339,0.016,51.089,50.825,plain
1340,1340,0.029,58.004,58.004,plain
1341,1341,0.027,34.677,34.677,plain
1342,1342,0.026,5.011,5.011,plain
1343,1343,0.013,5.587,5.587,plain
1344,1344,0.012,59.858,59.858,plain
1345,1345,0.007,91.932,91.932,plain
1346,1346,0.009,90.086,89.771,plain
1347,1347,0.031,0.200,0.200,plain
1348,1348,0.353,298.027,298.867,plain
1349,1349,0.033,137.977,137.977,plain
1350,1350,0.027,24.695,24.695,plain
1351,1351,0.026,52.450,52.450,plain
1352,1352,0.030,28.032,28.032,plain
1353,1353,0.029,39.200,39.200,plain
1354,1354,0.028,19.184,19.184,plain
1355,1355,0.020,56.074,56.074,plain
1356,1356,0.020,37.054,37.054,plain
1357,1357,0.022,7.342,7.342,plain
1358,1358,0.024,3.197,3.197,plain
1359,1359,0.024,0.200,0.200,plain
1360,1360,0.024,11.332,11.332,plain
1361,1361,0.024,54.917,54.917,plain
1362,1362,0.025,37.813,37.813,plain
1363,1363,0.025,0.200,0.200,plain
1364,1364,0.022,106.149,106.149,plain
1365,1365,0.023,34.404,34.404,plain
1366,1366,0.023,23.052,23.052,plain
1367,1367,0.024,41.852,41.852,plain
1368,1368,0.023,130.520,130.520,plain
1369,1369,0.021,34.355,34.355,plain
1370,1370,0.020,50.631,50.631,plain
1371,1371,0.018,149.497,149.497,plain
1372,1372,0.027,221.056,221.056,plain
1373,1373,0.021,60.050,60.050,plain
1374,1374,0.022,81.698,81.698,plain
1375,1375,0.023,4.032,4.032,plain
1376,1376,0.023,15.065,15.065,plain
1377,1377,0.024,37.747,37.747,plain
1378,1378,0.027,221.056,221.056,plain
1379,1379,0.027,40.630,40.915,plain
1380,1380,0.022,9.892,9.892,connector
1381,1381,0.024,14.826,14.826,connector
1382,1382,0.024,16.845,16.845,connector
1383,1383,0.024,11.100,11.100,connector
1384,1384,0.024,11.100,11.100,connector
1385,1385,0.024,14.044,14.044,connector
1386,1386,0.024,11.227,11.227,connector
1387,1387,0.024,11.227,11.227,connector
1388,1388,0.024,16.845,16.845,connector
1389,1389,0.024,13.267,13.267,connector
1390,1390,0.024,13.267,13.267,connector
1391,1391,0.024,14.044,14.044,connector
1392,1392,0.024,14.826,14.826,connector
1393,1393,0.024,13.571,13.571,connector
1394,1394,0.024,14.679,14.679,connector
1395,1395,0.024,14.679,14.679,connector
1396,1396,0.024,16.475,16.475,connector
1397,1397,0.024,16.475,16.475,connector
1398,1398,0.024,13.571,13.571,connector
1399,1399,0.025,8.638,8.638,connector
1400,1400,0.025,9.814,9.814,connector
1401,1401,0.025,8.380,8.380,connector
1402,1402,0.025,8.380,8.380,connector
1403,1403,0.025,15.616,15.616,connector
1404,1404,0.025,12.638,12.638,connector
1405,1405,0.025,9.892,9.892,connector
1406,1406,0.025,12.638,12.638,connector
1407,1407,0.025,9.814,9.814,connector
1408,1408,0.025,12.687,12.687,connector
1409,1409,0.025,12.687,12.687,connector
1410,1410,0.025,15.616,15.616,connector
1411,1411,0.025,8.638,8.638,connector
1412,1412,0.025,9.892,9.892,connector
1413,1413,0.025,15.979,15.979,connector
1414,1414,0.025,8.728,8.728,connector
1415,1415,0.025,9.892,9.892,connector
1416,1416,0.025,8.728,8.728,connector
1417,1417,0.025,9.226,9.226,connector
1418,1418,0.025,9.226,9.226,connector
1419,1419,0.025,15.979,15.979,connector
1420,1420,0.025,9.892,9.892,connector
1421,1421,0.020,17.435,17.435,connector
1422,1422,0.020,19.098,19.098,connector
1423,1423,0.020,19.098,19.098,connector
1424,1424,0.020,17.945,17.945,connector
1425,1425,0.020,17.945,17.945,connector
1426,1426,0.020,17.435,17.435,connector
1427,1427,0.017,15.935,15.935,connector
1428,1428,0.017,14.241,14.241,connector
1429,1429,0.017,9.892,9.892,connector
1430,1430,0.017,14.241,14.241,connector
1431,1431,0.017,14.993,14.993,connector
1432,1432,0.017,9.892,9.892,connector
1433,1433,0.017,14.993,14.993,connector
1434,1434,0.017,15.935,15.935,connector
1435,1435,0.021,12.619,12.619,connector
1436,1436,0.021,16.956,16.956,connector
1437,1437,0.021,13.584,13.584,connector
1438,1438,0.021,9.892,9.892,connector
1439,1439,0.021,13.584,13.584,connector
1440,1440,0.021,16.296,16.296,connector
1441,1441,0.021,13.789,13.789,connector
1442,1442,0.021,13.789,13.789,connector
1443,1443,0.021,16.956,16.956,connector
1444,1444,0.020,13.905,13.905,connector
1445,1445,0.020,9.892,9.892,connector
1446,1446,0.020,13.905,13.905,connector
1447,1447,0.021,16.296,16.296,connector
1448,1448,0.021,12.619,12.619,connector
1449,1449,0.021,9.892,9.892,connector
1450,1450,0.016,29.056,29.056,connector
1451,1451,0.016,31.100,31.100,connector
1452,1452,0.016,19.341,19.341,connector
1453,1453,0.017,9.892,9.892,connector
1454,1454,0.016,19.341,19.341,connector
1455,1455,0.016,23.659,23.659,connector
1456,1456,0.016,22.590,22.590,connector
1457,1457,0.016,22.590,22.590,connector
1458,1458,0.016,31.100,31.100,connector
1459,1459,0.016,14.784,14.784,connector
1460,1460,0.016,9.892,9.892,connector
1461,1461,0.016,14.784,14.784,connector
1462,1462,0.016,23.659,23.659,connector
1463,1463,0.016,29.056,29.056,connector
1464,1464,0.020,12.355,12.355,connector
1465,1465,0.020,15.049,15.049,connector
1466,1466,0.020,15.049,15.049,connector
1467,1467,0.020,12.435,12.435,connector
1468,1468,0.021,9.892,9.892,connector
1469,1469,0.020,12.435,12.435,connector
1470,1470,0.020,12.355,12.355,connector
1471,1471,0.022,12.600,12.600,connector
1472,1472,0.022,15.298,15.298,connector
1473,1473,0.022,15.298,15.298,connector
1474,1474,0.022,12.771,12.771,connector
1475,1475,0.022,12.771,12.771,connector
1476,1476,0.022,12.600,12.600,connector
1477,1477,0.022,9.892,9.892,connector
1478,1478,0.022,22.512,22.512,connector
1479,1479,0.022,21.331,21.331,connector
1480,1480,0.022,20.758,20.758,connector
1481,1481,0.021,7.878,7.878,connector
1482,1482,0.021,12.480,12.480,connector
1483,1483,0.021,9.892,9.892,connector
1484,1484,0.021,12.480,12.480,connector
1485,1485,0.022,7.717,7.717,connector
1486,1486,0.019,15.303,15.303,connector
1487,1487,0.019,12.595,12.595,connector
1488,1488,0.019,9.892,9.892,connector
1489,1489,0.019,12.595,12.595,connector
1490,1490,0.019,12.505,12.505,connector
1491,1491,0.019,9.892,9.892,connector
1492,1492,0.019,12.505,12.505,connector
1493,1493,0.019,15.303,15.303,connector
1494,1494,0.019,9.892,9.892,connector
1495,1495,0.022,16.053,16.053,connector
1496,1496,0.022,17.149,17.149,connector
1497,1497,0.022,17.149,17.149,connector
1498,1498,0.022,16.963,16.963,connector
1499,1499,0.022,9.892,9.892,connector
1500,1500,0.022,16.963,16.963,connector
1501,1501,0.022,16.053,16.053,connector
1502,1502,0.022,9.892,9.892,connector
1503,1503,0.024,15.557,15.557,connector
1504,1504,0.024,15.429,15.429,connector
1505,1505,0.024,15.429,15.429,connector
1506,1506,0.024,12.981,12.981,connector
1507,1507,0.024,9.892,9.892,connector
1508,1508,0.024,12.981,12.981,connector
1509,1509,0.024,15.557,15.557,connector
1510,1510,0.024,12.905,12.905,connector
1511,1511,0.024,14.625,14.625,connector
1512,1512,0.024,14.625,14.625,connector
1513,1513,0.024,13.679,13.679,connector
1514,1514,0.024,13.679,13.679,connector
1515,1515,0.024,12.905,12.905,connector
1516,1516,0.024,13.101,13.101,connector
1517,1517,0.024,15.665,15.665,connector
1518,1518,0.024,9.892,9.892,connector
1519,1519,0.024,15.665,15.665,connector
1520,1520,0.024,13.464,13.464,connector
1521,1521,0.024,13.464,13.464,connector
1522,1522,0.024,13.101,13.101,connector
1523,1523,0.026,9.892,9.892,connector
1524,1524,0.022,15.305,15.305,connector
1525,1525,0.022,12.550,12.550,connector
1526,1526,0.022,9.892,9.892,connector
1527,1527,0.022,12.550,12.550,connector
1528,1528,0.022,12.482,12.482,connector
1529,1529,0.022,9.892,9.892,connector
1530,1530,0.022,12.482,12.482,connector
1531,1531,0.022,15.305,15.305,connector
1532,1532,0.026,7.975,7.975,connector
1533,1533,0.026,7.975,7.975,connector
1534,1534,0.026,12.517,12.517,connector
1535,1535,0.026,12.616,12.616,connector
1536,1536,0.026,12.616,12.616,connector
1537,1537,0.026,15.306,15.306,connector
1538,1538,0.026,9.892,9.892,connector
1539,1539,0.026,15.306,15.306,connector
1540,1540,0.026,12.517,12.517,connector
1541,1541,0.025,9.892,9.892,connector
1542,1542,0.023,15.032,15.032,connector
1543,1543,0.023,12.338,12.338,connector
1544,1544,0.023,12.338,12.338,connector
1545,1545,0.023,12.300,12.300,connector
1546,1546,0.023,9.892,9.892,connector
1547,1547,0.023,12.300,12.300,connector
1548,1548,0.023,15.032,15.032,connector
1549,1549,0.025,8.910,8.910,connector
1550,1550,0.025,6.034,6.034,connector
1551,1551,0.025,6.034,6.034,connector
1552,1552,0.025,7.598,7.598,connector
1553,1553,0.025,9.892,9.892,connector
1554,1554,0.025,7.598,7.598,connector
1555,1555,0.025,8.910,8.910,connector
1556,1556,0.025,9.892,9.892,connector
1557,1557,0.022,12.964,12.964,connector
1558,1558,0.022,13.331,13.331,connector
1559,1559,0.022,9.892,9.892,connector
1560,1560,0.022,13.331,13.331,connector
1561,1561,0.022,15.411,15.411,connector
1562,1562,0.022,9.892,9.892,connector
1563,1563,0.022,15.411,15.411,connector
1564,1564,0.022,12.964,12.964,connector
1565,1565,0.025,9.892,9.892,connector
1566,1566,0.029,12.665,12.665,connector
1567,1567,0.029,12.692,12.692,connector
1568,1568,0.029,9.892,9.892,connector
1569,1569,0.029,12.692,12.692,connector
1570,1570,0.029,15.500,15.500,connector
1571,1571,0.029,15.500,15.500,connector
1572,1572,0.029,12.665,12.665,connector
1573,1573,0.028,9.892,9.892,connector
1574,1574,0.032,9.892,9.892,connector
1575,1575,0.028,12.823,12.823,connector
1576,1576,0.028,12.657,12.657,connector
1577,1577,0.028,9.892,9.892,connector
1578,1578,0.028,12.657,12.657,connector
1579,1579,0.028,15.528,15.528,connector
1580,1580,0.028,9.892,9.892,connector
1581,1581,0.028,15.528,15.528,connector
1582,1582,0.028,12.823,12.823,connector
1583,1583,0.029,9.892,9.892,connector
1584,1584,0.031,9.892,9.892,connector
1585,1585,0.025,9.892,9.892,connector
1586,1586,0.023,13.325,13.325,connector
1587,1587,0.023,12.955,12.955,connector
1588,1588,0.023,9.892,9.892,connector
1589,1589,0.023,12.956,12.956,connector
1590,1590,0.023,15.412,15.412,connector
1591,1591,0.023,15.412,15.412,connector
1592,1592,0.023,13.324,13.324,connector
1593,1593,0.023,9.892,9.892,connector
1594,1594,0.027,12.425,12.425,connector
1595,1595,0.027,17.993,17.993,connector
1596,1596,0.027,9.892,9.892,connector
1597,1597,0.027,17.993,17.993,connector
1598,1598,0.027,13.846,13.846,connector
1599,1599,0.027,9.892,9.892,connector
1600,1600,0.027,13.846,13.846,connector
1601,1601,0.027,12.425,12.425,connector
1602,1602,0.027,9.892,9.892,connector
1603,1603,0.025,12.176,12.176,connector
1604,1604,0.024,14.866,14.866,connector
1605,1605,0.025,9.892,9.892,connector
1606,1606,0.024,14.866,14.866,connector
1607,1607,0.024,12.180,12.180,connector
1608,1608,0.024,12.180,12.180,connector
1609,1609,0.025,12.176,12.176,connector
1610,1610,0.024,9.892,9.892,connector
1611,1611,0.023,15.488,15.488,connector
1612,1612,0.024,76.130,76.130,connector
1613,1613,0.024,76.130,76.130,connector
1614,1614,0.023,21.797,21.797,connector
1615,1615,0.024,9.892,9.892,connector
1616,1616,0.023,21.797,21.797,connector
1617,1617,0.023,15.488,15.488,connector
1618,1618,0.023,9.892,9.892,connector
1619,1619,0.024,12.510,12.510,connector
1620,1620,0.024,12.461,12.461,connector
1621,1621,0.024,9.892,9.892,connector
1622,1622,0.024,12.461,12.461,connector
1623,1623,0.024,15.304,15.304,connector
1624,1624,0.024,9.892,9.892,connector
1625,1625,0.024,15.304,15.304,connector
1626,1626,0.024,12.510,12.510,connector
1627,1627,0.026,12.471,12.471,connector
1628,1628,0.026,11.484,11.484,connector
1629,1629,0.026,11.484,11.484,connector
1630,1630,0.026,12.120,12.120,connector
1631,1631,0.026,9.892,9.892,connector
1632,1632,0.026,12.120,12.120,connector
1633,1633,0.026,12.471,12.471,connector
1634,1634,0.024,12.497,12.497,connector
1635,1635,0.025,12.453,12.453,connector
1636,1636,0.025,9.892,9.892,connector
1637,1637,0.025,12.453,12.453,connector
1638,1638,0.024,15.301,15.301,connector
1639,1639,0.025,9.892,9.892,connector
1640,1640,0.024,15.301,15.301,connector
1641,1641,0.024,12.497,12.497,connector
1642,1642,0.024,9.892,9.892,connector
1643,1643,0.031,13.275,13.275,connector
1644,1644,0.031,12.331,12.331,connector
1645,1645,0.031,9.892,9.892,connector
1646,1646,0.031,12.331,12.331,connector
1647,1647,0.031,11.811,11.811,connector
1648,1648,0.031,11.811,11.811,connector
1649,1649,0.031,13.275,13.275,connector
1650,1650,0.030,12.438,12.438,connector
1651,1651,0.030,12.468,12.468,connector
1652,1652,0.030,12.468,12.468,connector
1653,1653,0.030,15.299,15.299,connector
1654,1654,0.030,15.299,15.299,connector
1655,1655,0.030,12.438,12.438,connector
1656,1656,0.030,9.892,9.892,connector
1657,1657,0.031,12.813,12.813,connector
1658,1658,0.031,12.629,12.629,connector
1659,1659,0.031,9.892,9.892,connector
1660,1660,0.031,12.629,12.629,connector
1661,1661,0.031,15.323,15.323,connector
1662,1662,0.031,9.892,9.892,connector
1663,1663,0.031,15.323,15.323,connector
1664,1664,0.031,12.813,12.813,connector
1665,1665,0.029,9.892,9.892,connector
1666,1666,0.021,15.301,15.301,connector
1667,1667,0.021,12.410,12.410,connector
1668,1668,0.022,9.892,9.892,connector
1669,1669,0.021,12.410,12.410,connector
1670,1670,0.021,12.412,12.412,connector
1671,1671,0.021,9.892,9.892,connector
1672,1672,0.021,12.412,12.412,connector
1673,1673,0.021,15.301,15.301,connector
1674,1674,0.022,12.497,12.497,connector
1675,1675,0.022,15.080,15.080,connector
1676,1676,0.022,9.892,9.892,connector
1677,1677,0.022,15.080,15.080,connector
1678,1678,0.022,12.686,12.686,connector
1679,1679,0.022,9.892,9.892,connector
1680,1680,0.022,12.686,12.686,connector
1681,1681,0.022,12.497,12.497,connector
1682,1682,0.022,9.892,9.892,connector
1683,1683,0.023,15.321,15.321,connector
1684,1684,0.023,12.665,12.665,connector
1685,1685,0.023,12.665,12.665,connector
1686,1686,0.023,12.816,12.816,connector
1687,1687,0.023,9.892,9.892,connector
1688,1688,0.023,12.816,12.816,connector
1689,1689,0.023,15.321,15.321,connector
1690,1690,0.019,13.648,13.648,connector
1691,1691,0.019,13.098,13.098,connector
1692,1692,0.019,9.892,9.892,connector
1693,1693,0.019,13.098,13.098,connector
1694,1694,0.019,15.121,15.121,connector
1695,1695,0.019,15.121,15.121,connector
1696,1696,0.019,13.648,13.648,connector
1697,1697,0.019,9.892,9.892,connector
1698,1698,0.016,13.634,13.634,connector
1699,1699,0.016,15.046,15.046,connector
1700,1700,0.016,15.046,15.046,connector
1701,1701,0.016,13.069,13.069,connector
1702,1702,0.016,13.069,13.069,connector
1703,1703,0.016,13.634,13.634,connector
1704,1704,0.016,9.892,9.892,connector
1705,1705,0.015,9.892,9.892,connector
1706,1706,0.016,12.681,12.681,connector
1707,1707,0.016,12.553,12.553,connector
1708,1708,0.016,12.553,12.553,connector
1709,1709,0.016,15.310,15.310,connector
1710,1710,0.016,9.892,9.892,connector
1711,1711,0.016,15.310,15.310,connector
1712,1712,0.016,12.681,12.681,connector
1713,1713,0.016,9.892,9.892,connector
1714,1714,0.013,9.892,9.892,connector
1715,1715,0.015,9.892,9.892,connector
1716,1716,0.016,12.797,12.797,connector
1717,1717,0.016,15.320,15.320,connector
1718,1718,0.016,15.320,15.320,connector
1719,1719,0.015,12.620,12.620,connector
1720,1720,0.015,9.892,9.892,connector
1721,1721,0.015,12.620,12.620,connector
1722,1722,0.016,12.797,12.797,connector
1723,1723,0.016,9.892,9.892,connector
1724,1724,0.011,9.892,9.892,connector
1725,1725,0.015,13.714,13.714,connector
1726,1726,0.015,15.511,15.511,connector
1727,1727,0.015,15.511,15.511,connector
1728,1728,0.015,13.225,13.225,connector
1729,1729,0.015,13.225,13.225,connector
1730,1730,0.015,13.714,13.714,connector
1731,1731,0.015,9.892,9.892,connector
1732,1732,0.013,15.515,15.515,connector
1733,1733,0.013,16.914,16.914,connector
1734,1734,0.013,16.914,16.914,connector
1735,1735,0.013,16.347,16.347,connector
1736,1736,0.013,9.892,9.892,connector
1737,1737,0.013,16.349,16.349,connector
1738,1738,0.013,15.515,15.515,connector
1739,1739,0.013,9.892,9.892,connector
1740,1740,0.479,9.980,10.009,connector
1741,1741,0.537,14.474,13.801,connector
1742,1742,6.591,0.973,9.892,connector
1743,1743,0.439,13.173,13.801,connector
1744,1744,0.198,12.737,12.797,connector
1745,1745,0.198,12.737,12.797,connector
1746,1746,0.381,10.011,10.008,connector
1747,1747,0.141,9.892,9.892,connector
1748,1748,0.010,9.892,9.892,connector
1749,1749,0.133,33.037,32.915,connector
1750,1750,0.133,38.038,37.910,connector
1751,1751,0.718,33.345,40.591,connector
1752,1752,0.416,33.345,27.936,connector
1753,1753,0.294,36.045,35.160,connector
1754,1754,0.294,39.109,38.994,connector
1755,1755,0.595,39.109,38.420,connector
1756,1756,0.133,38.038,37.910,connector
1757,1757,0.011,12.469,12.469,connector
1758,1758,0.011,12.469,12.469,connector
1759,1759,0.595,36.045,36.139,connector
1760,1760,0.133,33.037,32.915,connector
1761,1761,0.011,9.892,9.892,connector
1762,1762,0.011,9.892,9.892,connector
1763,1763,0.009,13.739,13.739,connector
1764,1764,0.009,12.491,12.491,connector
1765,1765,0.009,12.491,12.491,connector
1766,1766,0.009,11.142,11.142,connector
1767,1767,0.009,9.892,9.892,connector
1768,1768,0.009,11.142,11.142,connector
1769,1769,0.009,13.739,13.739,connector
1770,1770,0.011,9.892,9.892,connector
1771,1771,0.013,9.158,9.158,connector
1772,1772,0.013,8.204,8.204,connector
1773,1773,0.013,12.340,12.340,connector
1774,1774,0.013,9.158,9.158,connector
1775,1775,0.006,9.892,9.892,connector
1776,1776,0.030,13.827,13.827,connector
1777,1777,0.030,12.291,12.291,connector
1778,1778,0.030,9.892,9.892,connector
1779,1779,0.030,12.300,12.300,connector
1780,1780,0.030,11.954,11.954,connector
1781,1781,0.030,9.892,9.892,connector
1782,1782,0.030,11.954,11.954,connector
1783,1783,0.030,13.825,13.825,connector
1784,1784,0.027,15.299,15.299,connector
1785,1785,0.027,8.767,8.767,connector
1786,1786,0.027,8.767,8.767,connector
1787,1787,0.027,8.671,8.671,connector
1788,1788,0.027,8.671,8.671,connector
1789,1789,0.027,15.299,15.299,connector
1790,1790,0.027,9.892,9.892,connector
1791,1791,0.024,15.974,15.974,connector
1792,1792,0.024,15.327,15.327,connector
1793,1793,0.024,15.327,15.327,connector
1794,1794,0.024,14.501,14.501,connector
1795,1795,0.024,9.892,9.892,connector
1796,1796,0.024,14.501,14.501,connector
1797,1797,0.024,15.974,15.974,connector
1798,1798,0.024,9.892,9.892,connector
1799,1799,0.027,9.892,9.892,connector
1800,1800,0.029,12.214,12.214,connector
1801,1801,0.029,15.101,15.101,connector
1802,1802,0.030,9.892,9.892,connector
1803,1803,0.029,15.101,15.101,connector
1804,1804,0.029,12.422,12.422,connector
1805,1805,0.029,9.892,9.892,connector
1806,1806,0.029,12.422,12.422,connector
1807,1807,0.029,12.214,12.214,connector
1808,1808,0.029,9.892,9.892,connector
1809,1809,0.031,25.453,25.453,connector
1810,1810,0.031,21.937,21.937,connector
1811,1811,0.031,22.225,22.225,connector
1812,1812,0.031,9.892,9.892,connector
1813,1813,0.031,22.225,22.225,connector
1814,1814,0.031,25.715,25.715,connector
1815,1815,0.031,19.855,19.855,connector
1816,1816,0.031,9.892,9.892,connector
1817,1817,0.031,19.855,19.855,connector
1818,1818,0.031,21.937,21.937,connector
1819,1819,0.031,10.065,10.065,connector
1820,1820,0.031,10.065,10.065,connector
1821,1821,0.031,25.715,25.715,connector
1822,1822,0.031,25.453,25.453,connector
1823,1823,0.031,9.892,9.892,connector
1824,1824,0.036,9.892,9.892,connector
1825,1825,0.013,13.215,13.215,connector
1826,1826,0.013,15.949,15.950,connector
1827,1827,0.013,9.892,9.892,connector
1828,1828,0.013,15.949,15.950,connector
1829,1829,0.013,13.546,13.546,connector
1830,1830,0.013,13.546,13.546,connector
1831,1831,0.013,13.215,13.215,connector
1832,1832,0.470,8.717,8.275,connector
1833,1833,1.866,10.663,11.130,connector
1834,1834,0.913,9.892,9.892,connector
1835,1835,1.371,10.378,11.032,connector
1836,1836,0.928,6.717,7.425,connector
1837,1837,1.424,5.699,7.093,connector
1838,1838,0.470,8.717,8.275,connector
1839,1839,0.027,9.892,9.892,connector
1840,1840,0.030,9.892,9.892,connector
1841,1841,0.013,19.547,19.547,connector
1842,1842,0.013,15.832,15.832,connector
1843,1843,0.013,10.740,10.740,connector
1844,1844,0.015,10.412,10.412,connector
1845,1845,0.015,10.352,10.352,connector
1846,1846,0.015,10.352,10.352,connector
1847,1847,0.015,10.025,10.025,connector
1848,1848,0.015,10.025,10.025,connector
1849,1849,0.015,10.412,10.412,connector
1850,1850,0.014,20.486,20.486,connector
1851,1851,0.014,22.749,22.749,connector
1852,1852,0.014,16.041,16.041,connector
1853,1853,0.014,9.892,9.892,connector
1854,1854,0.014,16.041,16.041,connector
1855,1855,0.014,22.749,22.749,connector
1856,1856,0.014,20.486,20.486,connector
1857,1857,0.014,20.486,20.486,connector
1858,1858,0.014,22.749,22.749,connector
1859,1859,0.014,16.041,16.041,connector
1860,1860,0.014,16.041,16.041,connector
1861,1861,0.014,22.749,22.749,connector
1862,1862,0.014,20.486,20.486,connector
1863,1863,0.020,9.892,9.892,connector
1864,1864,0.027,8.852,8.852,connector
1865,1865,0.027,10.177,10.177,connector
1866,1866,0.027,10.177,10.177,connector
1867,1867,0.027,12.485,12.485,connector
1868,1868,0.027,9.892,9.892,connector
1869,1869,0.027,12.485,12.485,connector
1870,1870,0.027,8.852,8.852,connector
1871,1871,0.027,9.892,9.892,connector
1872,1872,0.030,9.892,9.892,connector
1873,1873,0.022,21.916,21.916,connector
1874,1874,0.022,21.318,21.318,connector
1875,1875,0.022,21.318,21.318,connector
1876,1876,0.022,21.530,21.530,connector
1877,1877,0.022,9.892,9.892,connector
1878,1878,0.022,21.530,21.530,connector
1879,1879,0.022,21.916,21.916,connector
1880,1880,0.028,14.213,14.213,connector
1881,1881,0.028,12.558,12.558,connector
1882,1882,0.028,9.892,9.892,connector
1883,1883,0.028,12.558,12.558,connector
1884,1884,0.028,12.727,12.727,connector
1885,1885,0.028,9.892,9.892,connector
1886,1886,0.028,12.727,12.727,connector
1887,1887,0.028,14.213,14.213,connector
1888,1888,0.028,9.892,9.892,connector
1889,1889,0.030,9.892,9.892,connector
1890,1890,0.028,9.892,9.892,connector
1891,1891,0.027,16.993,16.993,connector
1892,1892,0.027,20.436,20.436,connector
1893,1893,0.027,9.892,9.892,connector
1894,1894,0.027,20.436,20.436,connector
1895,1895,0.027,18.538,18.538,connector
1896,1896,0.027,18.530,18.530,connector
1897,1897,0.027,16.995,16.995,connector
1898,1898,0.035,9.892,9.892,connector
1899,1899,0.009,11.548,11.548,connector
1900,1900,0.009,12.999,12.999,connector
1901,1901,0.009,12.999,12.999,connector
1902,1902,0.009,14.070,14.070,connector
1903,1903,0.009,14.070,14.070,connector
1904,1904,0.009,11.548,11.548,connector
1905,1905,0.008,9.892,9.892,connector
1906,1906,0.352,26.038,25.752,connector
1907,1907,1.155,24.187,24.063,connector
1908,1908,0.675,9.892,9.892,connector
1909,1909,1.197,24.383,24.063,connector
1910,1910,0.874,16.957,15.439,connector
1911,1911,0.831,14.791,15.439,connector
1912,1912,0.352,26.038,25.752,connector
1913,1913,0.029,9.892,9.892,connector
1914,1914,0.020,4.292,4.292,connector
1915,1915,0.020,9.892,9.892,connector
1916,1916,0.020,9.892,9.892,connector
1917,1917,0.020,2.969,2.969,connector
1918,1918,0.031,10.438,10.438,connector
1919,1919,0.031,13.006,13.006,connector
1920,1920,0.031,10.875,10.875,connector
1921,1921,0.031,10.875,10.875,connector
1922,1922,0.031,16.174,16.174,connector
1923,1923,0.031,12.913,12.913,connector
1924,1924,0.031,12.913,12.913,connector
1925,1925,0.031,13.006,13.006,connector
1926,1926,0.031,13.335,13.335,connector
1927,1927,0.031,9.892,9.892,connector
1928,1928,0.031,13.335,13.335,connector
1929,1929,0.031,16.174,16.174,connector
1930,1930,0.031,10.438,10.438,connector
1931,1931,0.031,9.892,9.892,connector
1932,1932,0.023,29.909,29.909,connector
1933,1933,0.023,31.798,31.798,connector
1934,1934,0.024,52.603,52.603,connector
1935,1935,0.024,52.603,52.603,connector
1936,1936,0.023,43.937,43.937,connector
1937,1937,0.024,44.461,44.461,connector
1938,1938,0.024,9.892,9.892,connector
1939,1939,0.024,44.461,44.461,connector
1940,1940,0.023,31.798,31.798,connector
1941,1941,0.023,16.807,16.807,connector
1942,1942,0.023,16.807,16.807,connector
1943,1943,0.023,43.937,43.937,connector
1944,1944,0.023,29.909,29.909,connector
1945,1945,0.022,38.899,38.899,connector
1946,1946,0.022,34.363,34.363,connector
1947,1947,0.022,54.711,54.711,connector
1948,1948,0.022,54.711,54.711,connector
1949,1949,0.022,45.313,45.313,connector
1950,1950,0.022,36.510,36.510,connector
1951,1951,0.022,36.510,36.510,connector
1952,1952,0.022,34.363,34.363,connector
1953,1953,0.021,13.620,13.620,connector
1954,1954,0.021,13.620,13.620,connector
1955,1955,0.022,45.313,45.313,connector
1956,1956,0.022,38.899,38.899,connector
1957,1957,0.021,9.892,9.892,connector
1958,1958,0.026,15.628,15.628,connector
1959,1959,0.027,15.174,15.174,connector
1960,1960,0.027,12.588,12.588,connector
1961,1961,0.027,9.892,9.892,connector
1962,1962,0.027,12.588,12.588,connector
1963,1963,0.027,15.900,15.900,connector
1964,1964,0.027,12.408,12.408,connector
1965,1965,0.027,9.892,9.892,connector
1966,1966,0.027,12.408,12.408,connector
1967,1967,0.027,15.174,15.174,connector
1968,1968,0.026,8.934,8.934,connector
1969,1969,0.026,9.892,9.892,connector
1970,1970,0.026,8.934,8.934,connector
1971,1971,0.027,15.900,15.900,connector
1972,1972,0.026,15.628,15.628,connector
1973,1973,0.027,33.103,33.103,connector
1974,1974,0.027,29.621,29.621,connector
1975,1975,0.027,18.427,18.427,connector
1976,1976,0.027,18.427,18.427,connector
1977,1977,0.027,30.400,30.400,connector
1978,1978,0.027,27.851,27.851,connector
1979,1979,0.027,9.892,9.892,connector
1980,1980,0.027,27.851,27.871,connector
1981,1981,0.027,29.621,29.624,connector
1982,1982,0.027,15.286,15.276,connector
1983,1983,0.027,15.286,15.286,connector
1984,1984,0.027,30.400,30.400,connector
1985,1985,0.027,33.103,33.103,connector
1986,1986,0.017,25.269,25.269,connector
1987,1987,0.017,29.755,29.755,connector
1988,1988,0.017,13.319,13.319,connector
1989,1989,0.017,13.319,13.319,connector
1990,1990,0.017,23.670,23.670,connector
1991,1991,0.016,25.902,25.902,connector
1992,1992,0.016,25.902,25.902,connector
1993,1993,0.017,29.755,29.755,connector
1994,1994,0.016,12.516,12.516,connector
1995,1995,0.016,12.516,12.516,connector
1996,1996,0.017,23.670,23.670,connector
1997,1997,0.017,25.269,25.269,connector
