junction,incoming,connector,planned,length_m,turn_deg,out_road,out_start_dist_m,out_rev_deg,uturn
1,1247,1915,0,9.89,-153.2,1120,3.35,180.0,1
1,1247,1914,1,4.29,2.5,1356,4.32,2.4,0
107,1356,1917,1,2.97,37.9,1355,2.88,6.9,0
42,1355,1449,0,9.89,-153.2,1224,3.35,180.0,1
42,1355,1448,0,12.62,-86.5,1282,13.52,86.7,0
42,1355,1447,0,16.3,0.0,1373,16.4,0.0,0
42,1355,1446,1,13.91,78.6,1172,10.6,78.8,0
10,1172,1429,0,9.89,-153.2,1301,3.35,180.0,1
10,1172,1428,1,14.24,-68.5,1240,15.35,68.6,0
10,1172,1427,0,15.94,1.7,1127,15.99,1.7,0
60,1240,1697,0,9.89,-153.2,1371,3.35,180.0,1
60,1240,1696,0,13.65,-99.9,1302,13.99,100.2,0
60,1240,1695,1,15.12,4.8,1239,15.07,4.8,0
84,1239,1426,1,17.43,-5.5,1238,17.68,5.5,0
84,1239,1425,0,17.94,44.3,1323,15.86,44.2,0
36,1238,1564,1,12.96,-82.2,1278,13.93,82.4,0
36,1238,1563,0,15.41,-0.0,1237,15.51,0.0,0
