t,x,y,road_id,s,speed_mps,min_distance_m,base_min_distance_m,target_road,target_s,target_x,target_y,target_dist_m,steer
240.45,965.858,-284.309,1948,0.085,2.353,4.176,3.0,1391,1.787,970.387,-277.88,7.864,0.2332
240.5,965.935,-284.221,1948,0.2,2.338,4.169,3.0,1391,1.787,970.387,-277.88,7.748,0.3332
240.55,966.007,-284.131,1948,0.312,2.316,4.158,3.0,1391,1.787,970.387,-277.88,7.633,0.3071
240.6,966.075,-284.039,1948,0.423,2.324,4.162,3.0,1391,1.787,970.387,-277.88,7.518,0.2696
240.65,966.142,-283.945,1948,0.534,2.344,4.172,3.0,1391,1.787,970.387,-277.88,7.403,0.2452
240.7,966.211,-283.85,1948,0.647,2.368,4.184,3.0,1391,1.787,970.387,-277.88,7.286,0.2255
240.75,966.279,-283.755,1948,0.76,2.377,4.188,3.0,1391,1.787,970.387,-277.88,7.168,0.2053
240.8,966.347,-283.658,1948,0.873,2.375,4.187,3.0,1391,1.787,970.387,-277.88,7.05,0.1887
240.85,966.415,-283.563,1948,0.986,2.359,4.18,3.0,1391,1.787,970.387,-277.88,6.933,0.1719
240.9,966.483,-283.467,1948,1.098,2.345,4.172,3.0,1391,1.787,970.387,-277.88,6.816,0.1581
240.95,966.55,-283.372,1948,1.21,2.332,4.166,3.0,1391,1.787,970.387,-277.88,6.699,0.1436
241.0,966.617,-283.277,1948,1.321,2.332,4.166,3.0,1391,1.787,970.387,-277.88,6.583,0.1319
241.05,966.684,-283.182,1948,1.433,2.337,4.169,3.0,1391,1.787,970.387,-277.88,6.467,0.1194
241.1,966.751,-283.086,1948,1.545,2.349,4.175,3.0,1391,1.787,970.387,-277.88,6.35,0.1097
241.15,966.819,-282.99,1948,1.658,2.358,4.179,3.0,1391,1.787,970.387,-277.88,6.232,0.099
241.2,966.886,-282.893,1948,1.771,2.363,4.181,3.0,1391,1.787,970.387,-277.88,6.114,0.091
241.25,966.954,-282.797,1948,2.101,2.359,4.179,3.0,1391,1.787,970.387,-277.88,5.996,0.082
241.3,967.022,-282.701,1948,2.217,2.353,4.176,3.0,1391,1.787,970.387,-277.88,5.879,0.0756
241.35,967.089,-282.605,1948,2.332,2.345,4.172,3.0,1391,1.787,970.387,-277.88,5.761,0.068
241.4,967.156,-282.509,1948,2.447,2.341,4.17,3.0,1391,1.787,970.387,-277.88,5.644,0.063
241.45,967.223,-282.413,1948,2.562,2.34,4.17,3.0,1391,1.787,970.387,-277.88,5.528,0.0564
241.5,967.29,-282.317,1948,3.099,2.344,4.172,3.0,1391,1.787,970.387,-277.88,5.411,0.0523
241.55,967.357,-282.221,1948,3.217,2.349,4.175,3.0,1391,1.787,970.387,-277.88,5.293,0.0467
241.6,967.425,-282.124,1948,3.334,2.354,4.177,3.0,1391,1.787,970.387,-277.88,5.176,0.0435
241.65,967.492,-282.028,1948,3.452,2.355,4.177,3.0,1391,1.787,970.387,-277.88,5.058,0.0386
241.7,967.559,-281.932,1948,4.096,2.353,4.177,3.0,1391,1.787,970.387,-277.88,4.94,0.0359
241.75,967.627,-281.835,1948,4.211,2.35,4.175,3.0,1391,1.787,970.387,-277.88,4.823,0.0318
241.8,967.694,-281.739,1948,4.326,2.347,4.173,3.0,1391,1.787,970.387,-277.88,4.705,0.0298
241.85,967.761,-281.643,1948,4.441,2.344,4.172,3.0,1391,1.787,970.387,-277.88,4.588,0.0263
241.9,967.828,-281.547,1948,4.556,2.345,4.172,3.0,1391,1.787,970.387,-277.88,4.471,0.0247
241.95,967.895,-281.451,1948,4.67,2.347,4.173,3.0,1391,1.787,970.387,-277.88,4.354,0.0215
242.0,967.962,-281.354,1948,5.066,2.349,4.175,3.0,1391,1.787,970.387,-277.88,4.237,0.0207
242.05,968.029,-281.258,1948,5.179,2.351,4.176,3.0,1391,5.36,973.284,-275.24,7.989,-0.0793
242.1,968.08,-281.166,1948,5.283,2.369,4.185,3.0,1391,5.36,973.284,-275.24,7.886,-0.1793
242.15,968.154,-281.076,1948,5.392,2.355,4.178,3.0,1391,5.36,973.284,-275.24,7.771,-0.1616
242.2,968.226,-280.988,1948,5.499,2.363,4.181,3.0,1391,5.36,973.284,-275.24,7.656,-0.1353
242.25,968.298,-280.902,1948,5.603,2.367,4.183,3.0,1391,5.36,973.284,-275.24,7.545,-0.1164
242.3,968.376,-280.815,1948,5.71,2.337,4.168,3.0,1391,5.36,973.284,-275.24,7.428,-0.1072
242.35,968.457,-280.726,1948,5.821,2.299,4.15,3.0,1391,5.36,973.284,-275.24,7.307,-0.1017
242.4,968.539,-280.636,1948,6.021,2.278,4.139,3.0,1391,5.36,973.284,-275.24,7.186,-0.0902
242.45,968.618,-280.546,1948,6.131,2.29,4.145,3.0,1391,5.36,973.284,-275.24,7.066,-0.0841
242.5,968.695,-280.456,1948,6.241,2.341,4.17,3.0,1391,5.36,973.284,-275.24,6.947,-0.0772
242.55,968.775,-280.364,1948,6.351,2.399,4.2,3.0,1391,5.36,973.284,-275.24,6.826,-0.0707
242.6,968.855,-280.273,1948,6.463,2.43,4.215,3.0,1391,5.36,973.284,-275.24,6.704,-0.0632
242.65,968.935,-280.181,1948,6.574,2.422,4.211,3.0,1391,5.36,973.284,-275.24,6.582,-0.0582
242.7,969.014,-280.091,1948,6.684,2.382,4.191,3.0,1391,5.36,973.284,-275.24,6.463,-0.0523
242.75,969.091,-280.003,1948,6.791,2.334,4.167,3.0,1391,5.36,973.284,-275.24,6.345,-0.0488
242.8,969.167,-279.916,1391,0.071,2.296,4.148,3.0,1391,5.36,973.284,-275.24,6.23,-0.0436
242.85,969.242,-279.83,1391,0.18,2.285,4.142,3.0,1391,5.36,973.284,-275.24,6.116,-0.0409
242.9,969.318,-279.744,1391,0.289,2.303,4.151,3.0,1391,5.36,973.284,-275.24,6.002,-0.0362
242.95,969.395,-279.657,1391,0.4,2.34,4.17,3.0,1391,5.36,973.284,-275.24,5.885,-0.0338
243.0,969.473,-279.568,1391,0.513,2.377,4.188,3.0,1391,5.36,973.284,-275.24,5.767,-0.0297
243.05,969.552,-279.478,1391,0.627,2.396,4.198,3.0,1391,5.36,973.284,-275.24,5.647,-0.0278
243.1,969.631,-279.388,1391,0.742,2.39,4.195,3.0,1391,5.36,973.284,-275.24,5.528,-0.0243
243.15,969.709,-279.299,1391,0.855,2.367,4.183,3.0,1391,5.36,973.284,-275.24,5.409,-0.0233
243.2,969.787,-279.211,1391,0.967,2.339,4.169,3.0,1391,5.36,973.284,-275.24,5.292,-0.0202
243.25,969.863,-279.124,1391,1.0,2.319,4.159,3.0,1391,5.36,973.284,-275.24,5.176,-0.0194
243.3,969.94,-279.037,1391,1.0,2.315,4.157,3.0,1391,5.36,973.284,-275.24,5.06,-0.0166
243.35,970.017,-278.95,1391,1.0,2.327,4.163,3.0,1391,5.36,973.284,-275.24,4.944,-0.0162
243.4,970.094,-278.862,1391,1.059,2.347,4.173,3.0,1391,5.36,973.284,-275.24,4.827,-0.0137
243.45,970.172,-278.774,1391,1.177,2.365,4.183,3.0,1391,5.36,973.284,-275.24,4.709,-0.0134
243.5,970.25,-278.685,1391,1.295,2.373,4.186,3.0,1391,5.36,973.284,-275.24,4.59,-0.0113
243.55,970.328,-278.596,1391,1.413,2.368,4.184,3.0,1391,5.36,973.284,-275.24,4.472,-0.0112
243.6,970.406,-278.507,1391,1.531,2.356,4.178,3.0,1391,5.36,973.284,-275.24,4.354,-0.0092
243.65,970.484,-278.419,1391,1.648,2.342,4.171,3.0,1391,5.36,973.284,-275.24,4.236,-0.0093
243.7,970.561,-278.331,1391,1.764,2.333,4.167,3.0,1391,8.933,975.985,-273.116,7.524,-0.1093
243.75,970.64,-278.246,1391,1.88,2.328,4.164,3.0,1391,8.933,975.985,-273.116,7.408,-0.1625
243.8,970.722,-278.164,1391,1.995,2.326,4.163,3.0,1391,8.933,975.985,-273.116,7.292,-0.1308
243.85,970.806,-278.083,1391,2.0,2.343,4.171,3.0,1391,8.933,975.985,-273.116,7.176,-0.1156
243.9,970.89,-278.001,1391,2.0,2.358,4.179,3.0,1391,8.933,975.985,-273.116,7.058,-0.1053
243.95,970.975,-277.919,1391,2.125,2.369,4.185,3.0,1391,8.933,975.985,-273.116,6.94,-0.0971
244.0,971.06,-277.837,1391,2.243,2.367,4.184,3.0,1391,8.933,975.985,-273.116,6.822,-0.0877
244.05,971.145,-277.755,1391,2.361,2.359,4.18,3.0,1391,8.933,975.985,-273.116,6.704,-0.0811
244.1,971.23,-277.674,1391,2.478,2.346,4.173,3.0,1391,8.933,975.985,-273.116,6.587,-0.0732
244.15,971.314,-277.593,1391,2.595,2.338,4.169,3.0,1391,8.933,975.985,-273.116,6.47,-0.0679
244.2,971.398,-277.512,1391,2.712,2.335,4.167,3.0,1391,8.933,975.985,-273.116,6.353,-0.0609
244.25,971.482,-277.431,1391,2.828,2.339,4.17,3.0,1391,8.933,975.985,-273.116,6.236,-0.0564
244.3,971.567,-277.35,1391,2.945,2.347,4.173,3.0,1391,8.933,975.985,-273.116,6.119,-0.0503
244.35,971.652,-277.268,1391,3.0,2.355,4.177,3.0,1391,8.933,975.985,-273.116,6.002,-0.0467
244.4,971.737,-277.187,1391,3.066,2.358,4.179,3.0,1391,8.933,975.985,-273.116,5.884,-0.0417
244.45,971.822,-277.105,1391,3.184,2.357,4.179,3.0,1391,8.933,975.985,-273.116,5.766,-0.0387
244.5,971.907,-277.024,1391,3.301,2.352,4.176,3.0,1391,8.933,975.985,-273.116,5.648,-0.0344
244.55,971.991,-276.942,1391,3.419,2.347,4.173,3.0,1391,8.933,975.985,-273.116,5.531,-0.0321
244.6,972.076,-276.861,1391,3.536,2.343,4.171,3.0,1391,8.933,975.985,-273.116,5.414,-0.0284
244.65,972.161,-276.78,1391,3.653,2.342,4.171,3.0,1391,8.933,975.985,-273.116,5.296,-0.0267
244.7,972.245,-276.699,1391,3.77,2.344,4.172,3.0,1391,8.933,975.985,-273.116,5.179,-0.0234
244.75,972.33,-276.618,1391,3.887,2.349,4.174,3.0,1391,8.933,975.985,-273.116,5.062,-0.0222
244.8,972.414,-276.537,1391,4.0,2.352,4.176,3.0,1391,8.933,975.985,-273.116,4.944,-0.0194
244.85,972.499,-276.455,1391,4.051,2.353,4.177,3.0,1391,8.933,975.985,-273.116,4.827,-0.0186
244.9,972.584,-276.374,1391,4.169,2.352,4.176,3.0,1391,8.933,975.985,-273.116,4.709,-0.016
244.95,972.669,-276.292,1391,4.286,2.35,4.175,3.0,1391,8.933,975.985,-273.116,4.592,-0.0155
245.0,972.754,-276.211,1391,4.403,2.347,4.174,3.0,1391,8.933,975.985,-273.116,4.474,-0.013
245.05,972.838,-276.13,1391,4.52,2.346,4.173,3.0,1391,8.933,975.985,-273.116,4.357,-0.0129
245.1,972.923,-276.049,1391,4.636,2.346,4.173,3.0,1391,8.933,975.985,-273.116,4.24,-0.0109
245.15,973.008,-275.968,1391,4.753,2.347,4.173,3.0,1391,12.506,979.087,-270.965,7.873,-0.1109
245.2,973.094,-275.889,1391,4.87,2.343,4.172,3.0,1391,12.506,979.087,-270.965,7.756,-0.1482
245.25,973.183,-275.813,1391,4.987,2.34,4.17,3.0,1391,12.506,979.087,-270.965,7.639,-0.1202
245.3,973.273,-275.738,1391,5.056,2.345,4.172,3.0,1391,12.506,979.087,-270.965,7.522,-0.1055
245.35,973.363,-275.664,1391,5.174,2.353,4.176,3.0,1391,12.506,979.087,-270.965,7.405,-0.0979
245.4,973.454,-275.589,1391,5.291,2.356,4.178,3.0,1391,12.506,979.087,-270.965,7.288,-0.0887
245.45,973.544,-275.514,1391,5.409,2.357,4.179,3.0,1391,12.506,979.087,-270.965,7.17,-0.0819
245.5,973.635,-275.439,1391,5.526,2.353,4.177,3.0,1391,12.506,979.087,-270.965,7.052,-0.0737
245.55,973.726,-275.364,1391,5.644,2.349,4.175,3.0,1391,12.506,979.087,-270.965,6.935,-0.0684
245.6,973.816,-275.29,1391,5.761,2.344,4.172,3.0,1391,12.506,979.087,-270.965,6.818,-0.0616
245.65,973.907,-275.216,1391,5.878,2.343,4.172,3.0,1391,12.506,979.087,-270.965,6.701,-0.0569
245.7,973.997,-275.141,1391,5.995,2.344,4.172,3.0,1391,12.506,979.087,-270.965,6.583,-0.0509
245.75,974.088,-275.067,1391,6.112,2.348,4.174,3.0,1391,12.506,979.087,-270.965,6.466,-0.0474
245.8,974.179,-274.992,1391,6.23,2.35,4.175,3.0,1391,12.506,979.087,-270.965,6.349,-0.042
245.85,974.27,-274.917,1391,6.347,2.353,4.176,3.0,1391,12.506,979.087,-270.965,6.231,-0.0391
245.9,974.361,-274.843,1391,6.465,2.352,4.176,3.0,1391,12.506,979.087,-270.965,6.114,-0.0347
245.95,974.451,-274.768,1391,6.582,2.351,4.175,3.0,1391,12.506,979.087,-270.965,5.996,-0.0326
246.0,974.542,-274.694,1391,6.7,2.348,4.174,3.0,1391,12.506,979.087,-270.965,5.879,-0.0286
246.05,974.633,-274.619,1391,6.817,2.347,4.173,3.0,1391,12.506,979.087,-270.965,5.761,-0.027
246.1,974.723,-274.545,1391,6.934,2.346,4.173,3.0,1391,12.506,979.087,-270.965,5.644,-0.0238
246.15,974.814,-274.47,1391,7.051,2.347,4.173,3.0,1391,12.506,979.087,-270.965,5.527,-0.0225
246.2,974.904,-274.396,1391,7.169,2.348,4.174,3.0,1391,12.506,979.087,-270.965,5.41,-0.0196
246.25,974.995,-274.321,1391,7.286,2.35,4.175,3.0,1391,12.506,979.087,-270.965,5.292,-0.0188
246.3,975.086,-274.247,1391,7.403,2.35,4.175,3.0,1391,12.506,979.087,-270.965,5.175,-0.0162
246.35,975.177,-274.172,1391,7.521,2.35,4.175,3.0,1391,12.506,979.087,-270.965,5.057,-0.0156
246.4,975.267,-274.098,1391,7.638,2.349,4.175,3.0,1391,12.506,979.087,-270.965,4.94,-0.0134
246.45,975.358,-274.023,1391,7.756,2.348,4.174,3.0,1391,12.506,979.087,-270.965,4.823,-0.0131
246.5,975.449,-273.949,1391,7.873,2.347,4.174,3.0,1391,12.506,979.087,-270.965,4.705,-0.0108
246.55,975.54,-273.874,1391,7.99,2.347,4.174,3.0,1391,12.506,979.087,-270.965,4.588,-0.0109
246.6,975.63,-273.8,1391,8.108,2.348,4.174,3.0,1391,12.506,979.087,-270.965,4.47,-0.009
246.65,975.721,-273.726,1391,8.225,2.349,4.174,3.0,1391,12.506,979.087,-270.965,4.353,-0.009
246.7,975.812,-273.651,1391,8.343,2.349,4.175,3.0,1391,12.506,979.087,-270.965,4.235,-0.0073
246.75,975.903,-273.577,1391,8.46,2.35,4.175,3.0,1391,16.08,982.54,-268.939,8.097,-0.1073
246.8,975.995,-273.504,1391,8.577,2.344,4.172,3.0,1391,16.08,982.54,-268.939,7.979,-0.1485
246.85,976.09,-273.436,1391,8.694,2.338,4.169,3.0,1391,16.08,982.54,-268.939,7.863,-0.1204
246.9,976.185,-273.369,1391,8.811,2.342,4.171,3.0,1391,16.08,982.54,-268.939,7.746,-0.1053
246.95,976.281,-273.301,1391,9.079,2.35,4.175,3.0,1391,16.08,982.54,-268.939,7.629,-0.0978
247.0,976.377,-273.234,1391,9.196,2.355,4.178,3.0,1391,16.08,982.54,-268.939,7.511,-0.0885
247.05,976.474,-273.166,1391,9.314,2.358,4.179,3.0,1391,16.08,982.54,-268.939,7.394,-0.0818
247.1,976.57,-273.098,1391,9.432,2.355,4.177,3.0,1391,16.08,982.54,-268.939,7.276,-0.0737
247.15,976.666,-273.031,1391,9.549,2.351,4.175,3.0,1391,16.08,982.54,-268.939,7.158,-0.0683
247.2,976.763,-272.964,1391,9.667,2.345,4.173,3.0,1391,16.08,982.54,-268.939,7.041,-0.0614
247.25,976.859,-272.897,1391,9.784,2.343,4.172,3.0,1391,16.08,982.54,-268.939,6.924,-0.0568
247.3,976.955,-272.83,1391,9.901,2.343,4.172,3.0,1391,16.08,982.54,-268.939,6.807,-0.0508
247.35,977.051,-272.763,1391,10.0,2.346,4.173,3.0,1391,16.08,982.54,-268.939,6.69,-0.0473
247.4,977.147,-272.696,1391,10.0,2.349,4.175,3.0,1391,16.08,982.54,-268.939,6.573,-0.0421
247.45,977.243,-272.628,1391,10.0,2.352,4.176,3.0,1391,16.08,982.54,-268.939,6.455,-0.039
247.5,977.34,-272.561,1391,10.042,2.353,4.176,3.0,1391,16.08,982.54,-268.939,6.337,-0.0346
247.55,977.436,-272.494,1391,10.159,2.352,4.176,3.0,1391,16.08,982.54,-268.939,6.22,-0.0326
247.6,977.533,-272.427,1391,10.277,2.349,4.174,3.0,1391,16.08,982.54,-268.939,6.102,-0.0287
247.65,977.629,-272.36,1391,10.394,2.347,4.174,3.0,1391,16.08,982.54,-268.939,5.985,-0.0269
247.7,977.725,-272.292,1391,10.512,2.346,4.173,3.0,1391,16.08,982.54,-268.939,5.867,-0.0236
247.75,977.821,-272.225,1391,10.629,2.346,4.173,3.0,1391,16.08,982.54,-268.939,5.75,-0.0225
247.8,977.917,-272.158,1391,10.746,2.348,4.174,3.0,1391,16.08,982.54,-268.939,5.633,-0.0196
247.85,978.014,-272.091,1391,10.863,2.349,4.175,3.0,1391,16.08,982.54,-268.939,5.516,-0.0187
247.9,978.11,-272.024,1391,11.085,2.35,4.175,3.0,1391,16.08,982.54,-268.939,5.398,-0.0159
247.95,978.207,-271.957,1391,11.203,2.351,4.175,3.0,1391,16.08,982.54,-268.939,5.28,-0.0155
248.0,978.303,-271.89,1391,11.32,2.35,4.175,3.0,1391,16.08,982.54,-268.939,5.163,-0.0133
248.05,978.399,-271.823,1391,11.438,2.349,4.174,3.0,1391,16.08,982.54,-268.939,5.046,-0.013
248.1,978.495,-271.756,1391,11.555,2.348,4.174,3.0,1391,16.08,982.54,-268.939,4.929,-0.0109
248.15,978.592,-271.688,1391,11.672,2.347,4.174,3.0,1391,16.08,982.54,-268.939,4.811,-0.0108
248.2,978.688,-271.621,1391,11.79,2.348,4.174,3.0,1391,16.08,982.54,-268.939,4.694,-0.0088
248.25,978.784,-271.554,1391,11.907,2.348,4.174,3.0,1391,16.08,982.54,-268.939,4.576,-0.009
248.3,978.881,-271.487,1391,12.024,2.349,4.175,3.0,1391,16.08,982.54,-268.939,4.459,-0.0073
248.35,978.977,-271.42,1391,12.142,2.35,4.175,3.0,1391,16.08,982.54,-268.939,4.342,-0.0075
248.4,979.073,-271.353,1391,12.259,2.349,4.175,3.0,1391,16.08,982.54,-268.939,4.224,-0.006
248.45,979.17,-271.286,1391,12.377,2.349,4.175,3.0,1952,1.387,986.473,-269.026,7.644,-0.106
248.5,979.268,-271.221,1391,12.494,2.343,4.171,3.0,1952,1.387,986.473,-269.026,7.532,-0.206
248.55,979.368,-271.161,1391,12.61,2.331,4.165,3.0,1952,1.387,986.473,-269.026,7.419,-0.306
248.6,979.47,-271.108,1391,12.725,2.314,4.157,3.0,1952,1.387,986.473,-269.026,7.306,-0.406
248.65,979.574,-271.062,1391,12.836,2.305,4.153,3.0,1952,1.387,986.473,-269.026,7.193,-0.506
248.7,979.68,-271.024,1391,12.945,2.298,4.149,3.0,1952,1.387,986.473,-269.026,7.081,-0.4461
248.75,979.787,-270.989,1391,13.053,2.339,4.169,3.0,1952,1.387,986.473,-269.026,6.968,-0.3983
248.8,979.897,-270.954,1391,13.163,2.382,4.191,3.0,1952,1.387,986.473,-269.026,6.852,-0.3641
248.85,980.01,-270.919,1391,13.275,2.41,4.205,3.0,1952,1.387,986.473,-269.026,6.735,-0.3342
248.9,980.123,-270.884,1391,13.387,2.402,4.201,3.0,1952,1.387,986.473,-269.026,6.616,-0.3057
248.95,980.235,-270.85,1391,13.499,2.377,4.189,3.0,1952,1.387,986.473,-269.026,6.499,-0.281
249.0,980.346,-270.816,1391,13.61,2.34,4.17,3.0,1952,1.387,986.473,-269.026,6.383,-0.2571
249.05,980.456,-270.783,1391,13.719,2.317,4.158,3.0,1952,1.387,986.473,-269.026,6.268,-0.2368
249.1,980.566,-270.75,1391,13.827,2.307,4.154,3.0,1952,1.387,986.473,-269.026,6.153,-0.216
249.15,980.676,-270.717,1391,13.936,2.322,4.161,3.0,1952,1.387,986.473,-269.026,6.039,-0.1982
249.2,980.787,-270.684,1391,14.03,2.345,4.172,3.0,1952,1.387,986.473,-269.026,5.922,-0.1797
249.25,980.9,-270.65,1391,14.144,2.369,4.185,3.0,1952,1.387,986.473,-269.026,5.805,-0.1645
249.3,981.013,-270.616,1391,14.259,2.378,4.189,3.0,1952,1.387,986.473,-269.026,5.687,-0.149
249.35,981.127,-270.583,1391,14.373,2.375,4.188,3.0,1952,1.387,986.473,-269.026,5.568,-0.1368
249.4,981.24,-270.549,1391,14.487,2.359,4.179,3.0,1952,1.387,986.473,-269.026,5.45,-0.124
249.45,981.352,-270.516,1391,14.601,2.343,4.171,3.0,1952,1.387,986.473,-269.026,5.333,-0.1142
249.5,981.464,-270.483,1391,14.713,2.346,4.173,3.0,1952,1.387,986.473,-269.026,5.217,-0.1043
249.55,981.572,-270.447,1391,14.825,2.359,4.179,3.0,1952,1.387,986.473,-269.026,5.102,-0.1031
249.6,981.678,-270.411,1391,14.934,2.386,4.193,3.0,1952,1.387,986.473,-269.026,4.991,-0.1014
249.65,981.782,-270.377,1391,15.0,2.418,4.209,3.0,1952,1.387,986.473,-269.026,4.882,-0.0979
249.7,981.884,-270.344,1391,15.127,2.446,4.223,3.0,1952,1.387,986.473,-269.026,4.774,-0.0961
